100,0.0,0.314794259393,0.561986138442,0.829328601198,0.79514828645,1.0,0.379824335139,0.339379763056,0.348256191579,0.351178484216,0.742452667382,0.834513711197,0.59417978924,0.676986073283,0.30680811569,0.289631922691,0.461378412019,0.544239713275,0.374684982191,0.384582739935,0.331336922399,0.480868910478,0.522430348235,0.112776695571,0.39870606572,0.756868155996,0.513066386233,0.431393424199
200,0.0,0.436977206394,0.964695566516,1.0,0.961467756395,0.992155169302,0.52053740542,0.372439959451,0.55702448646,0.544241580117,0.91463210045,0.75846040981,0.734703623895,0.938213558015,0.487863583978,0.377633004574,0.506820973611,0.806020728938,0.561029736604,0.524022072409,0.338488048283,0.7564110267,0.597471517668,0.271946264895,0.530532162173,0.982027609476,0.677082990003,0.870048657145
300,0.0,0.464946319607,0.963982726522,1.0,0.931791335494,0.854970921492,0.531425575701,0.552631891234,0.506088334869,0.532473716851,0.910204720951,0.572198160377,0.67986042884,0.948787576131,0.407221962875,0.369955205607,0.418100871965,0.822050744173,0.467763590495,0.47037274212,0.51237478655,0.61847205176,0.369168819855,0.304707192628,0.505282470637,0.825439429962,0.636765335167,0.679063500545
400,0.0,0.440518464407,1.0,0.952871533104,0.845101576646,0.794081908798,0.481359375274,0.49178111434,0.498433061577,0.51092288551,0.964378168552,0.565670628957,0.597877917917,0.82210391163,0.516620079463,0.351144468495,0.510331083621,0.855994103812,0.423015914269,0.480550547682,0.53236528175,0.517875765357,0.410721813129,0.341041336408,0.407619793144,0.784754480024,0.653902174365,0.712548948394
500,0.0,0.374400807672,1.0,0.826470739356,0.783024640664,0.731604111634,0.517542968043,0.447065381401,0.511675618469,0.440658608346,0.914375238232,0.470996703019,0.531006490287,0.767349495596,0.5047269999,0.335045128945,0.498740788552,0.843687855126,0.400173303132,0.394519512603,0.50025862738,0.47209603503,0.307751768895,0.253112601817,0.323485056446,0.738662934955,0.587551327092,0.670488061274
600,0.0,0.436909607354,1.0,0.779811832304,0.733036602046,0.694918322129,0.491192326336,0.446099239853,0.544523956883,0.45069586062,0.93513964573,0.45285589478,0.524974382871,0.697568400357,0.489454971906,0.373029471526,0.521609427333,0.878985456385,0.369918375056,0.435526659915,0.482471599228,0.48772406463,0.339765741699,0.33115481064,0.369941411308,0.770130049398,0.586238308396,0.673992987424
700,0.0,0.389581932985,1.0,0.716257705206,0.659673496466,0.685049782413,0.433594720691,0.37109489064,0.462672661837,0.371790234725,0.924987309419,0.496373726146,0.557080772446,0.686026677894,0.457095527854,0.354976715346,0.49949506331,0.859559013051,0.320116146064,0.37648652177,0.41007152978,0.40938010075,0.282087443288,0.286663615672,0.261804777699,0.806917925243,0.554438653021,0.665238658647
800,0.0,0.42017814536,1.0,0.728043339325,0.649042669649,0.717827166432,0.481571918126,0.361812739346,0.492896920218,0.417797994348,0.946581803735,0.507577043665,0.647624255424,0.720172882173,0.510965150372,0.378576155393,0.513028971326,0.896861978608,0.25255556289,0.349770655398,0.406715336543,0.410709368413,0.26414153987,0.307231186699,0.297385972063,0.87771762129,0.555604716557,0.620723839973
900,0.0,0.433565613402,1.0,0.674283749588,0.585342144822,0.687230342183,0.469401465337,0.398218179735,0.464426295501,0.400262139296,0.959097654535,0.511593749941,0.627243276448,0.69370273089,0.541123865311,0.399218507498,0.53514168844,0.878111256193,0.307775376052,0.407027944787,0.416496745307,0.421587756506,0.30924733289,0.354699161686,0.307953702482,0.85508197538,0.593475685556,0.628990976683
1000,0.0,0.426643790934,1.0,0.644498015789,0.561874620446,0.672138147696,0.494314572544,0.431431628619,0.460868100986,0.405219266975,0.948795953847,0.516094844444,0.603554230495,0.653191814112,0.529709891601,0.382223764572,0.506263903618,0.847206611687,0.335894696019,0.426705614573,0.456238032096,0.453091777782,0.300373416602,0.349369087842,0.307744895331,0.836784430576,0.561223091236,0.597727660512
1100,0.0,0.446674094205,1.0,0.666779578853,0.588971244095,0.690198956564,0.482686568577,0.454250568657,0.461589631498,0.420841349024,0.937472863179,0.547798777188,0.624380487302,0.677192052385,0.53515173704,0.39054943087,0.479902077632,0.886892678794,0.341763816681,0.41388064855,0.44131237903,0.426143566901,0.326117110599,0.330093315088,0.314235984063,0.831587528925,0.52609024329,0.612171061233
1200,0.0,0.454174395496,1.0,0.64496135494,0.594871067387,0.696985553275,0.481083301753,0.461292425778,0.444664694773,0.426684081966,0.952141717899,0.535125097815,0.594787431008,0.649957337412,0.562905059681,0.433539742561,0.482068486759,0.891825042069,0.350273293646,0.405095541664,0.46247264079,0.428367440042,0.354940652892,0.332636458297,0.324083745464,0.843882110597,0.519102514344,0.571756492274
1300,0.0,0.446807344108,1.0,0.671048499347,0.607673667659,0.740714501077,0.511206764023,0.520358124343,0.48544928683,0.463904106565,0.980898801287,0.574375570997,0.645894442279,0.69769396928,0.617033446264,0.463210650213,0.489276282468,0.907906140992,0.360635159042,0.423680749682,0.529557250966,0.441089800601,0.396949499173,0.374536829452,0.37422239917,0.846341156103,0.55227533998,0.601091381418
1400,0.0,0.431572195015,1.0,0.664430240728,0.624960699786,0.752997130205,0.510832584184,0.529095420518,0.478499956579,0.490428564613,0.975121262653,0.58540252928,0.640192439188,0.692799779733,0.618455031899,0.465810880202,0.505584133462,0.906125265015,0.354027983637,0.438686348762,0.521878231332,0.442179334659,0.387559105954,0.368651992105,0.336613103173,0.849739499462,0.543675996101,0.610571330277
1500,0.0,0.416456485554,1.0,0.632137821194,0.616762567986,0.724938914549,0.486950356633,0.519716825851,0.459160069211,0.476987393053,0.990053605775,0.582814791308,0.632239990465,0.683181410648,0.623229511723,0.46664647838,0.511518644909,0.905020553801,0.33159868436,0.413690032144,0.504168573726,0.403163825613,0.342071590084,0.342395458498,0.311447336168,0.855173904139,0.508991780175,0.566755727409
1600,0.0,0.439010548133,0.982735850521,0.655400297907,0.640252428315,0.731448538691,0.513686189174,0.563729314048,0.476532344131,0.472492690166,1.0,0.58447358963,0.634976802697,0.684785596447,0.621445803236,0.487355067464,0.525225109659,0.888351441774,0.353430962111,0.44054895262,0.538245288665,0.420816287027,0.333629886267,0.317879827454,0.30630676017,0.863958695482,0.531083798272,0.587132464491
1700,0.0,0.448729992259,0.964137010517,0.663683320604,0.647004525226,0.719183104519,0.531259111602,0.562705002981,0.495989496161,0.48267905794,1.0,0.568244702958,0.645362480246,0.679274420807,0.623129974872,0.498353752358,0.541164998017,0.874110022377,0.360075659942,0.462401347854,0.533920417984,0.435377454087,0.35297898746,0.347407027784,0.328356160434,0.857034138186,0.536942058933,0.607923682551
1800,0.0,0.446346804407,0.961179463545,0.659783779768,0.647705874001,0.713688791182,0.513745523008,0.559192826473,0.479882753165,0.484775632909,1.0,0.572129621181,0.64341023923,0.696695350693,0.610881211687,0.488388101019,0.517641197196,0.890722143321,0.333736048424,0.435588445166,0.541273469916,0.41326585087,0.354037189267,0.333275796079,0.316371684845,0.855994630624,0.514443908982,0.599536708474
1900,0.0,0.457245714892,0.97474810423,0.687094117786,0.664476952521,0.733649114844,0.535664209362,0.576287261911,0.512679909283,0.521043042491,1.0,0.598864712817,0.683146379902,0.729413682234,0.640060133924,0.528048384977,0.543202103073,0.912382898446,0.354651840261,0.456735244209,0.571297722128,0.430960888658,0.386691840417,0.362291481582,0.347104560733,0.871690741105,0.53604755843,0.614152652083
2000,0.0,0.452511632731,0.979533130062,0.686627530328,0.657301503644,0.72976406916,0.549939151765,0.58196367993,0.526489838122,0.521364378813,1.0,0.603224502201,0.695972380875,0.737285611011,0.636064018736,0.538231340302,0.549706952312,0.914277190671,0.362052058372,0.456743382536,0.573242965946,0.44122405428,0.411822601296,0.391909130014,0.355541571958,0.875340827397,0.557056096801,0.637537955555
2100,0.0,0.4439878255,0.97419146953,0.694449741472,0.668124809575,0.747783597183,0.539933890508,0.585196448825,0.521273136925,0.516304789972,1.0,0.625952919412,0.708539203736,0.743672013976,0.635338440488,0.522023366105,0.552121400874,0.913607272141,0.360976493952,0.448193992528,0.576315803615,0.430928894961,0.413522307543,0.398316959509,0.368893636002,0.879852139485,0.568579922939,0.652270727569
2200,0.0,0.433102262516,0.963219871736,0.680049564676,0.63928191941,0.7355412707,0.541378687468,0.57457041135,0.520367180782,0.519587065446,1.0,0.607304932117,0.66804221245,0.715284299427,0.610578940858,0.50103697529,0.54146566767,0.905652686642,0.351095561037,0.432855743546,0.557668643203,0.417366971933,0.409123365978,0.385909120993,0.366523435569,0.87538240725,0.558684564795,0.634282759612
2300,0.0,0.436800380371,0.970955782,0.662751485609,0.634748600899,0.717933187668,0.542210234276,0.573873813903,0.51917846632,0.522320424401,1.0,0.61115740573,0.661484338223,0.722654262605,0.624124888351,0.499392844145,0.544773605426,0.909718254766,0.363434902673,0.436182092699,0.555082817574,0.427234889629,0.393515566836,0.371217089361,0.348431277353,0.875649460831,0.552228340263,0.626575197126
2400,0.0,0.438873944965,0.978645158465,0.667361688335,0.640194722225,0.732545024817,0.554423243656,0.577752325824,0.522384382841,0.538507852971,1.0,0.621286305645,0.655722763584,0.73614419178,0.634292006746,0.504584557408,0.562965225926,0.917220867182,0.378221619244,0.42690706932,0.565178098976,0.434148601913,0.40569164041,0.382349323174,0.349066396969,0.884897983754,0.560377200068,0.634113103491
2500,0.0,0.439389941724,0.979204193649,0.663364430447,0.633458202106,0.730325641521,0.542886748654,0.570275304623,0.512045435855,0.533368993878,1.0,0.6108578342,0.659545802556,0.727973774518,0.622127485932,0.503461521837,0.566203053445,0.911197107406,0.368298923497,0.422512187589,0.56372711753,0.420818454907,0.401438991851,0.381628955436,0.351941180816,0.881269701114,0.553827432665,0.617378604321
2600,0.0,0.450430304034,0.988295369881,0.667727102865,0.642779227744,0.736652710209,0.533457898865,0.57428922773,0.517250972177,0.533255030837,1.0,0.628087107097,0.674891858216,0.747098418468,0.62207266628,0.511052139845,0.577049851754,0.921350893524,0.376454098044,0.436994852333,0.562763847242,0.426142353752,0.412405762464,0.388886515698,0.360377719597,0.890282712853,0.562147061341,0.624685974208
2700,0.0,0.454037407137,0.985143801846,0.664769237505,0.650027140963,0.738891063608,0.524009635194,0.564821233694,0.51764866877,0.534934808021,1.0,0.635310166659,0.681485033528,0.745497096369,0.612347354991,0.506448919032,0.566236493939,0.921146088691,0.36295278189,0.426314804356,0.555753883054,0.415103929955,0.404286985661,0.392939469402,0.359829612438,0.89151376781,0.55569327404,0.624150807348
2800,0.0,0.466751842584,1.0,0.675081743454,0.659553790717,0.740732461172,0.534271999081,0.578920149522,0.535830224269,0.540336325026,0.996261108967,0.650648177454,0.67809696482,0.753127979404,0.613529781854,0.524282089293,0.576688749291,0.933900397274,0.378814336111,0.433872821044,0.576449902119,0.425636438622,0.400836190315,0.407285942898,0.348043940343,0.907099637943,0.553097998626,0.633739271418
2900,0.0,0.464308562145,1.0,0.671509090278,0.655785763963,0.731602200798,0.534204768877,0.569767261819,0.540894079422,0.534262315048,0.997481291756,0.649513272836,0.670317077408,0.744210321053,0.6053638067,0.510629348126,0.557690089649,0.932347486112,0.38423728465,0.439425953371,0.563889198137,0.432242907679,0.408779100891,0.392380167972,0.348783345936,0.901865151175,0.560111373021,0.631792654751
3000,0.0,0.458776725903,0.994586499902,0.67920203272,0.649869768485,0.73576805051,0.532797384176,0.578144594495,0.541959868501,0.532738980487,1.0,0.649560283569,0.657559156628,0.732612810381,0.59109066538,0.500803486288,0.560568365229,0.942183373843,0.383506413806,0.434091096509,0.576319060924,0.418744943675,0.406362318212,0.381466683063,0.346472539362,0.895328329565,0.550267391941,0.625815713016
3100,0.0,0.462301209644,0.995873165666,0.678770996044,0.662338728128,0.73181501064,0.548233286676,0.583256663938,0.547627308892,0.535170293633,1.0,0.659566625317,0.656989123263,0.726315234278,0.59404071558,0.511448642236,0.571864225785,0.944805826644,0.392961868713,0.443310346892,0.580601766305,0.432294894978,0.408885336138,0.379777740041,0.353487994973,0.90057939307,0.558689134549,0.628439125131
3200,0.0,0.46342216446,1.0,0.679535055335,0.674269222256,0.740972656114,0.55605509937,0.587873657713,0.558076904422,0.537863851094,0.992492891324,0.657804162644,0.662258113187,0.726378044268,0.592220318176,0.523036018241,0.570334578129,0.950112383971,0.387587483566,0.444855915949,0.579196980662,0.426607269984,0.415732512041,0.387670105715,0.354793422456,0.911347737066,0.554636602266,0.624012411394
3300,0.0,0.459343512936,1.0,0.669897108185,0.674444517022,0.723478126143,0.560514539116,0.587324598456,0.558162011633,0.53377184053,0.997962717507,0.669505126533,0.662947991001,0.725745861207,0.582306480669,0.515224952798,0.560807873714,0.94948804847,0.378890282064,0.445849787177,0.570967376302,0.417551524859,0.407950260389,0.375952486132,0.345146128848,0.911131832842,0.550466722104,0.626194109265
3400,0.0,0.464489588231,0.994446350676,0.667039402546,0.66932589343,0.731216542937,0.5691877412,0.579194743149,0.561312010529,0.543447475978,1.0,0.66749787537,0.664807390119,0.722667831824,0.573363281779,0.507385399524,0.546937120016,0.959247525844,0.385192391371,0.451923869631,0.565311392898,0.427112351237,0.406047411274,0.364919125012,0.334812205229,0.911357827331,0.547963787812,0.615321124897
3500,0.0,0.460146108174,1.0,0.666355824306,0.667735525111,0.720290440138,0.566749878218,0.578354050223,0.559876780803,0.552688766684,0.996603442623,0.667354949995,0.666740766557,0.7180034117,0.557232061839,0.499416356024,0.541114006464,0.96295656253,0.372591138347,0.443886622956,0.561732899763,0.419799142242,0.397769114714,0.368484778317,0.339271827434,0.912391039587,0.535541440203,0.608829891348
3600,0.0,0.462182159591,1.0,0.663916188472,0.674049987978,0.716901416866,0.571592541618,0.581377128833,0.557219178887,0.55522423784,0.997841156753,0.657972263214,0.665127140189,0.710587926647,0.545781215643,0.495934377032,0.537808596251,0.964525924819,0.374923967978,0.438821526884,0.555503991615,0.415293304061,0.392086420517,0.360330805188,0.33404207247,0.917728771533,0.530860666635,0.597818902995
3700,0.0,0.459322407362,1.0,0.651891547821,0.662219810587,0.698500396719,0.562583620256,0.566963019024,0.547866252766,0.545643721599,0.985142428121,0.651058892176,0.663672641314,0.702964397271,0.535289771745,0.491290536769,0.526810329607,0.959342784657,0.37823547031,0.434561112421,0.549465433098,0.405350661283,0.391665639036,0.373233140014,0.336860080556,0.913415433699,0.518198601531,0.589037609101
3800,0.0,0.460666449878,1.0,0.65155449236,0.659042544957,0.688974817474,0.563414111815,0.566630132111,0.550600775033,0.537786291883,0.983288710028,0.643296304836,0.663287390708,0.70190845555,0.530074248079,0.485215238528,0.520879396407,0.949664934389,0.375869271672,0.429804790502,0.55461558144,0.404068200307,0.374807313131,0.355927525716,0.326828668522,0.909602671306,0.513216778686,0.582741516274
3900,0.0,0.46449541297,1.0,0.656678873606,0.66284765377,0.697764068381,0.55489300551,0.567151971508,0.549300688613,0.534653601106,0.987712181424,0.640884240422,0.662765994613,0.704867297716,0.525716699558,0.48192037327,0.522397138047,0.955299414236,0.383736096042,0.435336460655,0.557451544187,0.401305660979,0.384801897162,0.355379649946,0.334765672391,0.91545110617,0.521256225841,0.590831357756
4000,0.0,0.467873316968,1.0,0.665168676611,0.656420484771,0.694829516635,0.552534834908,0.56469564321,0.547595409147,0.538646265179,0.983864106489,0.63655840994,0.660568622074,0.706082046199,0.531261600281,0.4881308846,0.527754849112,0.956129095216,0.383664334773,0.435720820365,0.552104056342,0.394567096663,0.383857062252,0.357931889637,0.339593066193,0.918348332677,0.525634978298,0.595402107301
4100,0.0,0.468290574164,1.0,0.660478248335,0.652366367465,0.685397581081,0.554049570541,0.560774899489,0.550846784983,0.538029431978,0.972191584751,0.632932153679,0.653768630109,0.699222300276,0.519871331664,0.477869047907,0.519253968162,0.952128980459,0.375017058927,0.427673016762,0.538223322732,0.384934136846,0.378365151113,0.349980441697,0.328394671503,0.911284750845,0.520005339652,0.590533569169
4200,0.0,0.468018670405,1.0,0.656667697583,0.646570231659,0.681820208846,0.561686042416,0.55624861634,0.560757867829,0.546947092115,0.976311188152,0.633399327052,0.651139556375,0.697103729815,0.524012970822,0.473941907937,0.519789793822,0.952405570052,0.378451701893,0.432315318402,0.535111239246,0.394064663561,0.377363600849,0.342911108715,0.319375018808,0.913748801621,0.527765616863,0.584971980635
4300,0.0,0.467432587244,1.0,0.664895047013,0.656924057749,0.682625420943,0.559126489399,0.55775144819,0.561012707629,0.545902317561,0.980625319631,0.619856627463,0.648087014376,0.69320452685,0.533751052909,0.483704832582,0.533779629237,0.957417317549,0.385888447574,0.437553044787,0.545072149425,0.400387645036,0.3816250836,0.349424181147,0.324881833412,0.917840223479,0.534454446775,0.586182560333
4400,0.0,0.470580736075,1.0,0.670087848315,0.664437473033,0.687829088343,0.559475182634,0.555457246038,0.564897674248,0.546644118039,0.982079848194,0.632861414367,0.65042755801,0.697974896666,0.534902223037,0.48512874958,0.539515108069,0.96190700877,0.395792830419,0.4472605345,0.541518609356,0.403677280012,0.374938606404,0.35260961699,0.328208522047,0.924514476987,0.542684447089,0.588177173245
4500,0.0,0.466796317028,1.0,0.657320751866,0.653136281626,0.684748415349,0.54859228263,0.550642574303,0.556537098531,0.534968555997,0.974064376928,0.625036504127,0.65106749839,0.691998857849,0.526803191075,0.479128957949,0.529885814558,0.954247167973,0.395797734253,0.445118638377,0.533170599324,0.402060215108,0.360378415561,0.338409713036,0.319534913187,0.918338908997,0.53181483397,0.569671550065
4600,0.0,0.465534502569,1.0,0.665130246958,0.661587143069,0.687011703517,0.545713738637,0.552384898223,0.560451804599,0.538121740838,0.97893942426,0.626621255803,0.65298258059,0.691007005234,0.533000160249,0.483263741579,0.529262195211,0.956411229758,0.39907122166,0.440394048501,0.535766886222,0.400237093587,0.355575315521,0.331826800029,0.315005771666,0.917979425661,0.529328469403,0.571596817577
4700,0.0,0.464274282328,1.0,0.664621626283,0.657682855182,0.685916334846,0.552206057621,0.549255498794,0.563379395817,0.546639705969,0.975054056577,0.628027094704,0.654940788708,0.690105250033,0.531975852828,0.490921499915,0.52881430596,0.956711898674,0.405041644409,0.448215012112,0.534479878617,0.404838053875,0.355616437505,0.332747862225,0.31918846068,0.906085888827,0.530498350597,0.570431100262
4800,0.0,0.466087638429,1.0,0.6697492561,0.661344115961,0.682504081376,0.557599752068,0.554766498278,0.569198944785,0.550335715373,0.976049864311,0.631281942694,0.662415222603,0.698919968682,0.530848751601,0.494511382246,0.532820428198,0.960520374927,0.411845921185,0.45204625778,0.53906050934,0.404015028703,0.359284654839,0.337290293933,0.312484940998,0.901882858376,0.539716521051,0.57819611419
4900,0.0,0.461610322192,1.0,0.67568769543,0.665574832777,0.688359594485,0.557756480078,0.559765818496,0.573717775022,0.552028154279,0.983512874172,0.641251622171,0.671925091009,0.705566637638,0.53908842788,0.498047998624,0.539044569715,0.963130962971,0.414075680559,0.45996349364,0.54395636501,0.406984402308,0.358113271078,0.336357686128,0.313278213967,0.901532316107,0.538635275461,0.574005639538
5000,0.0,0.456098995141,1.0,0.67970411536,0.665979068478,0.683997597648,0.562670792021,0.552729574264,0.574332243282,0.553782931916,0.987269784116,0.632123042027,0.663358783118,0.698323390538,0.537380604604,0.498872422366,0.538460205204,0.967738579264,0.409990895513,0.458345251907,0.539058121126,0.401263427961,0.357355893876,0.342011473947,0.314139498513,0.898701524531,0.539697589073,0.569945044889
5100,0.0,0.459113246582,1.0,0.680856403324,0.665881396923,0.686862812953,0.566645229592,0.553551493981,0.579294401786,0.554807036058,0.991933962458,0.638400277004,0.666770271768,0.699565347161,0.543378810846,0.507818933997,0.550414681559,0.972301748074,0.408061960275,0.452593379023,0.535992927476,0.405351611504,0.35469387234,0.339603755596,0.316646031567,0.901898145523,0.5491263217,0.574510122323
5200,0.0,0.4611979388,1.0,0.683847985224,0.666631401279,0.687218264982,0.574362980176,0.54854741958,0.582992752684,0.559732934095,0.994280468143,0.636104697509,0.663870773968,0.692422929064,0.543956872972,0.507243127366,0.548847064762,0.973908666094,0.413108174149,0.455669204828,0.535721065698,0.413550915273,0.349376720017,0.334320811727,0.315715541594,0.901192464946,0.558642057102,0.582453112873
5300,0.0,0.460440608466,1.0,0.686267159902,0.667249395191,0.689354447225,0.575507442192,0.549234633632,0.586320916528,0.557723633834,0.989332558384,0.631997082956,0.654437159652,0.688704844402,0.539334804707,0.507037803925,0.546258264818,0.975756094722,0.414247506758,0.451374970586,0.528204984099,0.411918813746,0.348221170431,0.334079934195,0.311200270678,0.9021090162,0.551995812203,0.573197834227
5400,0.0,0.460880221228,1.0,0.687492599963,0.667709005177,0.689006708961,0.582635171828,0.555666415652,0.597266894332,0.562162479898,0.987621247846,0.630874197414,0.657086726122,0.682868966839,0.540698445652,0.510494773532,0.549607108199,0.981982446265,0.412834849329,0.448576035866,0.532248776713,0.41582545347,0.349057509076,0.336448157619,0.306024409498,0.900847698407,0.554128198927,0.574487054099
5500,0.0,0.45995674542,1.0,0.686494223507,0.666748299045,0.687404353398,0.584178846625,0.553407127456,0.604514959096,0.559165236492,0.988088392406,0.63451028437,0.658756700886,0.684257709711,0.540210918604,0.512921094058,0.552348758896,0.981280993124,0.418921074358,0.447038194349,0.53661360033,0.415439069283,0.35606479865,0.338129900515,0.315387205979,0.900561757795,0.54391394815,0.56901715342
5600,0.0,0.466268499452,1.0,0.694809224231,0.670843177724,0.692272436833,0.589427107532,0.554012756823,0.61123489144,0.562502376482,0.989715078427,0.638046303677,0.66774176448,0.687186335048,0.546210210748,0.517234431367,0.559647285688,0.984548043758,0.420520370356,0.450791676548,0.534425319985,0.414969573593,0.363767346616,0.341091611579,0.314424700301,0.905560350731,0.547385275643,0.57281284519
5700,0.0,0.461155676795,1.0,0.697106458707,0.67496169713,0.697997197221,0.593666638369,0.557095032653,0.617588416588,0.569159194668,0.986738352415,0.647852093206,0.674078925835,0.693808503254,0.548479989328,0.526769240034,0.564850743484,0.982255908192,0.427917092105,0.458877055324,0.5385021137,0.419270262304,0.372146683479,0.348288458089,0.322333372648,0.907729900441,0.548553603543,0.585581480338
5800,0.0,0.460122999607,1.0,0.69702325927,0.670387093165,0.698318326577,0.596229899242,0.544835102326,0.622859434031,0.568784635054,0.988960116051,0.644556930488,0.666273239981,0.693509866286,0.54398023515,0.522939808228,0.560972609687,0.98293907885,0.429675449177,0.460626271488,0.532361810963,0.418806210828,0.362883931989,0.338666174969,0.30903704736,0.904119336704,0.548265038599,0.583989360413
5900,0.0,0.461765771261,1.0,0.700939993444,0.675164890987,0.698700912446,0.602286002561,0.547258635658,0.629827254799,0.576201358497,0.990698828515,0.64998129168,0.679417560908,0.696573350129,0.550512043092,0.527702325581,0.566907371865,0.980386806163,0.44152675685,0.474024206133,0.541095246106,0.436097621509,0.364091838353,0.342270280691,0.314579990895,0.901988817343,0.552263162798,0.584115703864
6000,0.0,0.463842314323,1.0,0.700002853676,0.674061587126,0.696165540302,0.599948350034,0.545698216333,0.629131485223,0.575699174693,0.988837401549,0.656680900934,0.68419068332,0.695418297036,0.546431681343,0.525700709753,0.561105664358,0.976155670219,0.440771597631,0.472076117064,0.534905640961,0.436099663574,0.368973281905,0.346095262892,0.319413403937,0.898653354148,0.554578195743,0.579321411401
6100,0.0,0.469901073818,1.0,0.703263060563,0.67382521741,0.700502285012,0.603589073687,0.547446668456,0.628949448394,0.571464495793,0.992207609144,0.66429947908,0.687932790689,0.701665666352,0.548014292326,0.528314110482,0.559251378811,0.978248780642,0.438499574291,0.471085876122,0.538518663128,0.432606736849,0.377914711677,0.352410855047,0.325100706978,0.900876334822,0.557468617854,0.584352545663
6200,0.0,0.478260665387,1.0,0.707352401596,0.675404887704,0.698745633385,0.609855660681,0.548522337023,0.63433332131,0.576180031995,0.990912986558,0.667638864748,0.689170728719,0.706187853299,0.546938316036,0.529140795915,0.564363205968,0.980895410745,0.442435605865,0.475738030366,0.534975560115,0.439644421793,0.384049197873,0.354592682092,0.328542990575,0.898223409296,0.560344427174,0.591694953396
6300,0.0,0.47355608853,1.0,0.70513505758,0.671521912752,0.698397560145,0.609252446093,0.549486864608,0.63279318937,0.574472068299,0.992009990475,0.666247356314,0.685658221403,0.706060981647,0.542710651387,0.530033079282,0.560875295928,0.985463751898,0.438020375272,0.469416206218,0.534471500657,0.435009318261,0.384978053017,0.354437525915,0.328407593746,0.900966951089,0.559352764578,0.590281242771
6400,0.0,0.483198300204,1.0,0.703614843044,0.67302992059,0.697733395811,0.609782126174,0.550784108564,0.632744934996,0.570617856806,0.995093522324,0.665501424259,0.686675506827,0.709662272046,0.545816600898,0.526146653654,0.562308185802,0.982080961123,0.442070304858,0.47341908572,0.534492616647,0.436680797482,0.390409325902,0.354461197647,0.331754518455,0.906817574677,0.56376081745,0.596031801484
6500,0.0,0.482361489263,1.0,0.700248901065,0.671391946466,0.697159910733,0.606455020906,0.55251122827,0.629899048707,0.567785341018,0.996144935766,0.661707997411,0.680887997524,0.705191993943,0.546666820373,0.526764695766,0.567781009185,0.982435376968,0.435893821922,0.470834469602,0.537595518902,0.43836575851,0.39091763927,0.352330001951,0.329448824202,0.906781624162,0.557831990402,0.59417232155
6600,0.0,0.483757354588,1.0,0.703907005796,0.670153008776,0.69678157769,0.607238001889,0.556128752738,0.629768260496,0.566559415409,0.998820105009,0.660572157123,0.677543096318,0.699915745238,0.54595516796,0.529121258962,0.569351179845,0.97907513773,0.441045232868,0.476870875708,0.543972860117,0.437276250912,0.384140276683,0.34891650355,0.325981695327,0.904641740857,0.561851520316,0.597345215528
6700,0.0,0.485207912913,0.998836029619,0.702801129108,0.666862441958,0.695516110178,0.60292251563,0.550404243703,0.627661150372,0.559266485654,1.0,0.660326992318,0.67658145878,0.695657360151,0.543420456421,0.529468615695,0.563047452811,0.977300422331,0.434853837375,0.479884673976,0.539569834564,0.435438701395,0.373488472882,0.344499355964,0.322597122367,0.90779040837,0.563429669866,0.599479645959
6800,0.0,0.494689291629,0.996729562802,0.704864647913,0.667258856459,0.694984980419,0.602375960765,0.548088681901,0.627025430348,0.562965826104,1.0,0.65803662924,0.676993041907,0.696287889455,0.546141941791,0.528459513291,0.564869607719,0.973209542849,0.437249390908,0.480037606205,0.542143590502,0.439880794225,0.372811737885,0.344405162543,0.322983218399,0.908248450228,0.568222769579,0.603773194821
6900,0.0,0.495572474897,0.993472103063,0.705755192947,0.672335971201,0.697484647864,0.601226835074,0.551755293477,0.62651746465,0.564938680909,1.0,0.6570406138,0.67843454011,0.700369238156,0.543438560271,0.530157840885,0.563944943423,0.969543901804,0.443446436195,0.484008769978,0.542331146202,0.444017671051,0.371853382253,0.344254553437,0.327837477031,0.903756166229,0.56955898137,0.601365134791
7000,0.0,0.4960184603,0.99724113707,0.705758537948,0.673020802403,0.698653949256,0.602608196819,0.554292371748,0.625858211332,0.565193258928,1.0,0.661148335676,0.682537970943,0.704960888736,0.547092344709,0.5302309036,0.567854089272,0.975519992403,0.443211511432,0.489016444947,0.551539170266,0.442518955161,0.365285518047,0.341570213382,0.324103068685,0.9090289005,0.570344791896,0.597960090147
7100,0.0,0.497316180465,1.0,0.705964052156,0.676471411739,0.700121505137,0.603508607578,0.553204631041,0.626757307269,0.567078383258,0.994635423516,0.662954884648,0.685010323381,0.700287038282,0.549836527998,0.525239697574,0.560594737576,0.97657401868,0.448005320761,0.486191393013,0.554432647293,0.445156509857,0.361374805494,0.342325627096,0.326692268492,0.906226690624,0.565893804011,0.594585012777
7200,0.0,0.492157706201,1.0,0.710711517758,0.676681408893,0.702862420889,0.605634066191,0.55312712514,0.626918519338,0.566917460734,0.993987093556,0.663040897498,0.682841554461,0.695700675461,0.551386706409,0.523620969907,0.559407734194,0.976013493285,0.448433234342,0.485748133456,0.559761301483,0.441170333453,0.361344725784,0.340714474785,0.326533088686,0.908207513834,0.569030324751,0.594246717719
7300,0.0,0.493161302746,1.0,0.715107362025,0.678792606285,0.704852204287,0.612375949135,0.556784322596,0.629948258308,0.569181247489,0.993096107802,0.664808524791,0.68336109264,0.700076056785,0.552438897747,0.524616569129,0.558284297825,0.981313311042,0.448591507075,0.48850330125,0.560637659287,0.443304715044,0.363800319993,0.339620045503,0.329974140196,0.913426555854,0.566681217447,0.588946532801
7400,0.0,0.495776446394,1.0,0.711558557321,0.676132051029,0.708312018029,0.613708167495,0.551799657755,0.630803963368,0.569070416701,0.997911140859,0.66869864487,0.686612584193,0.699071546271,0.55618384426,0.528093467248,0.561134668395,0.980509345661,0.456274337273,0.489560063942,0.56027036269,0.442497994364,0.366344655066,0.338632590321,0.329834083914,0.915181683945,0.564564998228,0.59193690546
7500,0.0,0.497726643126,1.0,0.712381108948,0.672526562111,0.709904852012,0.610440383837,0.544834361316,0.627370043377,0.566596512264,0.995576455459,0.665449981344,0.680547644491,0.694594743491,0.556455533744,0.529460275466,0.562537659876,0.97660773859,0.45368316427,0.488797325902,0.553685367041,0.436217605913,0.366331239526,0.343527302334,0.331181867862,0.916500155325,0.560840005243,0.590205961288
7600,0.0,0.499922931155,0.997532632254,0.711305895571,0.666375625352,0.702759195747,0.610649550553,0.539281360532,0.627475100006,0.567212578148,1.0,0.665407004236,0.686737804624,0.692376092522,0.553678700203,0.52781029851,0.558083736092,0.983136126261,0.454973510377,0.490878476959,0.551515813114,0.436250116297,0.365011395572,0.34227038496,0.328334669561,0.919708307173,0.559957513037,0.591021966503
7700,0.0,0.494730035975,0.996438406335,0.702518066163,0.661605325025,0.694568013477,0.607770042764,0.537390722039,0.627678593653,0.570415272842,1.0,0.659239265194,0.679344331377,0.686517255802,0.545879434772,0.524079568022,0.549508478324,0.980152074297,0.45807886491,0.486447791259,0.551540851664,0.432574736342,0.361075317931,0.339042988436,0.326817014604,0.918815204485,0.560266410601,0.5885938723
7800,0.0,0.497242490884,0.998618672091,0.700015608811,0.656240052255,0.690627409693,0.60366807475,0.530305731732,0.628442472336,0.572256947331,1.0,0.659590308186,0.677654551705,0.687554457653,0.541019379345,0.521976634679,0.549818609162,0.984597522817,0.458368487564,0.482155640881,0.544839635389,0.431310784993,0.359549499821,0.336085171009,0.324391034813,0.919125137907,0.560101268032,0.588550152151
7900,0.0,0.495570656418,0.998422633846,0.699527162823,0.650967670744,0.688933802145,0.597362246528,0.530106731115,0.624801959378,0.570182419943,1.0,0.660199620156,0.676336052874,0.687264247606,0.54466783021,0.521654710274,0.551383779122,0.983956591012,0.452265976867,0.479389981593,0.542534757086,0.426488978382,0.356326063461,0.329089347145,0.323959163978,0.916575725774,0.555832340049,0.587943388345
8000,0.0,0.494853855722,1.0,0.70301709737,0.656384755699,0.691826693244,0.594651172289,0.530655814844,0.623748627983,0.567188614531,0.999813585245,0.663655584488,0.678199041555,0.690241583549,0.546001237368,0.522020552115,0.552499028832,0.985144064337,0.456464398127,0.479140354089,0.541660137763,0.426319900891,0.358906229364,0.332917296458,0.323593040643,0.915961985343,0.556342963521,0.589731677061
8100,0.0,0.490556986892,1.0,0.703122978566,0.656206667028,0.694961074766,0.594700188003,0.531135371518,0.617976391234,0.566368349012,0.999489904225,0.661868645887,0.679723191732,0.692847991637,0.545151030167,0.517458036293,0.552378543153,0.982376200828,0.453213223699,0.475847802536,0.54089479798,0.42136071916,0.359152866312,0.331930594023,0.325530659143,0.913613010067,0.560396426466,0.589937003783
8200,0.0,0.490884545102,0.997348153237,0.699166382444,0.654638972786,0.687773954865,0.58953466632,0.526675188601,0.61154094911,0.56535389135,1.0,0.654914253585,0.672644849463,0.687539436018,0.543032076304,0.509682517121,0.55108558015,0.981260184967,0.449209210149,0.467665755168,0.53776999654,0.417987430931,0.354690999915,0.32642468172,0.31940458356,0.913189626252,0.557179671813,0.590288756472
8300,0.0,0.492541615598,0.996400982453,0.695629729177,0.651461595091,0.680989589037,0.588451660599,0.52592407631,0.608574131529,0.562301800242,1.0,0.655448969808,0.677173610444,0.691055291477,0.541918395176,0.510277598174,0.548963850416,0.980925924377,0.448930812529,0.463630892173,0.533920267507,0.414438717722,0.354092670492,0.329094731594,0.322183559663,0.914769897299,0.559044461739,0.592982964633
8400,0.0,0.493810607905,1.0,0.697772880232,0.652282578017,0.683560900641,0.599061046622,0.533125538034,0.613764534653,0.56989914563,0.999342209326,0.657022373488,0.679264245813,0.693162595813,0.539837385925,0.510271628594,0.549388161931,0.986030934168,0.445024158417,0.460976888352,0.539136260788,0.413516836962,0.359619423347,0.334385851573,0.328483217827,0.915528922121,0.560935215295,0.598257035666
8500,0.0,0.497543935507,0.999815753776,0.697723215321,0.656913731001,0.684058741531,0.603723584019,0.532577573783,0.617905455523,0.57206429958,1.0,0.659309275261,0.67951070257,0.694825605524,0.537334848659,0.509377367066,0.553739016052,0.990962760303,0.44802576982,0.459739028406,0.54108230119,0.410543353326,0.357791911784,0.333528252169,0.329034265987,0.915435327335,0.562613142577,0.59855821659
8600,0.0,0.494751367332,0.998643732794,0.695963311002,0.654489339183,0.683286863355,0.599961823009,0.532348544967,0.617155082188,0.569863111601,1.0,0.659952750941,0.682255730175,0.696516593358,0.540459436265,0.510922436649,0.551280756094,0.991522906622,0.449247156568,0.462115317899,0.540744970886,0.409644959113,0.364791961795,0.337609794394,0.333502846344,0.911725665839,0.562549362229,0.596274781059
