2.980157047646157409e+00,2.032152653345422610e+00,1.819180527045479279e+00,2.113366665616553508e+00,2.307798402028083284e+00,2.948724103610834479e+00,2.292064109259768667e+00,8.881676670207417912e-01,2.362496911356557483e+00,2.327059386135015284e+00,2.284087989601288893e+00,2.700817719501632741e+00,2.590449775767214469e+00,2.343452201438042337e+00,2.440803662743832980e+00,2.902699801507554689e+00,2.761777316487849188e+00,2.559606886255139990e+00,2.892566980353105777e+00,3.034057964829165233e+00,2.831850679274629190e+00,2.780960510509815187e+00,1.026610913564155236e+00,2.676792418945651342e+00,3.117669163604415150e+00,2.992498494215920068e+00,2.637524744052984538e+00,2.605962951239372938e+00,2.728138739225658860e+00,2.508083144204608317e+00,0.000000000000000000e+00,2.589477643996147549e+00,2.535894842585116660e+00,2.282114066296383026e+00,2.409304778694073335e+00,2.340572299939603695e+00,8.326709111584023049e-01,2.096481492336305319e+00,2.086984066165418206e+00,2.525365746143254597e+00,3.840637787329543418e+00
2.980217569553202495e+00,2.034870001051094501e+00,1.797602236547356513e+00,2.087192065114602979e+00,2.280051153285566290e+00,2.918795968010568398e+00,2.262416623001619165e+00,8.753204188103999028e-01,2.381170551064982543e+00,2.339964366228544534e+00,2.295674601046913565e+00,2.708531581704363589e+00,2.600562955189874348e+00,2.357315665056454179e+00,2.432783604298518032e+00,2.896672405575619003e+00,2.764407482575289343e+00,2.564345463940679970e+00,2.899272639207646218e+00,3.041126506723613954e+00,2.837693175153457759e+00,2.784851421551289619e+00,1.027762930468815172e+00,2.679841143426862526e+00,3.119223769991089412e+00,2.996477248805927029e+00,2.641368492208580943e+00,2.610148256150168766e+00,2.732413689449343597e+00,2.511801190667265260e+00,0.000000000000000000e+00,2.592788075559304239e+00,2.539137935798031265e+00,2.285118394391300267e+00,2.412581317271590642e+00,2.343838122679547720e+00,8.338519133283438522e-01,2.099474617171560364e+00,2.089906796177351644e+00,2.526463424292354709e+00,3.843134676856805765e+00
2.982273267985423804e+00,2.037682845232930973e+00,1.799992621263575510e+00,2.062885832305155542e+00,2.252525702281039433e+00,2.892634040219068670e+00,2.234238442327072693e+00,8.643646244061991002e-01,2.347415312314138802e+00,2.359532827772901520e+00,2.309323033781799150e+00,2.719487493831455716e+00,2.609347308639792473e+00,2.370220023922759545e+00,2.447439032095409139e+00,2.884471061874984255e+00,2.762324473320517004e+00,2.566312995751343973e+00,2.904247346217119663e+00,3.047766477679519248e+00,2.844394044763502105e+00,2.791002599978808174e+00,1.029281925319325275e+00,2.683201586384703408e+00,3.121058581435109502e+00,3.000356534724184066e+00,2.644900701019070155e+00,2.613956859302664526e+00,2.736866028105103155e+00,2.515818926717237058e+00,0.000000000000000000e+00,2.596389909598761481e+00,2.542562623950352929e+00,2.288189659547611665e+00,2.415869589559631603e+00,2.347139324372137459e+00,8.350553011323491592e-01,2.102544654598734297e+00,2.092932151090082460e+00,2.528047195433978267e+00,3.844083725144320063e+00
2.984180573570271555e+00,2.040460689656968363e+00,1.802343739044053095e+00,2.065477679300088187e+00,2.225961514268664398e+00,2.865658355797881196e+00,2.208528602449535416e+00,8.536183879612330161e-01,2.317699747964702794e+00,2.325784286715561144e+00,2.328787076208085782e+00,2.731784695305714994e+00,2.620108736856025189e+00,2.380757412250429361e+00,2.460492953326133936e+00,2.894868481521180481e+00,2.753589760876208548e+00,2.564384253020961069e+00,2.906217218045584527e+00,3.052830075600472703e+00,2.850508298516292616e+00,2.797832815092852421e+00,1.031580481396751958e+00,2.687334923923720531e+00,3.123215247322271626e+00,3.004271838178658616e+00,2.648094733937633727e+00,2.617302566156624710e+00,2.740873323442692744e+00,2.519706515580232509e+00,0.000000000000000000e+00,2.600121161526302238e+00,2.546068468604556934e+00,2.291245051597017746e+00,2.419062770529375239e+00,2.350304167634034158e+00,8.362085998251721497e-01,2.105508433822565362e+00,2.095886231525251109e+00,2.529755352702140581e+00,3.848811705008148731e+00
2.985909037742395356e+00,2.043275984385261701e+00,1.804721362182878153e+00,2.068081796073742762e+00,2.226873506046950002e+00,2.840489430045032737e+00,2.182486169989919844e+00,8.440611859334564704e-01,2.289282122051306878e+00,2.296857709738076458e+00,2.295703200168445424e+00,2.751016237155606614e+00,2.633036751686495869e+00,2.393928048879290227e+00,2.471633559666129187e+00,2.904498939135947921e+00,2.767311604262148172e+00,2.556262338290465674e+00,2.903321720665631656e+00,3.054724092208431774e+00,2.854845814614793476e+00,2.804069771930421506e+00,1.034155660112722863e+00,2.693643930328909253e+00,3.126436741828411581e+00,3.008398305702987940e+00,2.651024394996516875e+00,2.620280685720211888e+00,2.744466640564000581e+00,2.523071316135662823e+00,0.000000000000000000e+00,2.604059988119888036e+00,2.549799986435900667e+00,2.294424313494585199e+00,2.422300872343906786e+00,2.353416920462791051e+00,8.373183469179045213e-01,2.108380146679042610e+00,2.098800092155540753e+00,2.531693690415214526e+00,3.850240049481675531e+00
2.989052999991204107e+00,2.046125645134377002e+00,1.807158459882252544e+00,2.070777574234033747e+00,2.227872173529191091e+00,2.842373133274246566e+00,2.157791249209345619e+00,8.342972089171193373e-01,2.263783742991948067e+00,2.268897680033310049e+00,2.267114683273952380e+00,2.717258274339716007e+00,2.652334639826302354e+00,2.408921327018132885e+00,2.485483230987163061e+00,2.912387203423381532e+00,2.780214375329265852e+00,2.568437884401145066e+00,2.894204842950240497e+00,3.052311105958287474e+00,2.856312378978919764e+00,2.808669694506727321e+00,1.036500968498341502e+00,2.700500393095587537e+00,3.131487730556798521e+00,3.013135707613777026e+00,2.654021251223007916e+00,2.622992021529977347e+00,2.747679120548581100e+00,2.526028682679799520e+00,0.000000000000000000e+00,2.607977892161357225e+00,2.553683632050051777e+00,2.297752226907437745e+00,2.425651152736070681e+00,2.356557317797251194e+00,8.384129176877255230e-01,2.111183898184518348e+00,2.101667821691945992e+00,2.533553856921121561e+00,3.854747440644990419e+00
2.992184108695955302e+00,2.049060388338451943e+00,1.809676772802951472e+00,2.073559765534294108e+00,2.229043514444823959e+00,2.844323823994246325e+00,2.160347292327750690e+00,8.251014633729107928e-01,2.237921834577419666e+00,2.243978820132614516e+00,2.239728843002088965e+00,2.688153446833858151e+00,2.619031252717253011e+00,2.430317599675302809e+00,2.501118336765003392e+00,2.922917298030650812e+00,2.791178790230309570e+00,2.579495701610694969e+00,2.907692283055317350e+00,3.042961236619836196e+00,2.853096223988124347e+00,2.810142220344761022e+00,1.038187537974377017e+00,2.706767625935771360e+00,3.137220844684450061e+00,3.019750541704181224e+00,2.657835118259527452e+00,2.625880123994115412e+00,2.750623981947799557e+00,2.528773677537413445e+00,0.000000000000000000e+00,2.611490717170608100e+00,2.557652427466013290e+00,2.301320534670036277e+00,2.429277481568810959e+00,2.359893935807388932e+00,8.395526760154669033e-01,2.114033573040782876e+00,2.104527793750052833e+00,2.535419110646651486e+00,3.857026589013437867e+00
2.996891311174017858e+00,2.052205457301402358e+00,1.812471136356256673e+00,2.076747921021264265e+00,2.232455580395580341e+00,2.848466298677819086e+00,2.163623251648703061e+00,8.263559120872059349e-01,2.214080269103920973e+00,2.218792983830359056e+00,2.215079188991060821e+00,2.661104260404008492e+00,2.590992889598754623e+00,2.397448249172607238e+00,2.521198522897560856e+00,2.937281429650176801e+00,2.803545311921232575e+00,2.588318884094646943e+00,2.919581463267906241e+00,3.055994372200096176e+00,2.843338897666646492e+00,2.806969086077379494e+00,1.038683084139349733e+00,2.711030023021677504e+00,3.143696110646401642e+00,3.026504441577285043e+00,2.663749868634916584e+00,2.629699785165553028e+00,2.753699433827352827e+00,2.531614153836667658e+00,0.000000000000000000e+00,2.614920110141635501e+00,2.561400215850703876e+00,2.305118997016994964e+00,2.433300624178142968e+00,2.363612986384385994e+00,8.408180658114949857e-01,2.117123791040006697e+00,2.107556500701213142e+00,2.538961722971677659e+00,3.862803670804892064e+00
3.001456008440539502e+00,2.055365470715408538e+00,1.815295560141036102e+00,2.079988677028759003e+00,2.235933463155648671e+00,2.852433253395911805e+00,2.166936422165507192e+00,8.276152176047926190e-01,2.217449080404021444e+00,2.195101339148941566e+00,2.190039846337560991e+00,2.636812797330244873e+00,2.564113625224247794e+00,2.369140904713347595e+00,2.488485651561605394e+00,2.957988674005835872e+00,2.817643055705603139e+00,2.599228010684303758e+00,2.929530512606877135e+00,3.067573801045353932e+00,2.856240319676193629e+00,2.796964201034824793e+00,1.037408752937124312e+00,2.712134563344999805e+00,3.148123487529626452e+00,3.032108553847792543e+00,2.670443668927810599e+00,2.635772568465518884e+00,2.757507234309032995e+00,2.534905672208198180e+00,0.000000000000000000e+00,2.618195080076153314e+00,2.564855003696834945e+00,2.308605227654789260e+00,2.437421364901125820e+00,2.367582177535010324e+00,8.422018369030946916e-01,2.120488539507112247e+00,2.110766367427603818e+00,2.542301310565016070e+00,3.866163595477737580e+00
3.005632852991701132e+00,2.058408109108180728e+00,1.818011159225598528e+00,2.083129692829029267e+00,2.239321294403242124e+00,2.855910811318106646e+00,2.170145817335907168e+00,8.288268664094784466e-01,2.220671400336197809e+00,2.198278085325961140e+00,2.165926969320065787e+00,2.611227282725920862e+00,2.539755507218688813e+00,2.341630369767120801e+00,2.459974769796997585e+00,2.925689206802986053e+00,2.837866761836932650e+00,2.611609157371070467e+00,2.941736225028262819e+00,3.076634408075592741e+00,2.867642594430265479e+00,2.809464199467309076e+00,1.033534265738753843e+00,2.708341554710822052e+00,3.148873025410706017e+00,3.035044927479439547e+00,2.676576436243418122e+00,2.642660330989427209e+00,2.763209952269658931e+00,2.539352630463267868e+00,0.000000000000000000e+00,2.621375414486192046e+00,2.568041974310785847e+00,2.311759571595419338e+00,2.441035797878691849e+00,2.371487794818955219e+00,8.436554978295793816e-01,2.124087617765191727e+00,2.114158494009354072e+00,2.545279502649621328e+00,3.871394129505496551e+00
3.011277998882637696e+00,2.061066357179852648e+00,1.820469386098756193e+00,2.086105719439445227e+00,2.242687872656440984e+00,2.860904284599153247e+00,2.173554330160446302e+00,8.301421325882233360e-01,2.224154763647694377e+00,2.201708684206772126e+00,2.169310984384603902e+00,2.588737552517355045e+00,2.515276913182552754e+00,2.317367106524834686e+00,2.433055483023547794e+00,2.898470179748461106e+00,2.805998204262772688e+00,2.630178605125931490e+00,2.956581111403377093e+00,3.090394382094513670e+00,2.877978388307675051e+00,2.821537412986975912e+00,1.038448459639283339e+00,2.698560013932382873e+00,3.146804635063332967e+00,3.037834860479899479e+00,2.680683123326626394e+00,2.648332127653641788e+00,2.770083867069447869e+00,2.544492701559194270e+00,0.000000000000000000e+00,2.624005969094018731e+00,2.570543367529745105e+00,2.314298813238246932e+00,2.444013115289437099e+00,2.374859457834379572e+00,8.450044992147561773e-01,2.127442740712268687e+00,2.117261833482062539e+00,2.549412720803488241e+00,3.877332339439634179e+00
3.013740566070843840e+00,2.063895587673908238e+00,1.822931917422561998e+00,2.088964179851902081e+00,2.245795826738681278e+00,2.865417839862845817e+00,2.176567288364382069e+00,8.312680955019308149e-01,2.227191765794845679e+00,2.204726788777270574e+00,2.172303345882247161e+00,2.592857316053539307e+00,2.491638600831109773e+00,2.292163262680154467e+00,2.408543252984347127e+00,2.871727735182056040e+00,2.778095401691417887e+00,2.602079401022811656e+00,2.977246493791326554e+00,3.105552953101990532e+00,2.890655062888016769e+00,2.831779071787605240e+00,1.043014266720704075e+00,2.711956900845126306e+00,3.138649902571306161e+00,3.036524462215189679e+00,2.682276636263783764e+00,2.652777748290119142e+00,2.776789938709784522e+00,2.550764487696601357e+00,0.000000000000000000e+00,2.627879466297398992e+00,2.573593925250082570e+00,2.316927124431780616e+00,2.446944999457552949e+00,2.377999517878195856e+00,8.462095147641401915e-01,2.130814556744117905e+00,2.120613273187422099e+00,2.553719011868948563e+00,3.882829200067637654e+00
3.016627680263700206e+00,2.066908873531601465e+00,1.825476975079663999e+00,2.091838639355266594e+00,2.248857333990199159e+00,2.869732923106828260e+00,2.179600474886953076e+00,8.324167453203199507e-01,2.230300422265800719e+00,2.207810868414176841e+00,2.175348167250708453e+00,2.596881530155415341e+00,2.495154323502746241e+00,2.268335048368101070e+00,2.383554055852165288e+00,2.847949568593179048e+00,2.751344857211506678e+00,2.578024515925305238e+00,2.945245382783491905e+00,3.127090457259458223e+00,2.905262209546862984e+00,2.844633446946903010e+00,1.046922372605299634e+00,2.724276883275815742e+00,3.153160878798564326e+00,3.028414796960258837e+00,2.679402696547592999e+00,2.654329149546857280e+00,2.781867881531205011e+00,2.556694814437964425e+00,0.000000000000000000e+00,2.634029871671740963e+00,2.577573775584649507e+00,2.319735320595607053e+00,2.449705336637596709e+00,2.380835977958913219e+00,8.472638274397310543e-01,2.133700392881637597e+00,2.124002503218355375e+00,2.558133596555787648e+00,3.889006748161273563e+00
3.019869820240526970e+00,2.070073339778519816e+00,1.828103750028924335e+00,2.094715999981269672e+00,2.251839072495931848e+00,2.873994305378748670e+00,2.182556456024756120e+00,8.335559360800259832e-01,2.233414081888563718e+00,2.210913370808864631e+00,2.178416105000475778e+00,2.601034909198926215e+00,2.498624311406941523e+00,2.271571828478666788e+00,2.359787186278584858e+00,2.823557655371085051e+00,2.727329277474258351e+00,2.554794079884745717e+00,2.917614192776759818e+00,3.095893996911657453e+00,2.926117380434407167e+00,2.859231833663928413e+00,1.051736202702284295e+00,2.734679225613074305e+00,3.166501349273859400e+00,3.043204424859963009e+00,2.669656017466073283e+00,2.651052997000174383e+00,2.783765873113505762e+00,2.560594696779068702e+00,0.000000000000000000e+00,2.640645775576443199e+00,2.583475682729852618e+00,2.323095216097631255e+00,2.452490785387509753e+00,2.383369177698662078e+00,8.481684684647562422e-01,2.136110940000891301e+00,2.126835593864756291e+00,2.562605439570639021e+00,3.894622721795575337e+00
3.023715495105299578e+00,2.073571971730432839e+00,1.831041986538440414e+00,2.097877652238997470e+00,2.255054038763540269e+00,2.878534509469098168e+00,2.185639479317894374e+00,8.347581415761453627e-01,2.236730964050697601e+00,2.214244909266973593e+00,2.181726374065954044e+00,2.605563247750815936e+00,2.502299067188046955e+00,2.274951148915222987e+00,2.363263254338826780e+00,2.800479175405758969e+00,2.702833472368197487e+00,2.533990907746772603e+00,2.891059717806425233e+00,3.069249570641193969e+00,2.894221961586117331e+00,2.880130624885811841e+00,1.057242535159754748e+00,2.747546258339776504e+00,3.178115594312139969e+00,3.056928391780551202e+00,2.682574173296226938e+00,2.640971796035892716e+00,2.781044786630363586e+00,2.561258587309648949e+00,0.000000000000000000e+00,2.646570019490125159e+00,2.590025654978674208e+00,2.328299050838111395e+00,2.456149873560284025e+00,2.386173735360136217e+00,8.490491538210286349e-01,2.138412586853382980e+00,2.129429107526285225e+00,2.566882025714511073e+00,3.899050819850947924e+00
3.027759921751242533e+00,2.077294402651665983e+00,1.834339204573351978e+00,2.101447121596421663e+00,2.258690801072232190e+00,2.883913416701185284e+00,2.189014874637583929e+00,8.360570340915032261e-01,2.240330869447325401e+00,2.217901246716837527e+00,2.185396723482757153e+00,2.610912590197869587e+00,2.506312616581952035e+00,2.278524682217240027e+00,2.366830287981633862e+00,2.804595354172217725e+00,2.679469863018254738e+00,2.512616185207437791e+00,2.867155938904336399e+00,3.044040838266002247e+00,2.866674585613222082e+00,2.848311607060810768e+00,1.065117962499362969e+00,2.762400477432015666e+00,3.192547987062681614e+00,3.069527257026888112e+00,2.694007308845983939e+00,2.653343464197941870e+00,2.771590514171928810e+00,2.556778301994733660e+00,0.000000000000000000e+00,2.650439795126700471e+00,2.595829661887308237e+00,2.334088447928339249e+00,2.461991152323657062e+00,2.390005874364077965e+00,8.500797006033001812e-01,2.140828830361855228e+00,2.131962653268072216e+00,2.571417297796553925e+00,3.900052815854028410e+00
3.029020817048428071e+00,2.081322462913623994e+00,1.838031508851957874e+00,2.105398290412155315e+00,2.262591118354738029e+00,2.886212098782030555e+00,2.192183958720507864e+00,8.371924978617008017e-01,2.243442286419135012e+00,2.221058563581714829e+00,2.188534393534920408e+00,2.612345801366445563e+00,2.509659409623941961e+00,2.281178096661003796e+00,2.369203821847082114e+00,2.807190923537681737e+00,2.681523829680140025e+00,2.490469441317300969e+00,2.840753532198718734e+00,3.016158475610978051e+00,2.838353209995641446e+00,2.818886506200098729e+00,1.052489979191576719e+00,2.781466605792077829e+00,3.204325201045714167e+00,3.077211276000860529e+00,2.703948119363437819e+00,2.665487486284133567e+00,2.783427053401401619e+00,2.548537894082121280e+00,0.000000000000000000e+00,2.652471984411576056e+00,2.600654564851163641e+00,2.339987044591866905e+00,2.468899614994452207e+00,2.396028157041471651e+00,8.517003801912492733e-01,2.144621796007362136e+00,2.135583038849891313e+00,2.573428998943090296e+00,3.895678621184129220e+00
3.032413294155383632e+00,2.085281291850332064e+00,1.841572507850344875e+00,2.109618389045897935e+00,2.267191311800885067e+00,2.890111302612742961e+00,2.196191630221524971e+00,8.386407740769761254e-01,2.247276773200301392e+00,2.224866814405123794e+00,2.192308083242786143e+00,2.614916978471270692e+00,2.513749561156235046e+00,2.284181469258094399e+00,2.371784425009670905e+00,2.809943654807439462e+00,2.683439597458961767e+00,2.491822104203577748e+00,2.815305066054074601e+00,2.987964597298179648e+00,2.812487973882782821e+00,2.790387502132000819e+00,1.041355834995556506e+00,2.747539198225011692e+00,3.222136227972087319e+00,3.086720738727402491e+00,2.715577331062632105e+00,2.675289950434658781e+00,2.793521171168522610e+00,2.562427637567415317e+00,0.000000000000000000e+00,2.649299720630799992e+00,2.602029192574916383e+00,2.344364637076919333e+00,2.475283141254346564e+00,2.403063883129584966e+00,8.543067561523108866e-01,2.149999073185738574e+00,2.139959316627032315e+00,2.576197635619805304e+00,3.885118109893891170e+00
3.033596831939405991e+00,2.087217696114241239e+00,1.843457087279160911e+00,2.112123598901467947e+00,2.270118689261228617e+00,2.892295279725323187e+00,2.198572602188699321e+00,8.394546434492141662e-01,2.249367367647419513e+00,2.226931475554777329e+00,2.194366173072737514e+00,2.615831477868374666e+00,2.516763532805717407e+00,2.287049818836446313e+00,2.374985817192559967e+00,2.813838716322021760e+00,2.687509045166589505e+00,2.495830205875930297e+00,2.819647596969819592e+00,2.963218360414524355e+00,2.788238390386587273e+00,2.766323503766057623e+00,1.031273847196833016e+00,2.719235146598416808e+00,3.188980604615032188e+00,3.104496442234877751e+00,2.730988754426526111e+00,2.689078015734853278e+00,2.803722727994522490e+00,2.576395724741701976e+00,0.000000000000000000e+00,2.640979119801277530e+00,2.599718263719595246e+00,2.346212496334775910e+00,2.479537235938309880e+00,2.408405506599095247e+00,8.564576682683799902e-01,2.154668905411193158e+00,2.142744675962399814e+00,2.576990886730896602e+00,3.899994591490283380e+00
3.034910359614333863e+00,2.089100163606444571e+00,1.845206262481463799e+00,2.114379814475689123e+00,2.272767188198930199e+00,2.894764729574542006e+00,2.201331960267938648e+00,8.404146491541324426e-01,2.251776275061753818e+00,2.229203933510718993e+00,2.196533751089945863e+00,2.616946424138542060e+00,2.519764508704616546e+00,2.289868888754022613e+00,2.378078401347011095e+00,2.817602875800248263e+00,2.691303910798075627e+00,2.499495271333267876e+00,2.823635839202613518e+00,2.965594473828530031e+00,2.764885886909377088e+00,2.741759736558277094e+00,1.022142691761038114e+00,2.692093341963659903e+00,3.160086792098045549e+00,3.069808254306987561e+00,2.752328493834666823e+00,2.704678108709261064e+00,2.816143861844283780e+00,2.588474407212899564e+00,0.000000000000000000e+00,2.655310361330390112e+00,2.590556462199328003e+00,2.343919107178336070e+00,2.480695429880991121e+00,2.412073458236746681e+00,8.584288073430471622e-01,2.160188597034582436e+00,2.147778576645271720e+00,2.578894639943788647e+00,3.911698995913391208e+00
3.036900142970025307e+00,2.091485333891751175e+00,1.847072187650346642e+00,2.116668994449037999e+00,2.275381743560142667e+00,2.896804905315051304e+00,2.204404893198989690e+00,8.415535521810356689e-01,2.254670515924203755e+00,2.231865343028067272e+00,2.198986503484365862e+00,2.618158564449962977e+00,2.522799879708380821e+00,2.292800025655612917e+00,2.381296019570147582e+00,2.821572264637429495e+00,2.695243827217726817e+00,2.503274366889862712e+00,2.827753697748407458e+00,2.968069405084432066e+00,2.768824737389254942e+00,2.718264936305915480e+00,1.012861530362352047e+00,2.667563702972700845e+00,3.132278136126527279e+00,3.039292568057821775e+00,2.720983875342808833e+00,2.726337234340939109e+00,2.830442281465837873e+00,2.602739383352976610e+00,0.000000000000000000e+00,2.668120566286126927e+00,2.604113715978555899e+00,2.335712347343399387e+00,2.477311286634018117e+00,2.412791805996284733e+00,8.598228902755541414e-01,2.165398296692008895e+00,2.153794648007154144e+00,2.583133734863437336e+00,3.922908592069588085e+00
3.041670953341858219e+00,2.094225656259996793e+00,1.848795557043084070e+00,2.118586916088539329e+00,2.277501517348028415e+00,2.897706591851056945e+00,2.206893819798277701e+00,8.426538895298446574e-01,2.257575906719056835e+00,2.234505703969975610e+00,2.201353271647993992e+00,2.619028381337088263e+00,2.525368402974144999e+00,2.295485999168446423e+00,2.384364189171326309e+00,2.825480892900316121e+00,2.699227673435145913e+00,2.507163399971738649e+00,2.831958366715487507e+00,2.970651145484023203e+00,2.772766424111278827e+00,2.722052722990099927e+00,1.004059535640662526e+00,2.642719526221961157e+00,3.107160409263944434e+00,3.010241591713048948e+00,2.694105835049564135e+00,2.695464059377812305e+00,2.851140508710033217e+00,2.619076642097564633e+00,0.000000000000000000e+00,2.679399317672441327e+00,2.616533706001721082e+00,2.347281661991953872e+00,2.467169803517804016e+00,2.408705645959344999e+00,8.599296738333457313e-01,2.168341271132666392e+00,2.158696628357477110e+00,2.587373779270452090e+00,3.936132786479878298e+00
3.047926199974032357e+00,2.098671392881688913e+00,1.851094487944013878e+00,2.120703323292600917e+00,2.279433662098081292e+00,2.899119576064031811e+00,2.209105062446974799e+00,8.436302242329616341e-01,2.260602554070210601e+00,2.237431038257542415e+00,2.204084810807712458e+00,2.621634602531955238e+00,2.527934161173063909e+00,2.298553192341135087e+00,2.387910276839847246e+00,2.829983099607559893e+00,2.704029354090936366e+00,2.511930360794103478e+00,2.837156593677460759e+00,2.975911005332885662e+00,2.777583030557171817e+00,2.726714375129315915e+00,1.005756502318091661e+00,2.619832069402029173e+00,3.083295183212224178e+00,2.987401596607691445e+00,2.667891352461027932e+00,2.668100377924498723e+00,2.819516076197515986e+00,2.639799195425176048e+00,0.000000000000000000e+00,2.692023226567740846e+00,2.626349913862916274e+00,2.356823869350134437e+00,2.479210850757677775e+00,2.397612663915142051e+00,8.580676393800050761e-01,2.167345275951161998e+00,2.161007690749855215e+00,2.591713985925901742e+00,3.952879123383216786e+00
3.053095097318738294e+00,2.103887283577673628e+00,1.855443436339106800e+00,2.124060118488638071e+00,2.281708221384576518e+00,2.899050880844139311e+00,2.211003756077898785e+00,8.444259847838725408e-01,2.263028675777710053e+00,2.240203285782725651e+00,2.206898029768203262e+00,2.623882261061472043e+00,2.530147717206697955e+00,2.301779108289148557e+00,2.391624212270875294e+00,2.834639485076028365e+00,2.709185596508355776e+00,2.517172591363439071e+00,2.842848443912254552e+00,2.981627770580355552e+00,2.782804166989113259e+00,2.731747279459147748e+00,1.007574574755444985e+00,2.624457233396017219e+00,3.060745119187144425e+00,2.964588449318441121e+00,2.645016608181612217e+00,2.642299715011796390e+00,2.792870365115098785e+00,2.608226809085920639e+00,0.000000000000000000e+00,2.707002876878392694e+00,2.639020898293249040e+00,2.364574413713881551e+00,2.490142712686536974e+00,2.409036238918544459e+00,8.535155077761176212e-01,2.161030744172862228e+00,2.159770638422664923e+00,2.593588616462122687e+00,3.974145463747886797e+00
3.061934586569983630e+00,2.111319610843019223e+00,1.862045837170054119e+00,2.130346800566139009e+00,2.286946374950459937e+00,2.906911163449612978e+00,2.215715205379402253e+00,8.463393008879885882e-01,2.268463560032768278e+00,2.245966647192492172e+00,2.212935359916529343e+00,2.631207515990527490e+00,2.536288090823892283e+00,2.305460064763130923e+00,2.394291078006971496e+00,2.837121215835530563e+00,2.710170735646461271e+00,2.517210406707892201e+00,2.843529546269803809e+00,2.982863803961223415e+00,2.784189427931163863e+00,2.733270828200900393e+00,1.008213729391172819e+00,2.626407340824723935e+00,3.063586503538017869e+00,2.938823375830042384e+00,2.617742002311953531e+00,2.615604086125993710e+00,2.763553947376384823e+00,2.577853583502367929e+00,0.000000000000000000e+00,2.725161379969488706e+00,2.651754407389039336e+00,2.375768086670643875e+00,2.500440547556363136e+00,2.422181705019018860e+00,8.592826106265467612e-01,2.154929226754846550e+00,2.159522608290464163e+00,2.598672729748164656e+00,3.942878177089102820e+00
3.067406385519148238e+00,2.116799507446990969e+00,1.868005907293355472e+00,2.137251689654803055e+00,2.294093580532663879e+00,2.915082452140724367e+00,2.220333833894263087e+00,8.480746081415434512e-01,2.273328742539464820e+00,2.251078548802011081e+00,2.218281474841741208e+00,2.638250121981612573e+00,2.542409641863204062e+00,2.309355563279195334e+00,2.397200201750549819e+00,2.839776717156890395e+00,2.711400227839800170e+00,2.517523676919855458e+00,2.844493610452684784e+00,2.984399003239304626e+00,2.785863573814906236e+00,2.735080814287980111e+00,1.008951345473348082e+00,2.628576360564372383e+00,3.066574341725416541e+00,2.940545858742099838e+00,2.592099459242246606e+00,2.588704234463668818e+00,2.737411693646071509e+00,2.548842244411362312e+00,0.000000000000000000e+00,2.690872402238868588e+00,2.671066641193630353e+00,2.388602790424361633e+00,2.513236397283781010e+00,2.433370785696748584e+00,8.645040024381389632e-01,2.171063448417420716e+00,2.152155769552986264e+00,2.598700240640981374e+00,3.915211163803950178e+00
3.068383434747165239e+00,2.119158799760800793e+00,1.872454641968833267e+00,2.143643125694995266e+00,2.301986550731154768e+00,2.925047291862566734e+00,2.225800203248955444e+00,8.498734791128267352e-01,2.277978232915966128e+00,2.255865419462683708e+00,2.223216118449892420e+00,2.644720554796601952e+00,2.548487996689263291e+00,2.313559850259501616e+00,2.400487549906095364e+00,2.842820708381700978e+00,2.712967077226520640e+00,2.518118508949497958e+00,2.845689165823976463e+00,2.986182549737045999e+00,2.787798864091436624e+00,2.737174443270190327e+00,1.009796166395844796e+00,2.631011157173776205e+00,3.069754811300775099e+00,2.942579390911679305e+00,2.593806495520847299e+00,2.563271635483011845e+00,2.710899940253824525e+00,2.522810141908000237e+00,0.000000000000000000e+00,2.661171017786163162e+00,2.637675545390037346e+00,2.406914727467700743e+00,2.527872113647605001e+00,2.447003293654302247e+00,8.689970708308762948e-01,2.185835475213531609e+00,2.167370294555412968e+00,2.591838652557538314e+00,3.889863892526360889e+00
3.059819094729490541e+00,2.117308609590666357e+00,1.874405418255148170e+00,2.148346140994092490e+00,2.309230055125644387e+00,2.935906988440855958e+00,2.232978224050059080e+00,8.518272430610630552e-01,2.282520346745068096e+00,2.260266599160938750e+00,2.227683788861615444e+00,2.650768588314356133e+00,2.554067435966738131e+00,2.317574441626768955e+00,2.403674318996559478e+00,2.845777280704778089e+00,2.714289275566076576e+00,2.518383198167069459e+00,2.846453023417953254e+00,2.987500912487952132e+00,2.789336563065584862e+00,2.738920390661520265e+00,1.010526283760188049e+00,2.633165758914379317e+00,3.072776550269633589e+00,2.944263000017435683e+00,2.595191300728016959e+00,2.564687147466030215e+00,2.685397865898447645e+00,2.495972855638013854e+00,0.000000000000000000e+00,2.632260677972337870e+00,2.608453132720134349e+00,2.378828333315179844e+00,2.548417340890219762e+00,2.462127477521424357e+00,8.743491788727177916e-01,2.198651217391975887e+00,2.181552866469054663e+00,2.608141718515863516e+00,3.863127401437889130e+00
3.074303693427335560e+00,2.108783543513041092e+00,1.872319109170192286e+00,2.149940401348921615e+00,2.314900179881520970e+00,2.946787673959667675e+00,2.240969112329046720e+00,8.546302059573199772e-01,2.288064269028903919e+00,2.265009214295107931e+00,2.232074819677721145e+00,2.656900546723711010e+00,2.559602619896403475e+00,2.321162961116203682e+00,2.406903027879651713e+00,2.849287259682887541e+00,2.715942067589683262e+00,2.518911877471093241e+00,2.847442652813228392e+00,2.988982764956744642e+00,2.790986631637529580e+00,2.740789610008362409e+00,1.011317402930895559e+00,2.635504411827584104e+00,3.076282425618784178e+00,2.946166529342296059e+00,2.596779170615391319e+00,2.566294776988828019e+00,2.687197610470716924e+00,2.470600996330288623e+00,0.000000000000000000e+00,2.606398071463891242e+00,2.580415732328620315e+00,2.354950322525899420e+00,2.516335633019123996e+00,2.483813959602507726e+00,8.804343025146345036e-01,2.214178742746601092e+00,2.193984385540709958e+00,2.623653636136093592e+00,3.836709086948833392e+00
3.087597559392156299e+00,2.122639487748708476e+00,1.864013396693819713e+00,2.146402037190544121e+00,2.317085582422046208e+00,2.956814025391879319e+00,2.248078644283391547e+00,8.576154841802099416e-01,2.295585718310940937e+00,2.270522711621867806e+00,2.236534119887747973e+00,2.663161768373650151e+00,2.565221998794744884e+00,2.324339931370889012e+00,2.409712554107519722e+00,2.853012129708833999e+00,2.718025742486293250e+00,2.519903560811614263e+00,2.848880889535086336e+00,2.990825673771943194e+00,2.792872026317874123e+00,2.742818102232901012e+00,1.012171420771563746e+00,2.638032885438523767e+00,3.080467258725554380e+00,2.948358496573669552e+00,2.598660732460629230e+00,2.568199366859528432e+00,2.689290954267103295e+00,2.472644704753308886e+00,0.000000000000000000e+00,2.580243811688717859e+00,2.555532309235585942e+00,2.332477462373085064e+00,2.488940431918479135e+00,2.452787576844038142e+00,8.889553208599381140e-01,2.231518567056377300e+00,2.208930041068127181e+00,2.637619185710069925e+00,3.811930986182683778e+00
3.096639561764582105e+00,2.135583596683826357e+00,1.877423283482666516e+00,2.139064337208319788e+00,2.316376433626670561e+00,2.954295657723438939e+00,2.253886473467053175e+00,8.603163059472607177e-01,2.303070000485665680e+00,2.276825552106388262e+00,2.240792201765220870e+00,2.665040681420907998e+00,2.566426704798278280e+00,2.327181998078084124e+00,2.412509620754912820e+00,2.856974644075842562e+00,2.721361881276179062e+00,2.522685186895881504e+00,2.851932942599830323e+00,2.993838552702891675e+00,2.795666602506218013e+00,2.745574436527146833e+00,1.013239643652257271e+00,2.641005461034975355e+00,3.081975700613691860e+00,2.951636071270932860e+00,2.601453568569529917e+00,2.570864455503227397e+00,2.692008089361519030e+00,2.475087681173155030e+00,0.000000000000000000e+00,2.555592465428829563e+00,2.530197569738295016e+00,2.308415129258839293e+00,2.461260824544548420e+00,2.423497253011944075e+00,8.765120008453008982e-01,2.250544314461449869e+00,2.222883739071188192e+00,2.648428554332355578e+00,3.808310147083636465e+00
3.106560023351753408e+00,2.146154427505844620e+00,1.888147318396625085e+00,2.153635386799544360e+00,2.307990142001678180e+00,2.946808484507604575e+00,2.255707566468206249e+00,8.620154375629688337e-01,2.309040604577715428e+00,2.282966590307279553e+00,2.246330638993993656e+00,2.667039758813304129e+00,2.567371108852390282e+00,2.329645622405171146e+00,2.415136947174496118e+00,2.860581194732508159e+00,2.724868977863957653e+00,2.526297943285371606e+00,2.855957681562565575e+00,2.997750905236872043e+00,2.799168796204981824e+00,2.748890934654813822e+00,1.014457252741806537e+00,2.644247594173590343e+00,3.083967553505018167e+00,2.955474979374809408e+00,2.604812882049754919e+00,2.574106728949018486e+00,2.695309147118185589e+00,2.478047004419594135e+00,0.000000000000000000e+00,2.558520030855429894e+00,2.505334680347169218e+00,2.284398077387547410e+00,2.435569797412659554e+00,2.395545345157683137e+00,8.653844146232760881e-01,2.216884554203548685e+00,2.241931857942768946e+00,2.660925933913143915e+00,3.813263200689702703e+00
3.119106057412189603e+00,2.159460917778558642e+00,1.898089608273240581e+00,2.167332242365565431e+00,2.322561692406145184e+00,2.933138567224947924e+00,2.253307427627487147e+00,8.627268601979178886e-01,2.313747807857181815e+00,2.289071025127077164e+00,2.253126076898785080e+00,2.671681591582647286e+00,2.569567396601454501e+00,2.332630823042081580e+00,2.417828007796315681e+00,2.863638495591867894e+00,2.727891463910919967e+00,2.529249524085479539e+00,2.859783653126903413e+00,3.001681191403409166e+00,2.802721047462082282e+00,2.752230018168881909e+00,1.015659459635704476e+00,2.647414864538534029e+00,3.085723081626251307e+00,2.959108723427779086e+00,2.608002129026837590e+00,2.577216787814275101e+00,2.698507160848082620e+00,2.480917437375757650e+00,0.000000000000000000e+00,2.561334134147032149e+00,2.508125507075067429e+00,2.261571158795693037e+00,2.409978979995716308e+00,2.370423179273983827e+00,8.548979478945405441e-01,2.187791706538552372e+00,2.208991693438123516e+00,2.679871954650208554e+00,3.812986530013961151e+00
3.138684392483868990e+00,2.173730521113582004e+00,1.909348660895179739e+00,2.178307035228554067e+00,2.334701233852339630e+00,2.941634388708411763e+00,2.243631454273861792e+00,8.614925355021306741e-01,2.314731147549184076e+00,2.292848204610918650e+00,2.258782871151961746e+00,2.676369499915129513e+00,2.573409431330460073e+00,2.336352295501241905e+00,2.420842078610947024e+00,2.866076312246871538e+00,2.730937553294950693e+00,2.532215061438147341e+00,2.863435515374919138e+00,3.005855143495453241e+00,2.806606039326186686e+00,2.755919658682155493e+00,1.016957126999513683e+00,2.650722313883272729e+00,3.087414657672044260e+00,2.962846964353831769e+00,2.611286286895996511e+00,2.580453900284013891e+00,2.701873044533983581e+00,2.483931355786431538e+00,0.000000000000000000e+00,2.564272065984781968e+00,2.511027540465808894e+00,2.262673784043313319e+00,2.385529714139171809e+00,2.344631008557398921e+00,8.453581777070821035e-01,2.159398884935597618e+00,2.179910218998147187e+00,2.645221662403956842e+00,3.816630432098955250e+00
3.105540509159502083e+00,2.194615993303936197e+00,1.922561284951946448e+00,2.192111570712960145e+00,2.345033838184305885e+00,2.948863169867887990e+00,2.256991851487441636e+00,8.578061698425540893e-01,2.311262367956835817e+00,2.293811730578593888e+00,2.263082233208993266e+00,2.680560890904401194e+00,2.578060068095513468e+00,2.342748042615969251e+00,2.425276216269594443e+00,2.868275393198694623e+00,2.734039372092031961e+00,2.534993248692972490e+00,2.866755585227797720e+00,3.009614980482394841e+00,2.810526644451553313e+00,2.759885611457871590e+00,1.018372968257368782e+00,2.654327239883326417e+00,3.088879550411741892e+00,2.966663904598619617e+00,2.614518781807219749e+00,2.583647745548987462e+00,2.705259247337981510e+00,2.486966161011761045e+00,0.000000000000000000e+00,2.567241688605561123e+00,2.513959806097676886e+00,2.263768485052983781e+00,2.388342036787274303e+00,2.320298014564647460e+00,8.357171553314263202e-01,2.134016744423710588e+00,2.152162878358193421e+00,2.614842464675591227e+00,3.817512190397710725e+00
3.078512628820806896e+00,2.162535555923057462e+00,1.941126296808167506e+00,2.207637987416024128e+00,2.359146236756121784e+00,2.955916711254676699e+00,2.269203651401091371e+00,8.627433329580888044e-01,2.301480079902570530e+00,2.290177107069357731e+00,2.263953625973772255e+00,2.683846892487220970e+00,2.582626577031587267e+00,2.348530392015694801e+00,2.430216256032105004e+00,2.873043192778763633e+00,2.736543388027684376e+00,2.537310351432085831e+00,2.869641386666303084e+00,3.013059563081311953e+00,2.814203404665499786e+00,2.763945485681205572e+00,1.019872847132650362e+00,2.658016008529259011e+00,3.091880014590316250e+00,2.970475370101047563e+00,2.617725438256065296e+00,2.586823055923424430e+00,2.708676471616591197e+00,2.490118878109300216e+00,0.000000000000000000e+00,2.570474609779787922e+00,2.517122751695955785e+00,2.265103870046674572e+00,2.391320225333280813e+00,2.323160241407854265e+00,8.264942089976210493e-01,2.107988020271064578e+00,2.127058952287917304e+00,2.586883810631304570e+00,3.823337191115002920e+00
3.050343057700009020e+00,2.133900757194390430e+00,1.912119783245555649e+00,2.227355718027653531e+00,2.373305969057306175e+00,2.969324012465328622e+00,2.278656437539691826e+00,8.670663383626271425e-01,2.314331412934123033e+00,2.280299488563794164e+00,2.260529667752385841e+00,2.686029645152526957e+00,2.587428631151228675e+00,2.353966251006686772e+00,2.436027622940979409e+00,2.879767903922398897e+00,2.739975248883350645e+00,2.539817318220662923e+00,2.872492406253235764e+00,3.016501923519679274e+00,2.817754499213109831e+00,2.767806619815488478e+00,1.021480648752546516e+00,2.662192123559952606e+00,3.096942435891692824e+00,2.974636758839386719e+00,2.621210392008345380e+00,2.590243517351313862e+00,2.712361084661289112e+00,2.493599555581363258e+00,0.000000000000000000e+00,2.574231245955702185e+00,2.520784431451590368e+00,2.268364768790083197e+00,2.394733897357523400e+00,2.326457769923601315e+00,8.276648387653894323e-01,2.083923061990128112e+00,2.101668610804843684e+00,2.563288755670987129e+00,3.825355114991205951e+00
3.025338752951284516e+00,2.106154777727391014e+00,1.887050198091145603e+00,2.194088605328145647e+00,2.393616837834004585e+00,2.984185203399251751e+00,2.290458893144321273e+00,8.705731705395376441e-01,2.325779925558478567e+00,2.292830476720603361e+00,2.250294965436784089e+00,2.683382511010059535e+00,2.589049707767096198e+00,2.357794363591812825e+00,2.441499384069269585e+00,2.887241175293449036e+00,2.745893413362696212e+00,2.543441455419412467e+00,2.875885175323466214e+00,3.020045685279824976e+00,2.821282573871194188e+00,2.771542483210879482e+00,1.023008079166086715e+00,2.666624103519105837e+00,3.102361543025381252e+00,2.979293377735857895e+00,2.625147314972080981e+00,2.594011478685254612e+00,2.716278420156855500e+00,2.497264392941423328e+00,0.000000000000000000e+00,2.578228115613740545e+00,2.524720592018766752e+00,2.271893157622623782e+00,2.398435954935639103e+00,2.330025934059120285e+00,8.289278304924752039e-01,2.087104090480640828e+00,2.077656956638629815e+00,2.538892975047650769e+00,3.830510793230226696e+00
3.000107634735298401e+00,2.081493773525383340e+00,1.862948617912056903e+00,2.165601699601346297e+00,2.361501554517672741e+00,3.005918915749600462e+00,2.304390909326269110e+00,8.752154181167824953e-01,2.335789778457245447e+00,2.304789791479753713e+00,2.263127582345066280e+00,2.674362749345585932e+00,2.586306183275149717e+00,2.358495811122999442e+00,2.445050371864510019e+00,2.894270322785462035e+00,2.752177826396073890e+00,2.548526496277256026e+00,2.879727112073358963e+00,3.023391697613804663e+00,2.824329232206109985e+00,2.774704215239244931e+00,1.024292972764239806e+00,2.670363316195412562e+00,3.107663264130504199e+00,2.983799299312934750e+00,2.629038719396981527e+00,2.597678280045751631e+00,2.719971238483661846e+00,2.500679244533256629e+00,0.000000000000000000e+00,2.581951041845066186e+00,2.528425013231410556e+00,2.275243438656455286e+00,2.401964492433327880e+00,2.333426354323676843e+00,8.301300195330322262e-01,2.090119431214228829e+00,2.080670539587578638e+00,2.516145906815018929e+00,3.832111511613561117e+00
2.976313259396640376e+00,2.056014793423802889e+00,1.841176682785617524e+00,2.137875984260268591e+00,2.333733657799949679e+00,2.974638077903370537e+00,2.324376948970780621e+00,8.803862443519907544e-01,2.347912215690025395e+00,2.314353190913974068e+00,2.274266797734390888e+00,2.687705710454463492e+00,2.576713028203342581e+00,2.354381462287668203e+00,2.445381668645404627e+00,2.899716739191918968e+00,2.757978880968470659e+00,2.554444094559061629e+00,2.885877448917667731e+00,3.027709402778567149e+00,2.827680264780779940e+00,2.777767605765240955e+00,1.025494062221565139e+00,2.673738516943851007e+00,3.112681076770015043e+00,2.988427772356577528e+00,2.633284198895704975e+00,2.601719807470534995e+00,2.723948197657608095e+00,2.504289394874958496e+00,0.000000000000000000e+00,2.585710097201164626e+00,2.532190429116894403e+00,2.278696036656125745e+00,2.405636220786711910e+00,2.336985383719120346e+00,8.313922205363676321e-01,2.093279342971753554e+00,2.083807421621530320e+00,2.520531745391372702e+00,3.837762796383590302e+00
3.011444539068542259e+00,2.061182932153288849e+00,1.820573006925328308e+00,2.086225482207904935e+00,2.242817994600566855e+00,2.861102285320586525e+00,2.173682832206893956e+00,8.301913109740953756e-01,2.224287221401321624e+00,2.201840418323658621e+00,2.169441656944860242e+00,2.588924996024047687e+00,2.515953529334947092e+00,2.317297517155029407e+00,2.433521983480938289e+00,2.898248224452053989e+00,2.806312571377699072e+00,2.629827129810590414e+00,2.956922621235347659e+00,3.090248410149313063e+00,2.878484144698036484e+00,2.821500703616325545e+00,1.038699501509175782e+00,2.698674216664941561e+00,3.146952856587202696e+00,3.038016875378616088e+00,2.680789713051712653e+00,2.648461377930929395e+00,2.770262650088187950e+00,2.544639181511430870e+00,0.000000000000000000e+00,2.624156507047412212e+00,2.570690786246696113e+00,2.314423984929185441e+00,2.444147872776569752e+00,2.374989144972203370e+00,8.450515710679995518e-01,2.127562484684579758e+00,2.117381568040027418e+00,2.549589899495450673e+00,3.873806888911370372e+00
