100,0.263296475173,0.280421406301,0.175642398411,0.405374005544,0.369903718858,0.229198270482,0.17925559345,0.382441008407,0.359211164912,0.400091867513
200,0.354763535293,0.29722262172,0.228244988563,0.353368446159,0.30760445551,0.288033879993,0.202474626657,0.377017338559,0.287637245443,0.406668493451
300,0.361439227719,0.295552141878,0.277792842453,0.339511792146,0.279159383884,0.288160752686,0.216091486628,0.36027683165,0.305120276723,0.398765100641
400,0.351171461348,0.294391033509,0.280748849441,0.347085097437,0.282401776571,0.301097424061,0.227492518837,0.355191312962,0.304308987106,0.387035458386
500,0.350041244358,0.290535669514,0.303647409822,0.351845179473,0.275916164561,0.295620320789,0.251931897688,0.342829340993,0.311992776423,0.367697073133
600,0.346857457149,0.282337985458,0.311364170302,0.34066594265,0.27988165667,0.294683785295,0.260227120701,0.351888167706,0.315918710656,0.361184013544
700,0.336746992256,0.291751432308,0.310185173613,0.340610082726,0.284540630951,0.285567806846,0.259553064391,0.359018733181,0.328294838046,0.350286178579
800,0.334895255766,0.295656494699,0.306496970261,0.332489746464,0.287937657203,0.29256570377,0.267264865407,0.350820920936,0.329326255822,0.352814661607
900,0.330164422884,0.29957033315,0.304798745618,0.334399208212,0.287792414217,0.296412694543,0.269337934533,0.342535772545,0.33561689261,0.351178910744
1000,0.327497632066,0.30148380449,0.301076731945,0.333683456576,0.289271635954,0.297617363461,0.268473413595,0.342752754795,0.336319999112,0.35346602097
1100,0.324461946883,0.302879701014,0.29816961269,0.333278789877,0.289017117553,0.297085217551,0.268951057851,0.341059884901,0.343317514233,0.35312109695
1200,0.325100444268,0.304271669803,0.301015665897,0.330264422732,0.293534362132,0.298988392004,0.268469790477,0.33554905228,0.340461368692,0.354829273444
1300,0.32737633441,0.303789015911,0.299006843924,0.327597363485,0.295354824731,0.3014620992,0.266615678646,0.333295769616,0.34198994549,0.355767988299
1400,0.321748745618,0.299420577424,0.299242313755,0.324277536546,0.297760164803,0.301186324729,0.271315834508,0.337693453473,0.344740267077,0.355322190687
1500,0.322980743477,0.295638627241,0.300913416114,0.322629680274,0.293383940049,0.297267616612,0.271486750228,0.339641008961,0.348399379706,0.35882736291
1600,0.319620648235,0.294965532483,0.296964118913,0.32290302083,0.293370894893,0.302934200276,0.274293067614,0.33589524529,0.350230456439,0.36031186499
1700,0.320446448633,0.292379949898,0.293986601506,0.326288291255,0.292127504037,0.302392019968,0.275638812596,0.335381406754,0.352953135294,0.359337023568
1800,0.319950191891,0.29187558221,0.295614719702,0.322112495581,0.295039404953,0.301114089578,0.27372222528,0.336678788636,0.351382009923,0.363087140037
1900,0.320585731364,0.292896095184,0.296613932938,0.321099566229,0.296413630633,0.301919750578,0.274018151159,0.334516554368,0.347461064517,0.365539149403
2000,0.318139624576,0.297363803475,0.299355295729,0.321358175842,0.291836202202,0.301252920521,0.273585210757,0.339782981979,0.345920193852,0.362758133549
2100,0.317710525516,0.299109982599,0.302711676124,0.320438871436,0.292598746889,0.300663051557,0.275053032354,0.335889008891,0.346527463201,0.361536490815
2200,0.315779863854,0.295439235321,0.304976171781,0.320796277371,0.293676804953,0.301699343762,0.276825469652,0.337305676444,0.343451220799,0.362551041947
2300,0.316868733567,0.292976535275,0.301626901268,0.322605373565,0.294057469198,0.301331553214,0.277213793372,0.337853828404,0.344333330039,0.363149145549
2400,0.314487256387,0.294799568105,0.302561075583,0.324923713786,0.291509945696,0.301042183286,0.275921494701,0.337093694021,0.346620602661,0.362708201512
2500,0.315642244169,0.298591492405,0.300626381311,0.32423407724,0.294302892082,0.299139657093,0.273489255997,0.337827447117,0.345987330614,0.361910789456
2600,0.313891484028,0.295926132171,0.301323364592,0.323204152429,0.295977500337,0.298155968728,0.274432944588,0.340183130587,0.343964904977,0.364408623247
2700,0.312143877848,0.293394862804,0.301691324432,0.322310780973,0.297836208047,0.299029593615,0.27611856353,0.338460605618,0.343032038877,0.367410713201
2800,0.313637128346,0.294252987033,0.302850632447,0.318256607305,0.299854411468,0.299023331262,0.274611661869,0.339203129582,0.342015775988,0.367788550644
2900,0.31673136933,0.293387843312,0.30249897544,0.319687356878,0.301518182952,0.29570784752,0.274150571968,0.339046654257,0.343035809867,0.36572953713
3000,0.314179734043,0.296687114748,0.301040997524,0.321516992301,0.302227726389,0.294133088469,0.274682443012,0.339922182305,0.341219120507,0.366039747948
3100,0.313403954258,0.296760894152,0.303684295676,0.321634067959,0.302223507058,0.292309736902,0.272769788859,0.337775698727,0.342491262453,0.368046508363
3200,0.312555984747,0.297128302321,0.301837894785,0.323769423138,0.302670895422,0.29242713305,0.272378924468,0.335185361436,0.344147878123,0.368768502126
3300,0.312311543267,0.297857724753,0.302761120296,0.324650822265,0.304012311558,0.2895505881,0.270759778289,0.335270063868,0.345348255366,0.368014271447
3400,0.311117348147,0.296226408365,0.303652091076,0.323421212361,0.306567426658,0.2899002856,0.270237348892,0.336140430895,0.345723491319,0.367533574659
3500,0.311642894698,0.295646656996,0.303673520053,0.321319304637,0.306076207679,0.289359833496,0.272440754864,0.3371530611,0.347035020817,0.366424402486
3600,0.309872046478,0.297145204559,0.302028560802,0.321389524769,0.307506902327,0.290763826601,0.271850023235,0.337945204801,0.346581839598,0.36584026308
3700,0.309363218104,0.298496385431,0.299803813503,0.320138706223,0.307273403945,0.29102370283,0.27252603138,0.338315373169,0.346825009752,0.367009716606
3800,0.310005092466,0.298599395851,0.298879817698,0.321208060849,0.307512553741,0.290584130034,0.273518332209,0.338847668511,0.346321522911,0.365595069146
3900,0.310454225085,0.297602432425,0.298930686078,0.319100784801,0.305950143928,0.292147054877,0.274784896541,0.338586479686,0.345025768119,0.368402475425
4000,0.313820938689,0.296624255685,0.296475435511,0.321267377915,0.306140060736,0.290158465973,0.274689911346,0.338246029921,0.345045057017,0.36821918706
4100,0.312754236468,0.297608830481,0.298931664112,0.320575086931,0.305199048606,0.288736483829,0.273863286233,0.33984360107,0.345488661701,0.367576986439
4200,0.31472254318,0.296065169382,0.299067491895,0.32154975725,0.303699963384,0.290017769705,0.274144915954,0.339241403113,0.34579134713,0.366474733662
4300,0.314638850768,0.29617524158,0.299721761214,0.321214167392,0.304228922284,0.290434365494,0.273820081118,0.338823665454,0.34528224213,0.366558108278
4400,0.316007230404,0.296482412189,0.300336381324,0.320273331845,0.303928818405,0.290449043724,0.273539898761,0.338768324298,0.344713648875,0.366485652403
4500,0.317104964999,0.294758397548,0.300268598539,0.32062222255,0.303326337902,0.291931607417,0.273181145286,0.33760360913,0.344231240719,0.367793249785
4600,0.317792521943,0.293496438058,0.298376231309,0.320376252372,0.303543250973,0.292076737773,0.274934676335,0.338200106087,0.343458052499,0.368536684138
4700,0.317559803751,0.293356256228,0.296608306909,0.321003649456,0.303333160793,0.292749513865,0.275254656993,0.338273412747,0.343221006851,0.36928319142
4800,0.317597662939,0.293755662356,0.296424620563,0.320207343326,0.302565690681,0.293162818028,0.27552638206,0.339146851035,0.34253307349,0.369708427913
4900,0.318888504479,0.294592054128,0.295969065848,0.31947322271,0.302785571108,0.293586161356,0.275821792278,0.338351451193,0.341674261372,0.369719099686
5000,0.319284283818,0.295030756667,0.295094258639,0.320271328627,0.303786133217,0.293667599083,0.275102382566,0.337384763553,0.34208286036,0.369192222148
5100,0.31963792908,0.296015276754,0.295874581092,0.319055523357,0.304011402455,0.292464202004,0.274476111654,0.33842907306,0.341863145736,0.369009931372
5200,0.320669114188,0.297115051605,0.295664816608,0.319088610558,0.303810881288,0.290662030979,0.27290579633,0.339550771732,0.342524254239,0.368480809961
5300,0.322142911741,0.297657053516,0.296013059125,0.319406120463,0.303982998187,0.290717752969,0.271626226767,0.338331722917,0.341658266926,0.368887806398
5400,0.321695717816,0.298283003281,0.297277726805,0.318610160881,0.304074314929,0.291614511459,0.271109834028,0.338019610684,0.340800288898,0.369120285411
5500,0.321717648885,0.29895890439,0.297801117401,0.318376239798,0.303501530507,0.290781640199,0.271181202776,0.337849589666,0.340700919815,0.369657333557
5600,0.322452858763,0.299223391622,0.296834498731,0.318461072752,0.302397939218,0.290920510017,0.271897503973,0.336999891094,0.341570141899,0.369749568483
5700,0.321769624677,0.299560692465,0.298451349954,0.318827082209,0.301066540022,0.29032011505,0.271555851798,0.338387617727,0.342101921063,0.368503009392
5800,0.322190369464,0.300099000912,0.298082933141,0.318883256009,0.300738967347,0.289896018033,0.27116336177,0.338670142527,0.342130183128,0.368551577555
5900,0.32177682814,0.300214888871,0.297549474994,0.318623773289,0.29993476574,0.290582681316,0.271488518067,0.33994645215,0.34232135645,0.367996221673
6000,0.323144049738,0.29995497684,0.296118963007,0.31795320466,0.299643644748,0.291071112143,0.272761659963,0.339000629167,0.342377404042,0.368473759853
6100,0.322102442789,0.301047694403,0.296650965493,0.317713863183,0.299529773239,0.290930747974,0.273017416247,0.339254762364,0.34244783122,0.367987502798
6200,0.322217026859,0.301053298293,0.296988242184,0.318832091342,0.299152972231,0.291586347708,0.272551109268,0.338562043422,0.342276713368,0.367573623694
6300,0.323181180562,0.301121362543,0.296038575483,0.319025921889,0.299226913885,0.291035448577,0.272751849123,0.33963385851,0.341655377442,0.367085777764
6400,0.32362153672,0.302514741396,0.296371158533,0.318360068931,0.299492085012,0.290735570731,0.273454938581,0.338159398329,0.341297012004,0.367054793621
6500,0.323705814431,0.302808718098,0.297158435323,0.31764316621,0.299934125971,0.290803929717,0.27255468316,0.338936774088,0.341558332401,0.366015596922
6600,0.324274287288,0.302596261949,0.296859138294,0.318408202594,0.298755528351,0.291844477816,0.272715876025,0.338107492217,0.341850685421,0.365775854843
6700,0.324975022552,0.301640259321,0.296528422928,0.316857634682,0.298730196047,0.291692573634,0.273005146295,0.338406329937,0.342274248186,0.366810468571
6800,0.325647982644,0.302227870015,0.296687720958,0.31670626848,0.298389042012,0.291375853948,0.272508729558,0.338386545463,0.342328270128,0.366598181533
6900,0.325540505411,0.301351573826,0.2966688297,0.317679269906,0.298517304356,0.291473034242,0.271467886014,0.338410401524,0.342769270758,0.366744868515
7000,0.325932581878,0.301406879685,0.295758590708,0.318274120451,0.298130150847,0.290274541507,0.272030997595,0.338011244094,0.342812871424,0.367744829101
7100,0.325707051854,0.301734317393,0.295199156345,0.318993328749,0.297607519246,0.290668742238,0.271656129378,0.3385905321,0.342040871925,0.368077328882
7200,0.325241308905,0.302368360301,0.294925593276,0.319216188625,0.298261621521,0.290795439608,0.271053285495,0.338059162953,0.342191222583,0.36815850989
7300,0.325058006154,0.303296018656,0.294191310589,0.318980394314,0.297160179505,0.291534253912,0.271207757438,0.338296230059,0.342192473831,0.368322859621
7400,0.32475852364,0.302974066524,0.294627117081,0.319340939714,0.297446522988,0.291528048719,0.270758961372,0.337651365516,0.342457207299,0.368640755456
7500,0.324765727016,0.302768100392,0.294305034464,0.320373041776,0.297350420919,0.29106420024,0.271341668898,0.337447823717,0.341439420737,0.369310853085
7600,0.324910043323,0.303491434591,0.294124169089,0.31947422856,0.297403175251,0.290910158753,0.271354670885,0.338014392521,0.341395186621,0.369104963114
7700,0.325368347286,0.303776529045,0.294125234265,0.319166327197,0.297122969937,0.289974805867,0.272195243238,0.338147778247,0.342167363267,0.368236797424
7800,0.325210783578,0.303197069618,0.294154267189,0.319353519573,0.297369902038,0.290525545506,0.272307041976,0.338434137848,0.341798096183,0.368031791148
7900,0.324912893419,0.303874023596,0.293284047481,0.319964682851,0.297264089576,0.290802009645,0.273067209042,0.338273970144,0.3416955256,0.367446185427
8000,0.324873360913,0.303736421171,0.293119794495,0.31999896036,0.298341404239,0.29055289713,0.273639720115,0.337631433915,0.341844076261,0.367046732293
8100,0.325092457504,0.303192868827,0.292416500625,0.319770343758,0.298536025883,0.290737887606,0.27333561389,0.338168079583,0.342480790148,0.366896604307
8200,0.325841036266,0.303116114478,0.291757793999,0.319729695527,0.299169009158,0.290291916945,0.273239272093,0.338738744391,0.341801239212,0.366872368394
8300,0.326106693453,0.303414821434,0.291675184611,0.319559656357,0.298704315969,0.290566440365,0.272745432762,0.338566347629,0.341945411458,0.367156712357
8400,0.326281375026,0.303061142885,0.291250269821,0.319868303471,0.298852173326,0.290735174917,0.272256641562,0.338459041502,0.342651407148,0.3669117126
8500,0.325557008714,0.303405130414,0.292354720955,0.319788395956,0.298191113457,0.290364051591,0.272457470322,0.339158641321,0.342723849357,0.366430816426
8600,0.325315747565,0.30273994046,0.293409037648,0.319087502405,0.299464697226,0.290273905101,0.272405330762,0.338933670281,0.343188481707,0.36580789952
8700,0.326165669818,0.302432596776,0.293977325623,0.319186595093,0.299152761902,0.290869446294,0.272258512709,0.338450164541,0.3426477413,0.365608580033
8800,0.325739298657,0.301850006757,0.294485208548,0.319469818739,0.299910080201,0.291021121743,0.272460176005,0.337979750539,0.342714779245,0.365294882102
8900,0.325450247969,0.302441951408,0.294787618751,0.319369487224,0.30004831078,0.29086340512,0.271576664888,0.337810786923,0.342647376329,0.365795907808
9000,0.325365488212,0.302772196607,0.295085877812,0.320165100894,0.298980364373,0.290498687117,0.271948652567,0.33752974284,0.342896423163,0.36557602421
9100,0.325398366151,0.302244775875,0.294924591605,0.320883849234,0.299157830837,0.290311501408,0.272761051709,0.337331245038,0.343047393839,0.364922442585
9200,0.324768263619,0.302395986088,0.294369231681,0.321157461421,0.299613449601,0.290057872818,0.272763894889,0.337834206943,0.342821422826,0.365138976976
9300,0.325469828026,0.302465525967,0.294747694216,0.321675919057,0.298956369865,0.290282975715,0.27265313712,0.337098896543,0.342273829625,0.365330679999
9400,0.325437443575,0.302214905254,0.294424825461,0.321164272435,0.299052000284,0.290744664601,0.272724862867,0.337362688775,0.342625236882,0.365205568421
9500,0.32567796852,0.302440244689,0.293912305624,0.32138339279,0.299351694059,0.290044739698,0.273727275011,0.337392328587,0.342456919718,0.364715912121
9600,0.326016583295,0.303145197822,0.293922711336,0.321583740685,0.299647212794,0.289470056524,0.27343334981,0.336627636213,0.342601057759,0.364648736669
9700,0.325505311616,0.303633821798,0.2938108421,0.321939780109,0.299644325631,0.289159645043,0.2737076563,0.336479606824,0.342990291813,0.364288336363
9800,0.324695109309,0.304162040447,0.293346496386,0.322580607365,0.299832018482,0.289405484063,0.273345462336,0.336191450915,0.342931041632,0.364622020286
9900,0.324464981783,0.304001597336,0.29337931421,0.322124332795,0.299402137336,0.289603871098,0.274274709632,0.336575555043,0.343025894467,0.364391917803
10000,0.324516096583,0.304320811063,0.292495404576,0.321890344865,0.299250744034,0.290009689194,0.274643549751,0.336939266704,0.343207889293,0.364013405558
10100,0.324079200462,0.305044316775,0.292682159315,0.322712696986,0.299073307194,0.289817098753,0.274014294097,0.337095699148,0.342946734828,0.363793492199
10200,0.324401457864,0.305660486449,0.292813169207,0.322622087298,0.298662814279,0.289696181892,0.273784943251,0.336731281518,0.342972293792,0.36388363255
10300,0.32530112479,0.305720846125,0.293011482822,0.322852907267,0.298601503641,0.289171046243,0.27383907948,0.336711146544,0.342742039586,0.363327838652
10400,0.325793259322,0.306087952066,0.293395693901,0.322939014129,0.297825101649,0.288872258044,0.274283515713,0.336433306868,0.342555531025,0.363164145114
10500,0.325518114648,0.306213871231,0.293392769359,0.323092143932,0.297522523507,0.288120085922,0.274747684233,0.336345874934,0.342870799985,0.363448913266
10600,0.325654380416,0.306159255617,0.29336050493,0.323166046199,0.297198657271,0.288176737946,0.27474413892,0.336309680563,0.343396956744,0.363092506476
10700,0.325368433021,0.305672487699,0.294281871421,0.323817903488,0.297017809057,0.287561329837,0.274254534326,0.33646595381,0.34380063039,0.362911835227
10800,0.325439500749,0.30671073813,0.294021254466,0.323616598982,0.297240916869,0.287576511989,0.274239815725,0.335731989619,0.344095619317,0.362579370248
10900,0.325394574899,0.307113047914,0.293344032861,0.324110813062,0.297303002752,0.287389715132,0.273841141196,0.335354018971,0.344443127897,0.362804527057
11000,0.325843728475,0.307072731601,0.293049947576,0.32439035627,0.29676883664,0.2872298359,0.273608883725,0.335517314325,0.344435064636,0.363019149436
11100,0.325985695079,0.306340101602,0.293039389456,0.324407730188,0.296922761045,0.287442862385,0.273906175266,0.335486068776,0.344266030065,0.363174186534
11200,0.326200497827,0.306354684891,0.292672211717,0.324664190676,0.296386682471,0.287063092223,0.274479483722,0.335664498603,0.344499300188,0.362955213689
11300,0.326174393071,0.306486045384,0.292487915476,0.324461179671,0.2965328865,0.286783384403,0.274701239993,0.335755813976,0.344735366463,0.362823177828
11400,0.326043313491,0.306881533078,0.292319843593,0.324443054823,0.296060496684,0.286581096124,0.275202055694,0.335560207309,0.345374033633,0.362497870275
11500,0.325956431595,0.306325604924,0.292254532912,0.324944752809,0.296062230041,0.28619121907,0.275252310963,0.33542831596,0.345576714479,0.362846676608
11600,0.325822348746,0.305513456952,0.292922574103,0.324467623621,0.296271994199,0.286222914434,0.27526567803,0.335607522517,0.34573716705,0.36301516337
11700,0.325352596149,0.304772247739,0.292920492536,0.324118668952,0.29619846797,0.286796664508,0.275526298775,0.336342740614,0.345244991128,0.363569931508
11800,0.325989819837,0.30487779226,0.292556505665,0.324716961654,0.295969440998,0.286313507483,0.275289920255,0.336603495874,0.345362113833,0.363063323795
11900,0.325777219371,0.305039362334,0.291991871881,0.324993691461,0.296348157135,0.286690778304,0.275504456122,0.336555216119,0.345375080903,0.362588113541
12000,0.325065502827,0.30461989727,0.292356463681,0.325198772524,0.296711241245,0.286637223271,0.275355171976,0.336663086237,0.345559103197,0.362685176062
12100,0.325087437316,0.304580070005,0.292763625087,0.324997826885,0.29721062684,0.28636449335,0.275152381559,0.336551497843,0.345112866262,0.363039388229
12200,0.325052934781,0.304568947888,0.292004637322,0.324462696387,0.29740928988,0.28710726724,0.275196033984,0.336543672921,0.345381598912,0.363138785631
12300,0.325432682494,0.30532599418,0.29238278999,0.324114883265,0.297573649416,0.286982477607,0.275582678628,0.336227352195,0.344754066012,0.362729131131
12400,0.324944537602,0.30585863045,0.292338889605,0.324534616261,0.29741677429,0.286637918791,0.275902975727,0.336239085037,0.344608596144,0.362663079398
12500,0.324971924823,0.306264480083,0.291701529008,0.324249721717,0.297123397888,0.286695580838,0.275957928408,0.336424438871,0.345420827652,0.362272346607
12600,0.324975669961,0.30635730843,0.291905894726,0.324507748887,0.296918953481,0.286518010813,0.275758265976,0.336609037304,0.345157825707,0.362334179577
12700,0.324817572957,0.306268645073,0.292455295574,0.324549385248,0.297285567679,0.286413238394,0.275596007517,0.336089013935,0.345271656617,0.362350527227
12800,0.324504342981,0.306833128533,0.292384731081,0.325092932573,0.297028888581,0.286708994708,0.27563690463,0.335451256274,0.345411898839,0.362126055615
12900,0.324540116003,0.306962259565,0.292081839437,0.325112622469,0.296594032803,0.286416299527,0.276054132257,0.335395661134,0.34538361131,0.362559756116
13000,0.324288730427,0.307224794647,0.292087051302,0.325295247358,0.296931548301,0.285879701007,0.276198351086,0.335414174759,0.345101322417,0.362683378513
13100,0.324248740784,0.306762859556,0.29245045533,0.325332822585,0.296823420664,0.285903757792,0.276469813186,0.335484375598,0.344977812174,0.362698871355
13200,0.32432082087,0.306865801433,0.292359771504,0.324970686238,0.296759942376,0.285838942378,0.276322161525,0.335544897699,0.345176233493,0.362915817077
13300,0.324391289698,0.306900410509,0.292081091623,0.325287241069,0.296428441976,0.285583557354,0.276358837589,0.335177697494,0.34595090057,0.362810094749
13400,0.324123990229,0.306764127916,0.292049106444,0.325479410501,0.295862094765,0.285564788411,0.276921650987,0.335380563829,0.346234465977,0.362607536103
13500,0.32371550815,0.30668843268,0.291472605474,0.325600072276,0.295895574891,0.285571695874,0.276918536864,0.335569148055,0.346328877022,0.363096658298
13600,0.323699232632,0.306405486343,0.291209403268,0.325842386947,0.295852472657,0.285912418208,0.276875527985,0.335848770581,0.346217418524,0.362991397968
13700,0.32421100776,0.306515253301,0.29049234752,0.325802285695,0.296150092657,0.286748073046,0.27659569699,0.335578787013,0.346156578389,0.362671580336
13800,0.324009908563,0.305983843045,0.290289882348,0.325995954846,0.29636933478,0.286573250422,0.27667490267,0.335891813062,0.346170570965,0.362883593005
13900,0.323725063563,0.306537512051,0.290304005871,0.325465533082,0.296914598954,0.285909075668,0.27681649203,0.336223320789,0.34617239448,0.362796790027
14000,0.324003540738,0.306201241003,0.290454401451,0.325048903772,0.296974633459,0.285711270926,0.276487905659,0.336847017437,0.346258904984,0.362781461443
14100,0.32347715086,0.306442438943,0.290210070464,0.325486354853,0.296923268285,0.286444894776,0.277078711581,0.336305527492,0.345748525049,0.362852786255
14200,0.323146870305,0.306289635195,0.289729311729,0.325329753721,0.297127794221,0.286694112604,0.277359736647,0.336322091422,0.346004043923,0.362962843071
14200,0.323146870305,0.306289635195,0.289729311729,0.325329753721,0.297127794221,0.286694112604,0.277359736647,0.336322091422,0.346004043923,0.362962843071
14300,0.322964761806,0.305878846771,0.290234086542,0.325136481974,0.297125738178,0.286417753542,0.277643771446,0.336309963387,0.346223448042,0.363045963655
14400,0.322619449877,0.30609812422,0.290147041276,0.325219042867,0.297172808728,0.28640461061,0.277316704287,0.33637393245,0.346410375167,0.363148032278
14500,0.322645602184,0.306254070952,0.290182821193,0.325385221671,0.297142754912,0.28668434723,0.277401370473,0.335909977005,0.346414324922,0.362980712949
14600,0.322638925847,0.305985531483,0.28988552148,0.325741293098,0.297345501084,0.286888109788,0.277410189635,0.33555645266,0.346331526868,0.363203476262
14700,0.322642017073,0.305997705469,0.29019577645,0.32572119143,0.297380938625,0.28673929998,0.277243265288,0.335585005517,0.34675829999,0.362742826743
14800,0.322284921669,0.306484319673,0.289932252012,0.325847705138,0.29735995574,0.286884086075,0.277090796609,0.335362948418,0.347103240897,0.3626412203
14900,0.322054852382,0.306747959416,0.290016386709,0.32574619306,0.297881518215,0.286695441727,0.276924703522,0.335412896767,0.347478591956,0.36208855932
15000,0.321930172257,0.306406421675,0.290155142512,0.325748498434,0.297826098639,0.287394699462,0.276795321954,0.335782245857,0.347282318462,0.361811420598
15100,0.321713813934,0.306763771676,0.29020048422,0.325294650946,0.297847216435,0.287817191808,0.277203367888,0.335871662909,0.346970248677,0.361623760995
15200,0.321947406348,0.306749825413,0.289870605272,0.325319924796,0.297768957417,0.287427804666,0.276892792145,0.336378176923,0.34711486912,0.361672043948
15300,0.322028257936,0.306743490148,0.28966949833,0.325371677062,0.297672240079,0.287445979494,0.276882078876,0.336358530269,0.347024149098,0.361898640036
15400,0.321781336897,0.306130303085,0.290132979575,0.325673577261,0.297893563298,0.286932312837,0.27695657511,0.336570277239,0.346953007688,0.362034489005
15500,0.322018408981,0.306092093392,0.290156565792,0.325267134816,0.298185952156,0.287016542978,0.27668718224,0.336082891361,0.346902866876,0.362601391672
15600,0.322141834499,0.306014044412,0.290522998758,0.325049667572,0.298231949127,0.286775720202,0.276403585186,0.336657718838,0.346496148639,0.362683873555
15700,0.322264796485,0.306203487207,0.290814301369,0.325193764053,0.297958917803,0.286793440493,0.276494360982,0.336247254951,0.346464349116,0.362604461879
15800,0.321997347118,0.305923742905,0.291032601349,0.32578060061,0.298146929513,0.286813190184,0.27615782295,0.336566812842,0.346442965911,0.362186289414
15900,0.322443087305,0.305911810645,0.290791964149,0.325308992404,0.297898504871,0.286950402342,0.276548262475,0.336348918774,0.34630477479,0.362549205373
16000,0.323109657961,0.305720111291,0.291187041483,0.3257046895,0.29761574265,0.287168659426,0.276621138414,0.335997484913,0.34607674489,0.361992096496
16100,0.323044872638,0.305169409055,0.29142042713,0.325399479681,0.297808888253,0.287364533456,0.276826730466,0.335938402561,0.345987746555,0.362269618546
16200,0.323005168691,0.30497293733,0.29104125749,0.325081662391,0.297935621538,0.287559638365,0.2767877586,0.336201941797,0.346494317917,0.362102701158
16300,0.322877653828,0.305397186384,0.290976230102,0.325217986334,0.298027051113,0.287281743123,0.276998548672,0.336138902146,0.34639296024,0.361928322399
16400,0.323032483466,0.305270910993,0.290475104422,0.325107586669,0.298286398688,0.287057292139,0.276709425399,0.336595727705,0.346581693217,0.361978772347
16500,0.32279686131,0.305348971693,0.290404236814,0.325091411147,0.298061957835,0.28707395281,0.27658616661,0.336705380445,0.346608927224,0.362332155834
16600,0.322789087942,0.305862987302,0.290324470507,0.324656144407,0.297820605513,0.287374067737,0.276701871088,0.336844165823,0.346372457303,0.362329080893
16700,0.32285946827,0.305916316343,0.290171825692,0.3250130558,0.297630026232,0.286938143503,0.276404719653,0.337163880676,0.346056649009,0.362756681212
16800,0.322760352153,0.305603961504,0.290250688654,0.325012053257,0.297691055559,0.286976967848,0.276600923901,0.337013036638,0.346330670082,0.362694280522
16900,0.322696928403,0.305400073092,0.290659295875,0.325136488269,0.297960120639,0.286580331493,0.276724733449,0.336774165778,0.346286284359,0.362746189517
17000,0.32237196101,0.30554590402,0.290339468593,0.325011248452,0.298209797742,0.286431578277,0.276335672506,0.336900248133,0.346355607108,0.363305904821
17100,0.322115166616,0.305947344848,0.290575923187,0.325013003741,0.298385212444,0.286123715624,0.27662167959,0.336791155679,0.346314059053,0.363026779413
17200,0.322312619936,0.306114333546,0.290372128605,0.324982933363,0.298682434535,0.285585682944,0.276540595072,0.336926509506,0.346249282264,0.36307794174
17300,0.322100804967,0.305997234957,0.290295972171,0.325271364434,0.29871023129,0.2854416739,0.276065975697,0.337044754813,0.346460079623,0.363307891087
17400,0.321854601609,0.306169022494,0.290363582849,0.325362777724,0.298443562344,0.285372513635,0.27613851618,0.337085510263,0.346450922548,0.363434730303
17500,0.322087220055,0.305943393379,0.290272457534,0.325702080841,0.298473840351,0.284972028614,0.276182831028,0.337343091684,0.34632192805,0.363327168928
17600,0.322064075306,0.306024445395,0.290272969232,0.325875358801,0.298374847463,0.284952157038,0.276528877719,0.337329633493,0.346018748188,0.363258677439
17700,0.322065760743,0.306503927939,0.289945405954,0.326252663874,0.298218163372,0.285159259234,0.276194246777,0.33757982886,0.345794323362,0.36297776217
17800,0.322137051098,0.306525309972,0.290003237579,0.325927639055,0.298819370475,0.285008741729,0.276024894191,0.337718139148,0.34550494597,0.363041733833
17900,0.322368184948,0.306504641456,0.289754947717,0.326100431823,0.298540307081,0.284704559487,0.276119287422,0.337611849261,0.345589109801,0.36331223642
18000,0.322489686494,0.306575842787,0.28930526549,0.326215219999,0.298132256333,0.285293722576,0.276353064531,0.337568632646,0.345740092564,0.362991168335
18100,0.322426261017,0.306481413983,0.2891839157,0.326192329558,0.298276381892,0.285290519004,0.276741286438,0.337541025679,0.345864289262,0.36274013519
18200,0.322621179255,0.306299943985,0.28898144971,0.325921327402,0.298231026399,0.285272468247,0.276813330592,0.337759987427,0.345734092393,0.363041748411
18300,0.322619288546,0.306439854189,0.288887320256,0.325923768701,0.298107386936,0.28548928313,0.276730579814,0.338111307185,0.34537719257,0.363004963722
18400,0.322775812732,0.306703734091,0.289611273564,0.325998902215,0.298632998467,0.285602142107,0.276271851918,0.337595059721,0.345050805652,0.362617911649
18500,0.322798341383,0.306912503332,0.289566617108,0.325984550423,0.298762967301,0.285482405123,0.276318901766,0.337448127938,0.345270142607,0.362349048679
18600,0.322866679464,0.306819197895,0.289375167973,0.326384499201,0.299010661428,0.285412294963,0.276119261173,0.337310977107,0.345181118916,0.362375713384
18700,0.32271098395,0.307406069993,0.28961246719,0.326214212996,0.299002064581,0.285482530502,0.276265816795,0.337423108539,0.344637192303,0.36223414415
18800,0.32241788076,0.307117763543,0.289487465386,0.326878347321,0.298963061098,0.285577436583,0.276081304109,0.337498482026,0.344775373587,0.362137251125
18900,0.32246794155,0.307212883222,0.289123119507,0.327129504106,0.298897912395,0.285751769608,0.276136901821,0.337389625493,0.344555546602,0.362260778811
19000,0.32274786519,0.307102984798,0.289145592742,0.326813839465,0.299236935022,0.285730283731,0.276080666131,0.337107478277,0.344656744947,0.362317977049
19100,0.322304787226,0.30719846548,0.288951203778,0.327280050609,0.299144488067,0.285607482512,0.276289752021,0.336933069324,0.34494363065,0.362268698396
19200,0.322520021597,0.307048881287,0.289174733478,0.327322788399,0.299153511817,0.285497556471,0.275750643247,0.336918922031,0.345297407987,0.36215304812
19300,0.322541683279,0.306937252503,0.289061552535,0.327127028165,0.299147617243,0.285365368839,0.276072823262,0.337138364679,0.345021938679,0.362417442153
19400,0.322488397427,0.307519536321,0.289150348606,0.326854496596,0.298963004503,0.285387490763,0.275933386134,0.337192667469,0.345026491455,0.362332548818
19500,0.322504059546,0.30744003639,0.289419845629,0.326774039294,0.299052298548,0.285329438949,0.276056788026,0.336986646846,0.34501415459,0.362324926783
19600,0.322898416292,0.307532675464,0.289458141236,0.326895950529,0.299136887053,0.284715413306,0.276030364757,0.33705348241,0.344934016795,0.362201955121
19700,0.323136865719,0.3073438012,0.289707018849,0.326821148845,0.298944406803,0.284973230808,0.275952574886,0.337072086264,0.344925271805,0.362024550389
19800,0.323261443898,0.307719515483,0.289785313142,0.327116904882,0.298693500566,0.285084808146,0.275697548266,0.336746289046,0.344559174479,0.362229706634
19900,0.323315038587,0.308047071023,0.289562369933,0.327305722235,0.298469063646,0.284904763275,0.275905192206,0.336689036943,0.344494014943,0.362194934894
20000,0.323386388464,0.308104694287,0.289492199904,0.327373159175,0.29862191832,0.284370666512,0.276079112468,0.336802398385,0.34465496335,0.36197999976
20100,0.323251800638,0.308223511286,0.28970581881,0.327514585873,0.29885886955,0.28443855152,0.276129105417,0.3368690811,0.344663897503,0.361342079838
20200,0.322978102573,0.308022490844,0.289856527635,0.327257390236,0.298814635799,0.284702116484,0.276417241863,0.336812319248,0.344721730475,0.361476833502
20300,0.323236921264,0.30781812901,0.289824201094,0.327297627826,0.298875339734,0.284723589318,0.276309732965,0.336920974858,0.344785643989,0.361261877754
20400,0.323564765906,0.308079338256,0.290141032816,0.327214062552,0.298501640868,0.284408995657,0.276477847398,0.337132132767,0.344609450142,0.360966269011
20500,0.323210125369,0.308086394753,0.290581953818,0.327316782294,0.298326749267,0.284272739154,0.276127835705,0.337323668464,0.344738017697,0.361048280725
20600,0.323024740174,0.307778215825,0.290725150414,0.32726526093,0.298511818261,0.284691559654,0.276046171595,0.337428399608,0.344654570138,0.360969731131
20700,0.322773251021,0.307613950061,0.290717906887,0.32767880865,0.299052678535,0.284616558436,0.275852471854,0.337454886234,0.344496597536,0.360850940238
20800,0.323138964716,0.307384724071,0.290610768921,0.327459613679,0.299071302932,0.284863548933,0.275475120426,0.337396034911,0.344658571542,0.360982520703
20900,0.32298639747,0.307416741267,0.290695762207,0.327586483011,0.298817710556,0.285064719858,0.275790620836,0.337432939147,0.34456502133,0.360773303732
21000,0.322602264945,0.307705549411,0.290679064906,0.327919494879,0.299076902851,0.284946109917,0.276037090432,0.336878746811,0.344725699977,0.36063652986
21100,0.322434610205,0.307503769398,0.290766340491,0.328151740731,0.29900771027,0.284640748013,0.276243705915,0.336612445792,0.345080498001,0.36072660588
21200,0.322596976409,0.307587642498,0.290588592536,0.328276382632,0.299042704761,0.284332587612,0.276012513663,0.336560347784,0.345029445213,0.361028068682
21300,0.323077433941,0.307483376152,0.290459931341,0.32809950095,0.298860438947,0.284393548945,0.275838200532,0.336854651873,0.344949556032,0.360989574106
21400,0.323355570629,0.307564766544,0.290293842388,0.327992609467,0.298987600292,0.283967340096,0.275909863659,0.336661656848,0.345264477579,0.360956373578
21500,0.323564724578,0.307818472459,0.290615223658,0.327964279264,0.298661994823,0.283786869926,0.276147184424,0.336606875381,0.345064959662,0.360791661804
21600,0.323320786928,0.308000167936,0.290776413193,0.327916756841,0.298511699126,0.283570831693,0.276240745838,0.33670724773,0.345154804185,0.360811631071
21700,0.323104717022,0.307992452946,0.290836437119,0.327840888123,0.298923093356,0.283378119196,0.276232107818,0.336452205105,0.345421312885,0.360832632117
21800,0.323258838029,0.308117296491,0.291053267836,0.327547033326,0.299079687231,0.283146424514,0.276229029247,0.336405360681,0.345501767126,0.360701150637
21900,0.323294091477,0.308147479593,0.290984289938,0.327429349655,0.299243766975,0.283292656458,0.27593714873,0.336184495258,0.345781613185,0.360716530029
22000,0.323226351057,0.308205435529,0.291068886383,0.327481452333,0.298909349186,0.283563140149,0.275673385428,0.336005786165,0.345926506584,0.360906126355
22100,0.323076288629,0.308181040721,0.291637277858,0.327569105328,0.298469266356,0.283529332375,0.275687358866,0.336022926355,0.345815314746,0.360993619335
22200,0.322871021993,0.308361570876,0.291656408915,0.327181387982,0.298710296013,0.283913939163,0.275605691375,0.336009243099,0.345732005047,0.361012506134
22300,0.322920971452,0.30798529522,0.291801853573,0.327455628647,0.298766203221,0.28424832975,0.275168970044,0.335844909025,0.345748527526,0.361083684499
22400,0.322933049416,0.308213062442,0.291624149516,0.327319255286,0.298562051128,0.284363834571,0.275143359498,0.335976293289,0.345670899836,0.361195260996
22500,0.322707373125,0.308707372331,0.291412505079,0.327482108418,0.298331123269,0.284374024284,0.275159432367,0.33604429697,0.345608063633,0.361165431562
22600,0.322866857607,0.308765960156,0.291414161363,0.327583971166,0.298257024547,0.284282675746,0.275261583611,0.33585956529,0.345690163213,0.361027608539
22700,0.322924753778,0.308934721015,0.291500017032,0.327559850975,0.298156518625,0.284249360894,0.275355420098,0.335904368711,0.345458054458,0.361002212173
22800,0.322955788305,0.308946535342,0.291409993202,0.327425906087,0.298507333584,0.28391737201,0.275550702149,0.335646160829,0.345605259165,0.36108012512
22900,0.322871507245,0.308717755327,0.291522240595,0.327447086797,0.298632767426,0.283748867358,0.275508882537,0.335749391646,0.345665113174,0.36114873338
23000,0.322669214536,0.30877734515,0.291432429864,0.32758224656,0.298644838915,0.284118349863,0.275463724677,0.335830731032,0.345479856602,0.361064105526
23100,0.322766170498,0.308648114807,0.29117860995,0.327838639549,0.298844147326,0.284284022942,0.275484741551,0.33555572197,0.345573894943,0.360914327235
23200,0.322743065961,0.30834676928,0.291175839307,0.327507930456,0.298670351051,0.2846325528,0.275501409907,0.335802400675,0.345697202023,0.361003969486
23300,0.322512673893,0.308283927762,0.291047685649,0.327572331449,0.298677322057,0.2847312457,0.275543439045,0.335956279611,0.34585243365,0.360900911537
23400,0.322207219856,0.308354699323,0.290951503568,0.327458921759,0.298678264643,0.284695521813,0.275698112681,0.336005326939,0.345997965231,0.361017862559
23500,0.322238874827,0.308203803329,0.291056471962,0.327356227503,0.298328325414,0.285367489831,0.275986752721,0.335754735092,0.346032460912,0.360865301451
23600,0.322082878998,0.308315490249,0.291237421858,0.327183457993,0.298316984969,0.285286625299,0.276360790829,0.33587644262,0.345738693285,0.360875226233
23700,0.322262011333,0.308247117424,0.291271186279,0.327208146412,0.29838605389,0.284957178728,0.276500921424,0.335808823446,0.345550208088,0.361063336535
23800,0.322312285714,0.3080628997,0.291486824152,0.327011996456,0.298486033507,0.284767019668,0.276340847948,0.335854217387,0.345681802404,0.361201093633
23900,0.322651710532,0.308351232031,0.291306405647,0.326922860654,0.298389323344,0.284780834131,0.27658714152,0.335533177736,0.345606120793,0.361129547236
24000,0.322598519676,0.308235699279,0.291314978223,0.326883151203,0.298353964505,0.285009214383,0.276680744939,0.335262148793,0.345653350876,0.361288548518
24100,0.322543860685,0.308464866521,0.290974793631,0.327095633231,0.298419279778,0.284771105523,0.276844343745,0.335402574101,0.345647140685,0.361107640358
24200,0.322757960104,0.308665734313,0.291016387089,0.32703282196,0.298419677745,0.284776604534,0.276718517707,0.335438602236,0.345454089146,0.361011106869
24300,0.322579501369,0.308802891767,0.290932501352,0.327237016963,0.298350386084,0.284945832063,0.276834417091,0.335282935898,0.345295988408,0.361066631569
24400,0.322760038291,0.308758179989,0.291105199557,0.327397287985,0.298298914652,0.284809668046,0.276516803179,0.335271740007,0.345135769997,0.361215934407
24500,0.322693168801,0.30858091008,0.290993325206,0.327674696227,0.298270420272,0.28486807226,0.276518577957,0.335075217455,0.345370486268,0.361199887302
24600,0.322588730549,0.308589382336,0.2912429922,0.327503596707,0.298384497353,0.28461721745,0.276522728259,0.335099638116,0.345534745611,0.361160493143
24700,0.322512420328,0.308471980534,0.291341822352,0.327501034697,0.298510724257,0.284800788146,0.276260276561,0.335183547697,0.345663862411,0.361001928702
24800,0.322928063192,0.30856580124,0.291169602457,0.327226043968,0.298486168797,0.284674249684,0.276362687482,0.335306565836,0.345728372081,0.360804149477
24900,0.322985882944,0.308589493029,0.291421540402,0.32749937887,0.298149179991,0.284640832291,0.276216715529,0.335115590165,0.345806480262,0.360800076778
25000,0.323144355318,0.308593104923,0.291165398636,0.327760120906,0.29798791881,0.284499288507,0.276110399488,0.335349128442,0.345768306552,0.360770948961
25100,0.3229929378,0.308439022369,0.291199148534,0.327872982124,0.298246226954,0.284368118605,0.275998735817,0.335432000341,0.345945893866,0.360636611866
25200,0.32304041599,0.308274709587,0.290963230151,0.327975573069,0.298283500321,0.2842245552,0.276198042516,0.335679149022,0.34583431729,0.360638525535
25300,0.322988350418,0.308180551934,0.291083880992,0.328066804067,0.29837935604,0.284452447562,0.276203218379,0.335752327416,0.345581574889,0.360496485495
25400,0.323144066614,0.308023543124,0.291021163408,0.327967450546,0.298107180022,0.284667012478,0.276490306483,0.335806893687,0.34542899075,0.360563305223
25500,0.323080243053,0.308153317616,0.290799255174,0.328172743645,0.297843458069,0.284573820943,0.276659770509,0.335744654825,0.345653413915,0.360506259885
25600,0.323069976757,0.308233698621,0.290527676168,0.328231837378,0.297800061966,0.284526210481,0.276571400388,0.33593504849,0.345776768237,0.360457482011
25700,0.323319856088,0.308043487403,0.290646289762,0.328117836353,0.298031498952,0.284738203546,0.2763619655,0.335772921287,0.345599138302,0.360527566598
25800,0.323191370077,0.308501171058,0.290712241129,0.327967308732,0.298012890476,0.284516962891,0.276300518705,0.335342687226,0.34588332033,0.360700224794
25900,0.323000273674,0.308532132883,0.290662950753,0.328096532554,0.29804295018,0.284573589525,0.275908766586,0.335336317115,0.345986424257,0.360904466221
26000,0.323026958199,0.308527091783,0.290776799579,0.328114441266,0.298557491895,0.284357124608,0.276045059852,0.335216578565,0.345925872759,0.360587152894
26100,0.322997712248,0.309122040615,0.290620392131,0.328075703337,0.298296365646,0.284160468452,0.275841034754,0.33514820217,0.346036957188,0.360749357927
26200,0.322663964137,0.309367497614,0.290541002176,0.32835474797,0.298254036583,0.284190559441,0.275664857023,0.335082979422,0.346174736734,0.36072204527
26300,0.322566673655,0.308973986684,0.290764415053,0.328364562541,0.298591353411,0.283981934253,0.27567005153,0.335098987632,0.346202530028,0.360797103192
26400,0.32255285402,0.308725495773,0.290678094113,0.328395136554,0.29875804878,0.284040128167,0.276009144286,0.335056226372,0.346096051455,0.36076271842
26500,0.322699107177,0.308621777065,0.290574335614,0.328503287681,0.29864749139,0.284203029435,0.275786564992,0.335238838936,0.346052245643,0.360711628707
26600,0.322625752081,0.309198257199,0.29040769572,0.328535519426,0.298536530387,0.284121207207,0.275835755511,0.334977109321,0.345989034685,0.360810870557
26700,0.322537423711,0.309248795165,0.290369759594,0.328560239523,0.298693491089,0.284190004603,0.275772475663,0.334878704153,0.346070226051,0.360732308216
26800,0.322702567452,0.309091325489,0.290307872427,0.328724016348,0.298505758913,0.284298806692,0.275753829521,0.334855931843,0.34611132254,0.360685803689
26900,0.32246674462,0.309135506425,0.290246576674,0.32878683799,0.29859911419,0.284239560953,0.275854479314,0.334779029348,0.346090987644,0.360834247531
27000,0.322304142911,0.309306453298,0.29019386211,0.328808522192,0.298554577319,0.28411600428,0.275869181457,0.334970831371,0.345983046473,0.360904093104
27100,0.322193373446,0.309465926239,0.290101565617,0.328761317215,0.298414902696,0.284550142678,0.275881841052,0.33510509439,0.34575109419,0.360844948758
27200,0.322286712391,0.309484476206,0.289979973585,0.328701908152,0.298549468018,0.284588524458,0.275726616874,0.335086471735,0.345804216579,0.360840996005
27300,0.322320166998,0.309418536365,0.290331961544,0.328509531308,0.298429224502,0.284588062416,0.275890984185,0.335170192287,0.345619117234,0.36083359709
27400,0.322141669875,0.309304801602,0.290461157211,0.328626248038,0.298824595503,0.284453935665,0.275814891927,0.335212652854,0.345474436436,0.360816082822
27500,0.32224644191,0.309557328814,0.290235054549,0.328778290076,0.298925176217,0.284359731851,0.275735190463,0.335092138835,0.345490430552,0.36069786178
27600,0.322387708582,0.309699303246,0.290165273956,0.328529888319,0.298794756075,0.284436982621,0.275973688405,0.335040439011,0.345298266601,0.360828996164
27700,0.322398632249,0.31003923426,0.290190142544,0.328325875109,0.298809723793,0.284419740954,0.275649535033,0.335126868706,0.345204693606,0.360951231042
27800,0.322445729683,0.310157929711,0.290437499906,0.328381692265,0.298664838411,0.284058148933,0.275729892424,0.335180330447,0.345132988401,0.360919669767
27900,0.322381491054,0.310337435965,0.290105117264,0.32819759672,0.298656122114,0.284062911749,0.275917534679,0.335288876501,0.34515624332,0.360994518588
28000,0.322177305983,0.310142718404,0.290321149408,0.327966073946,0.298746154898,0.284176175203,0.275771315922,0.335223496807,0.345512520875,0.361048867995
28100,0.322246994709,0.310270574939,0.290373210355,0.32770523698,0.298604900229,0.28408421976,0.27592817047,0.335330246687,0.345613004227,0.360945858046
28200,0.322374662806,0.310125640593,0.290062025467,0.327479152623,0.298894917381,0.284084170044,0.275779875499,0.335402339814,0.345707488459,0.361127630683
28300,0.322550710969,0.310129795161,0.290057368064,0.327637544818,0.298872108422,0.284059194895,0.275755984091,0.335235420101,0.345535570976,0.361203222031
28400,0.322545528682,0.310243628684,0.290169090202,0.327486401691,0.298857107337,0.283974838424,0.275733567819,0.335173164291,0.34579014659,0.361067408058
28500,0.322653837752,0.310047680757,0.289936187435,0.327472223613,0.298813211405,0.284450428451,0.275627708081,0.335126010387,0.345851679502,0.361066537564
28600,0.322775086961,0.310020364584,0.289608680899,0.327682952792,0.298554877684,0.284370945866,0.275659616499,0.335119428347,0.345993071311,0.361175858158
28700,0.322823550045,0.310148602633,0.289775141897,0.327331532956,0.29846550364,0.284429946557,0.275667499676,0.334999071796,0.346217556761,0.361125515633
28800,0.32262468919,0.310413413075,0.2897746121,0.327120500963,0.298398018174,0.284703345622,0.275688455568,0.335029109157,0.346292242581,0.360992183978
28900,0.32245869156,0.310179153536,0.289950375679,0.326977129365,0.298600844847,0.284768934837,0.275697235137,0.334910310419,0.346282673249,0.361223807899
29000,0.32234672786,0.310176845395,0.290027024833,0.327007541349,0.298594751038,0.284987797178,0.275592006507,0.334831015717,0.346257171303,0.361247342804
29100,0.322269687369,0.310368766809,0.289748830459,0.326997470116,0.29879740754,0.284782810581,0.275622020942,0.334878010184,0.346291486831,0.361278331814
29200,0.322509405493,0.310326962968,0.289692874363,0.326857793756,0.298984735811,0.284953928132,0.275461689019,0.334712477583,0.346265680564,0.361282107111
29300,0.322614008107,0.310060210408,0.289773529602,0.326914341117,0.299202423042,0.284929497037,0.275411079133,0.33461488001,0.346119049656,0.361410428191
29400,0.322370012566,0.310166966878,0.28973209856,0.326982426514,0.299177827557,0.284980326083,0.275665044855,0.334784726265,0.345947908653,0.361301380176
29500,0.322809817869,0.310098419123,0.289936597691,0.326770495943,0.299259129547,0.284893841993,0.27554818593,0.334700483548,0.345975538131,0.361136798155
29600,0.322840168886,0.310303294861,0.289916313297,0.326774134042,0.299000521806,0.285008552404,0.275297664944,0.334936639049,0.346091059919,0.360931741353
29700,0.323093899113,0.31034115076,0.289767772881,0.326494062731,0.298779968832,0.285136094001,0.27546014066,0.334818483891,0.346198033865,0.361009862087
29800,0.323043987417,0.310444881187,0.289687904775,0.326427366005,0.298739810886,0.285105435059,0.275370661155,0.335013342444,0.346308312975,0.360928910597
29900,0.323236312028,0.310343729251,0.28947107901,0.326448323942,0.298629810694,0.2851408273,0.275383683786,0.335108187525,0.346417966063,0.360858572618
30000,0.323245253395,0.310196958544,0.289455105275,0.326500384459,0.298493059267,0.285051137801,0.27540166179,0.335068126709,0.346663865162,0.360913807151
30100,0.323197874675,0.310098882464,0.289574949395,0.326689664982,0.298434730356,0.285060837051,0.275473348916,0.335008214895,0.346621079879,0.360855672323
30200,0.323337879731,0.310132096358,0.289581933718,0.326770431628,0.298349554036,0.284818033957,0.27534639966,0.335150793633,0.34641170856,0.361050622559
30300,0.323295457102,0.310063996626,0.289842174669,0.326875723349,0.298350432252,0.284693140884,0.275183101352,0.33540062973,0.34638317314,0.360860570669
30400,0.323345062908,0.310109599229,0.28972964486,0.327019176075,0.298311025902,0.284709072024,0.275132214474,0.335386781729,0.346314304696,0.360875113887
30500,0.323470197527,0.310016063474,0.28957402219,0.327208214982,0.298287411457,0.284830291309,0.27516394366,0.335246310173,0.346344984839,0.360797635584
30600,0.323703777431,0.309996543576,0.289534065872,0.327126423331,0.298115206733,0.284929088917,0.275468538193,0.335080054889,0.346228802951,0.360808994342
30700,0.323667238102,0.310126079737,0.289598454227,0.327124096926,0.298150250314,0.284768815649,0.275470148159,0.334959537666,0.346271152405,0.360848498196
30800,0.323686637364,0.309976405465,0.289518245808,0.327130654237,0.297999872312,0.284757828355,0.275509983855,0.335305243225,0.346251492866,0.360818390457
30900,0.323653591827,0.309996991812,0.289537588669,0.327100567312,0.297857299401,0.284770983274,0.275570572756,0.335219438286,0.346405256651,0.360835313192
31000,0.32366021006,0.310051418757,0.289674183235,0.327021219646,0.29768584974,0.284991678773,0.275657893336,0.335123720774,0.346269325926,0.360864829338
31100,0.323439818848,0.309925186691,0.289734896954,0.326995063405,0.297808774633,0.285017642809,0.275647316644,0.335409526936,0.346208653254,0.360824655133
31200,0.323566732733,0.310012544575,0.289739531305,0.327026750487,0.297775972332,0.284804521603,0.27566173247,0.335408123923,0.346112216259,0.360881543349
31300,0.323594265079,0.310063870655,0.289623777234,0.326777893802,0.297819082517,0.284837237641,0.27542312761,0.33570688145,0.345966098018,0.361114130426
31400,0.323609981704,0.309969015985,0.289550085927,0.32674942752,0.2980266582,0.284677272195,0.275492874397,0.335785030313,0.345884959093,0.361173081184
31500,0.323860234632,0.309938490856,0.289625431684,0.326451557598,0.297853595073,0.284734172899,0.275611253483,0.335897207215,0.345883963994,0.361088138064
31600,0.324048170979,0.309843391362,0.289183206394,0.326516785745,0.297786435633,0.28492714757,0.275522419981,0.335919163403,0.346010893922,0.361125531975
31700,0.324030272255,0.309703145537,0.289187451585,0.326468217041,0.297633002706,0.284953323787,0.275574743118,0.336078671711,0.345891935681,0.361333807698
31800,0.32410693829,0.3097421988,0.288993892836,0.326530119998,0.29764677876,0.284751033444,0.275641837211,0.336241273687,0.346009785792,0.361163299774
31900,0.324167453682,0.309721028316,0.289151133221,0.326596264776,0.297396185071,0.284823588726,0.275629693918,0.336130825778,0.346000090758,0.361212067881
32000,0.324376168245,0.309653598775,0.2891721764,0.326426358189,0.297356136898,0.284954804952,0.275560638747,0.336188713404,0.34591289439,0.361231055072
32100,0.324303045488,0.309581992828,0.289405093458,0.326436083548,0.297310525222,0.284793433284,0.275608517293,0.3360928511,0.345950546237,0.361344173588
32200,0.324237002663,0.309503632633,0.289269683361,0.326323860306,0.29739401443,0.284736521063,0.27565498952,0.336328247285,0.345884001746,0.361465716073
32300,0.324097603902,0.309497727859,0.289167882534,0.32620836948,0.297346157964,0.284863474736,0.275566538917,0.336706582059,0.345907620103,0.361413442853
32400,0.324183428671,0.309353559673,0.288955241796,0.326165386898,0.297291487476,0.28481746387,0.275756993926,0.336583540095,0.345990821362,0.361639633394
32500,0.323954934334,0.309439533068,0.289130976328,0.326216732307,0.297329459179,0.284777080018,0.275639826068,0.336604525678,0.346002458524,0.36164330999
32600,0.323940443334,0.309492982414,0.288958424835,0.326232527727,0.297543081317,0.284565843358,0.275586019503,0.336746496806,0.345856561832,0.361773169975
32700,0.323761150089,0.309607082694,0.288889879491,0.326230652497,0.297486360271,0.28463374192,0.275493653528,0.336858049639,0.34581206283,0.361894719236
32800,0.323818380788,0.309533191299,0.289103921473,0.32613108272,0.297561133688,0.284546293251,0.275317421376,0.336643187626,0.345971864549,0.362014127609
32900,0.323719072032,0.309691483556,0.289105520299,0.326195914313,0.297472790994,0.284654452412,0.275362512094,0.336561662386,0.345902045571,0.362003676209
33000,0.323670595474,0.309709456786,0.289250805425,0.32637399914,0.297404741882,0.284719103365,0.27524736777,0.336466927094,0.345888377449,0.361948833109
33100,0.323709151892,0.309783154126,0.28924290842,0.326475931294,0.297289347685,0.284778751685,0.275147107207,0.336388785347,0.345855669857,0.361993653361
33200,0.32368716853,0.309692683851,0.289111805688,0.326351277561,0.297250107856,0.284887792709,0.275202262126,0.33653353608,0.345810418839,0.36212102
33300,0.323709460975,0.309597609154,0.288860256793,0.326384685932,0.297449368862,0.285075234443,0.275248459542,0.336457112079,0.345766879465,0.362119372725
33400,0.323691209772,0.30969760042,0.288752870307,0.326338639447,0.297411199466,0.284840924265,0.275434219983,0.336567266847,0.345568323028,0.362338922928
33500,0.323538847743,0.309690458203,0.288869154821,0.32642721558,0.297382825804,0.285010726737,0.275316305342,0.336419589651,0.345644482777,0.362352510988
33600,0.323757066259,0.309429910878,0.288934927557,0.326515522769,0.297396492423,0.28505473718,0.275126340502,0.336492955352,0.34573101051,0.362195931186
33700,0.32352111845,0.309363340907,0.289019990985,0.326376172799,0.297321138937,0.285294873653,0.275182208932,0.336343289341,0.345888004828,0.362340799508
33800,0.323385153119,0.30948567943,0.288694872426,0.326360750653,0.297377084475,0.28548442295,0.2754286923,0.336312452261,0.345854923983,0.362308492019
33900,0.323323490247,0.309408627741,0.288670665724,0.326409091777,0.297538001934,0.285432833166,0.275458605196,0.336090755941,0.345941412122,0.362414001412
34000,0.323426775208,0.309434731948,0.288683973496,0.326367159785,0.297508457304,0.285508703037,0.275378381162,0.336071109695,0.345847012308,0.362460490288
34100,0.323590531277,0.309441318372,0.288659173171,0.326292087993,0.297391883979,0.285429852725,0.275342136591,0.336019112054,0.346008203218,0.362475719992
34200,0.323846381164,0.309575248942,0.288613272257,0.326277801086,0.297350519231,0.285461177048,0.275235370252,0.335869808907,0.346113305664,0.362310625605
34300,0.323781812672,0.309801060129,0.288761426838,0.326139810614,0.297256153485,0.28538299204,0.275231839575,0.335848448091,0.346151604431,0.362306433075
34400,0.323994530545,0.309518022925,0.288634340547,0.326029406917,0.297660831065,0.285569662083,0.275283534508,0.335679244847,0.346104600108,0.362241914584
34500,0.324094475137,0.309430591791,0.288429481448,0.325977414633,0.297990618152,0.285549252151,0.275283830016,0.335563096119,0.346206550473,0.362192078026
34600,0.324260357173,0.3095013292,0.288619101261,0.326020344263,0.297947827891,0.28550476921,0.275140499544,0.335511161823,0.346086930024,0.362135083618
34700,0.324241488358,0.309433777996,0.288582554737,0.325926179858,0.298047583559,0.285537038849,0.275221106851,0.335545350716,0.346137280786,0.36207500443
34800,0.324310949406,0.309432675001,0.288722244747,0.325789200192,0.298070067896,0.285566457257,0.27516172568,0.335393277057,0.346237785603,0.362073878545
34900,0.324311727068,0.309576614262,0.28880029068,0.325609600366,0.298192280552,0.285641287402,0.275140705812,0.335270286542,0.346225978862,0.362030967073
35000,0.324246345047,0.309545355804,0.288789804254,0.325702645112,0.298058950221,0.285635973986,0.275222047056,0.335064624707,0.346397877954,0.362119042775
35100,0.324307983224,0.309468967283,0.288694876194,0.325549229193,0.297982150213,0.285892995065,0.275138336609,0.335080717707,0.346530917226,0.362124596541
35200,0.324151252732,0.30946250691,0.288692530441,0.325513261183,0.298126606574,0.28582961411,0.275092882476,0.33517499888,0.346655933344,0.362063406043
35300,0.324147082007,0.309434708635,0.288835639322,0.325547664704,0.298028014065,0.285622538173,0.27516668835,0.335213312985,0.346549588128,0.362200637341
35400,0.324171756527,0.309562963312,0.288850389742,0.325465729918,0.298000127659,0.285464846416,0.275351968517,0.335194896151,0.346589490685,0.362116142089
35500,0.324277396659,0.309522433484,0.288915523722,0.325567018276,0.297849746325,0.285346021262,0.275370020694,0.335214163776,0.346608175892,0.362081116913
35600,0.324241063866,0.309559853931,0.288926161726,0.32553191929,0.297805077171,0.285447630805,0.27535976526,0.335136328879,0.346629134448,0.362121170194
35700,0.324288385937,0.309363954592,0.288976603751,0.325625512256,0.297590108221,0.28557170908,0.275460602372,0.335206058976,0.346512213946,0.362171369952
35800,0.324375683373,0.309603243358,0.288976035572,0.325634328272,0.297496306539,0.285447421776,0.275496907643,0.334959785336,0.346614132061,0.362158997395
35900,0.323994626553,0.309641740024,0.28894409761,0.325828819532,0.29748501056,0.285592120116,0.275613539688,0.334884634721,0.346550090762,0.362254973463
36000,0.324139616224,0.309458162098,0.288892309319,0.325766079176,0.297361982894,0.285835103236,0.275404221698,0.334770988448,0.346606819625,0.362499114234
36100,0.32418334399,0.309275344188,0.288826648428,0.325859350252,0.297334440808,0.285900795245,0.275537768535,0.334665888187,0.34665296069,0.362506749999
36200,0.32421079755,0.309285030418,0.2888437532,0.325832683259,0.297402563849,0.285760569571,0.275458574431,0.33454423958,0.346842928577,0.36252971988
36300,0.324131999486,0.309405450949,0.288842163908,0.32583824085,0.297374372637,0.28587982962,0.275330981709,0.334566529267,0.346838924702,0.362502983178
36400,0.324191143015,0.309341945977,0.288922734241,0.325927402161,0.297283782098,0.285890397725,0.2753335544,0.334583015455,0.346807499725,0.362438790038
36500,0.324322920836,0.309262136016,0.288924701746,0.325826783246,0.297132146819,0.285943481872,0.275376268109,0.33465081942,0.346791493224,0.362480635402
36600,0.324348565859,0.309383488476,0.288875133221,0.325681628325,0.297087694453,0.285904890638,0.275490763297,0.334743329187,0.346651120547,0.362552807329
36700,0.324422697215,0.309339061699,0.288784852014,0.325620407442,0.296864911378,0.286009058946,0.275395266516,0.334986895546,0.34676694219,0.362488448551
36800,0.324308265255,0.309306363717,0.288896545532,0.325598273268,0.297065459011,0.286056176657,0.275467091237,0.334899892934,0.346657164074,0.362478969996
36900,0.324281604991,0.30936310221,0.288893693501,0.325795086735,0.297012392434,0.286025968686,0.275456982398,0.33487116763,0.346493659671,0.362537703824
37000,0.324385284136,0.309459488111,0.288660506283,0.325711355322,0.296919164453,0.285910985122,0.275598621221,0.335056621828,0.346406122762,0.362595386638
37100,0.324351476413,0.309514405478,0.288690636929,0.325645044046,0.297046446908,0.285859729953,0.275566480478,0.335087265593,0.346290896642,0.362656657646
37200,0.324129496421,0.30954064361,0.288751128795,0.325850716977,0.2970464623,0.285861529136,0.275759866006,0.334882087389,0.346386474135,0.362549631287
37300,0.323938038792,0.309717192403,0.288855667428,0.325692230703,0.296954166345,0.285783184582,0.275808545315,0.334925717787,0.346538025059,0.362544319488
37400,0.323803951206,0.309738875535,0.28891586342,0.325663125467,0.297039079241,0.285804954623,0.275808769672,0.334874672469,0.346459056747,0.362659474393
37500,0.323935871103,0.309939615237,0.288845003682,0.325709752571,0.297093549628,0.285575360326,0.275727754515,0.33488658983,0.346426453081,0.362602721361
37600,0.323813828971,0.309929509059,0.288812721807,0.325505247776,0.297290393778,0.28564914362,0.275799073335,0.334981216536,0.346453638352,0.362542645325
37700,0.323733516986,0.310080955536,0.288697380578,0.325473402049,0.29746135858,0.285492275025,0.275863179891,0.335065950804,0.346378624349,0.362533256735
37800,0.32386464406,0.31009493311,0.288881987937,0.325488867806,0.297351930757,0.285416697998,0.275988421709,0.334892511889,0.346312566614,0.362520563988
37900,0.323856402226,0.310100323809,0.288943659911,0.325587268118,0.297175173748,0.285411060795,0.276065202654,0.334790375994,0.346252706304,0.362628220129
38000,0.323866940722,0.310135783612,0.288859971781,0.325700105741,0.296920372145,0.285617842913,0.276247381101,0.334831715766,0.346096664197,0.362571791859
38100,0.323910897645,0.310013593089,0.288894722814,0.32573327726,0.297068643476,0.285709145562,0.276326181334,0.334715982629,0.346015801275,0.362510133181
38200,0.324100486658,0.310017972055,0.28894182821,0.325758119385,0.296956832506,0.285741099817,0.276254402344,0.334711454734,0.346075320174,0.362345529351
38300,0.324247402572,0.309962381684,0.288753969426,0.325674624354,0.296812388343,0.285957433561,0.276284317291,0.334594542244,0.346136383905,0.362460966771
38400,0.324154303953,0.309992250928,0.288810647926,0.325557465334,0.296830333205,0.286102362529,0.276327235953,0.334435624228,0.34622433218,0.362479672771
38500,0.323993217803,0.309955849039,0.288746126862,0.325536246876,0.296887091561,0.286081623132,0.276478379285,0.334487038984,0.346216682768,0.362539773735
38600,0.323934200667,0.309823652605,0.28869421615,0.325561644843,0.29707268864,0.286067971891,0.27638991089,0.334560121704,0.346247935141,0.362552955512
38700,0.32391093631,0.309726412791,0.288784605574,0.325568708398,0.297002132732,0.286234267755,0.276433269519,0.334491077431,0.346211095538,0.362570880404
38800,0.323786563086,0.309771895205,0.288764647383,0.325741272749,0.296886875153,0.286457293882,0.276315142075,0.33448615761,0.346048919436,0.362671664572
38900,0.323860282502,0.309997431228,0.288628434619,0.325561436681,0.296972717604,0.286316361239,0.276358722632,0.334426753417,0.346207045218,0.362594703321
39000,0.323926658412,0.310082966783,0.288572681447,0.325474074101,0.297017636002,0.286380355857,0.276440176048,0.334348832186,0.346112587909,0.362597694349
39100,0.32379991476,0.310136017266,0.28861210592,0.325623310355,0.296926839235,0.286337108828,0.276479444395,0.334389813274,0.346120050226,0.36253382015
39200,0.323656976317,0.310170083643,0.288663328362,0.325702144461,0.296757471771,0.286283368414,0.276593145431,0.3344134621,0.346252239148,0.362467057698
39300,0.323650610397,0.310178227631,0.288708084147,0.325660046052,0.296744625416,0.286306180622,0.276344258261,0.334366753245,0.346442676698,0.362511408488
39400,0.323734059288,0.310320719505,0.288708607343,0.325617396636,0.296716938344,0.286385918711,0.27639783871,0.334310907334,0.346328854107,0.362431927164
39500,0.323765926162,0.310218131667,0.288999144656,0.325574203998,0.296941945599,0.286400115917,0.276365540719,0.334143163747,0.346241962607,0.362365367857
39600,0.323995307949,0.310365484684,0.288898748705,0.325573176118,0.297031576151,0.28612705264,0.276355482543,0.33410952845,0.346091972211,0.362439368569
39700,0.323971738853,0.310359614117,0.288780615816,0.32566166844,0.297204117638,0.286166935902,0.276396846433,0.334049628571,0.346153330493,0.36227220976
39800,0.323925384568,0.310352974486,0.288577443199,0.325654853969,0.297091442573,0.286344948905,0.276454506543,0.334057416054,0.346223329032,0.362321061817
39900,0.323940854508,0.310472300997,0.288796482473,0.325599719329,0.297294978394,0.286228479049,0.276284155813,0.333843914092,0.346252675514,0.362303784345
40000,0.323893589601,0.310366888477,0.28892618927,0.325678234666,0.29713330455,0.286153417043,0.276210359398,0.334024969755,0.346172165845,0.362420600338
40100,0.323883262028,0.310594298874,0.289143134393,0.325507453516,0.297176542522,0.286188728856,0.275992981867,0.334021403705,0.346100836414,0.362389101016
40200,0.323768171416,0.310580160746,0.289049134112,0.325664154429,0.297212816038,0.286124568312,0.276102534599,0.33399132242,0.346181148082,0.362326737293
40300,0.323692569646,0.310699250129,0.288987232428,0.325609300431,0.297299714057,0.286069301545,0.276197514187,0.333963451551,0.3461646285,0.362332292499
40400,0.323702690362,0.310635147984,0.288915196714,0.325625396098,0.297301267965,0.286044196762,0.276545147701,0.334127146792,0.346079892967,0.362104537283
40500,0.323873375723,0.310564043368,0.288928170363,0.325496069002,0.297457328311,0.286040072081,0.276528083366,0.334032346266,0.346059840628,0.362113580745
40600,0.323857667361,0.310452047114,0.288816068341,0.325660431632,0.297502006211,0.286227950209,0.276433377165,0.333943581232,0.346103035597,0.362093051279
40700,0.32382799462,0.31026710596,0.288663678238,0.325623185465,0.297755749023,0.286301649089,0.276528341621,0.333857341805,0.346231034952,0.362050930817
40800,0.323868782668,0.310398459372,0.288562012935,0.32557299914,0.297900509029,0.286376277226,0.276601544492,0.33372814102,0.346184861308,0.361957269292
40900,0.323763112517,0.310328714077,0.288812295933,0.325634453181,0.298030117499,0.286374126095,0.276536457729,0.333589747901,0.34632353416,0.361796328212
41000,0.323672507907,0.310405847096,0.288814788346,0.325684673859,0.298085216297,0.286505648907,0.276491584313,0.333462278878,0.346217907145,0.361867405372
41100,0.323609894933,0.310369321803,0.288919846674,0.325903577997,0.298016898329,0.286560958141,0.276290630774,0.33339744587,0.346286694784,0.361833664907
41200,0.323667924242,0.310271268594,0.288852243957,0.325875519918,0.298080281276,0.286524365004,0.276242846284,0.333499784416,0.346228220776,0.361919988898
41300,0.323647756466,0.310243595469,0.288902697059,0.325747127827,0.298051339911,0.286586413072,0.27631575171,0.333545852212,0.346332151673,0.36181420469
41400,0.323626156708,0.310000767097,0.288995274965,0.325790185397,0.298086547326,0.286659633498,0.276379976896,0.333457920695,0.346368512588,0.361839139744
41500,0.323783955729,0.310097076619,0.289021007419,0.325788114972,0.298067698242,0.286741644304,0.276378425152,0.333420823366,0.346312925732,0.361635824155
41600,0.323805401732,0.310073997676,0.288939850999,0.325667178297,0.297916557322,0.286704778472,0.276426445684,0.333401756465,0.346605908841,0.361664149458
41700,0.323738838803,0.30988851224,0.289085345969,0.325727203903,0.297819372176,0.286675239396,0.276585060156,0.333369379451,0.346586251861,0.361743259305
41800,0.323735741798,0.30993026305,0.289035571617,0.325624237508,0.297814254964,0.286649733264,0.276614319047,0.333342226874,0.346610650209,0.361846419379
41900,0.323678615486,0.310071329621,0.289098012344,0.325637917495,0.297812807231,0.286691193525,0.276482392931,0.333270480487,0.346659818676,0.361802632836
42000,0.323818241623,0.309884126954,0.289212008493,0.325535381613,0.297791340916,0.286731253605,0.276352994896,0.333184113858,0.346836061488,0.361834664085
42100,0.323991907569,0.309774063016,0.28920288803,0.32552446261,0.297920234252,0.28671631788,0.276288291107,0.333071624528,0.346720692194,0.361959817289
42200,0.323906792253,0.310094850721,0.289138719618,0.325694249368,0.298027995091,0.286671904861,0.276307503175,0.332816974166,0.346663200648,0.361880939057
42300,0.323924574273,0.310071765172,0.289107280819,0.325707400309,0.297942640867,0.286757999467,0.276233276601,0.332902487349,0.346686326089,0.361856013904
42400,0.323990571391,0.310105694252,0.289159291059,0.325675294184,0.297863423316,0.286708625544,0.276221848107,0.332799734399,0.346773676462,0.361879075119
42500,0.323965486912,0.310293485685,0.289110573731,0.325691635954,0.29774922111,0.286744539767,0.276288012257,0.332812856675,0.346787416315,0.361754537361
42600,0.32393482563,0.310263745492,0.289079459889,0.325886973126,0.297682342265,0.28657911799,0.276267473324,0.33290104896,0.34676284499,0.361800663278
42700,0.324008093078,0.31012572127,0.289183917957,0.325751876436,0.297702162012,0.286546073233,0.276296720087,0.333030380499,0.346740371285,0.361781623254
42800,0.323922002634,0.310136640718,0.289346090292,0.325790679121,0.297600694738,0.286583202325,0.276340565965,0.333010910215,0.346794411837,0.361671438684
42900,0.323981209062,0.310095261685,0.289421085968,0.325764147781,0.297557912312,0.286582930006,0.276343674976,0.333058896237,0.346698418453,0.361698665332
43000,0.323706576294,0.310233600719,0.289417474263,0.325726322063,0.297498997951,0.28672793352,0.27635489615,0.333189609519,0.346650212089,0.361713669156
43100,0.323484373332,0.310318119753,0.289404032836,0.325831108717,0.297378310748,0.286549040165,0.276336093135,0.33335834069,0.346662124933,0.361844798872
43200,0.323339196592,0.310293577224,0.289342358418,0.325871895693,0.297419663213,0.286667129348,0.276324784347,0.33340089711,0.346614971869,0.361895267484
43300,0.32339385685,0.31035379455,0.289320652821,0.325761267606,0.297383622443,0.28648981588,0.276301502904,0.333477510539,0.34670465035,0.361943052595
43400,0.323283325559,0.310501611874,0.289232069801,0.325775219192,0.297443708551,0.286512461384,0.276263442044,0.333575651373,0.346601305367,0.361943555036
43500,0.323256146114,0.310488754176,0.289213298017,0.325715000152,0.297464290811,0.286534293357,0.27645836346,0.333635722537,0.346511477631,0.361895665446
43600,0.323184202637,0.310561751455,0.289190081991,0.325849982489,0.297450793759,0.286526989714,0.276565221233,0.333611835677,0.346479524951,0.361782151075
43700,0.323190172832,0.310562601795,0.28904917902,0.325784832894,0.297330058535,0.286480343646,0.276586818406,0.33384986622,0.346482786184,0.361844336557
43800,0.323296859384,0.310605051972,0.288932981306,0.325786968508,0.297285770185,0.2864973562,0.276424438577,0.333735778338,0.346529765898,0.362010694542
43900,0.323349085087,0.310569687942,0.288768585175,0.325712042408,0.297376679633,0.286357328571,0.276601326291,0.333756040886,0.34654962288,0.362056306234
44000,0.323380561039,0.310746169401,0.288510474655,0.325710672965,0.297388470046,0.286429098801,0.276632793733,0.333761384472,0.346564049644,0.361974527944
44100,0.323324414138,0.310807054166,0.288649589966,0.325615538285,0.297347211835,0.286483453775,0.276686367754,0.333830055103,0.346418625128,0.361972905676
44200,0.323289887079,0.310848061609,0.288698538475,0.325697559822,0.29747470534,0.286347023572,0.276589029249,0.333837140468,0.346378617931,0.361965042887
44300,0.323338404155,0.310655597112,0.288576378947,0.325872498048,0.297568582893,0.286358348081,0.276707902561,0.3337977801,0.346323751016,0.361938721351
44400,0.323419057676,0.310616649248,0.2884455089,0.325977253479,0.29735131548,0.286431864328,0.276469133952,0.334041907906,0.346288324737,0.362021586533
44500,0.323367456628,0.310527857837,0.288468083367,0.326199125499,0.297231864883,0.286325700565,0.276543460977,0.334100089273,0.346196315458,0.362085625645
44600,0.32336768799,0.310583978001,0.288353728091,0.326407581494,0.29713729639,0.28635128397,0.276415658673,0.334203137506,0.346169057003,0.362026447887
44700,0.323241154531,0.310476917349,0.288312212738,0.326533711908,0.297238591535,0.286381304999,0.276521158615,0.334070833385,0.346057818609,0.36219155696
44800,0.323275662341,0.310312993324,0.288440235296,0.32665408073,0.297219401993,0.286254092271,0.276531912652,0.333900069065,0.346013577695,0.362398545071
44900,0.323238701075,0.310286005551,0.28853868926,0.326640050573,0.297206583815,0.286225040513,0.27650500063,0.333980790344,0.346037669334,0.362345497388
45000,0.32315822097,0.310355243121,0.288423413827,0.326734101681,0.29726563711,0.286180481209,0.276482123737,0.33399501611,0.346110875076,0.362286141375
45100,0.323214273001,0.310353026827,0.288239561583,0.326687417127,0.297197737892,0.286490565687,0.276519423111,0.333881099271,0.34608826321,0.362335222856
45200,0.323239495474,0.310350022681,0.288340625404,0.326596029801,0.297089804861,0.286512838622,0.276589379429,0.333952106558,0.345995691381,0.362357747894
45300,0.323139517369,0.310423617028,0.288491462192,0.326582143857,0.297070246739,0.286627320782,0.27648068772,0.334010873259,0.346024508077,0.362203068758
45400,0.323160154136,0.31029562405,0.288668034668,0.326538224705,0.297101635853,0.286592505847,0.276533918407,0.334016042937,0.345917327847,0.362252018536
45500,0.323045297425,0.310273602262,0.288764442285,0.326655935046,0.296991481038,0.286858073563,0.276603287605,0.333947005742,0.345866245006,0.362129934625
45600,0.323049756253,0.310234430621,0.28873708119,0.326722351339,0.296945521685,0.286623680904,0.276758578618,0.334154141259,0.345744769446,0.362150979928
45700,0.322930756574,0.310162299167,0.288726665499,0.326858033484,0.296981685286,0.286483180561,0.276895745102,0.334133712846,0.345873882129,0.362076987691
45800,0.322880658716,0.310192827555,0.28867934364,0.326966300339,0.297197913282,0.286486983051,0.276718095736,0.334189183295,0.345708425125,0.362097699386
45900,0.322753573133,0.310149219429,0.288639233382,0.327016718213,0.297193669473,0.286468730584,0.276790519891,0.334261111286,0.345777645189,0.362064881713
46000,0.322809776727,0.31020222781,0.288521197678,0.326999263815,0.297133782735,0.28646255687,0.276773671018,0.334186521842,0.345881270433,0.362115996538
46100,0.322784661309,0.31023575631,0.288476660812,0.327106561007,0.297025356104,0.28642512366,0.276684057295,0.334238838836,0.34583332057,0.3622327755
46200,0.322678075916,0.310283213256,0.288371079396,0.327121198325,0.297063545858,0.286429442527,0.276797939675,0.334186409045,0.346010370763,0.362115480434
46300,0.322749685629,0.310269955748,0.288321899031,0.327211705904,0.297234187377,0.286367831233,0.276727846351,0.334281114458,0.345864015119,0.362035079448
46400,0.322814320714,0.31027977832,0.288354569308,0.327116386499,0.297157465987,0.286412683319,0.276778804172,0.334236068834,0.345804600978,0.362116034701
46500,0.322812012607,0.310293467467,0.288340347233,0.326991941193,0.297130849477,0.286359591173,0.276828948491,0.334421260031,0.345889051511,0.362003928308
46600,0.322837334729,0.310160049739,0.288194130347,0.326837669595,0.297232753055,0.286392270601,0.276884032319,0.334571967948,0.345779185234,0.362165464447
46700,0.322777120846,0.310139976596,0.288161367455,0.326720681727,0.297301454532,0.28652635919,0.276846420601,0.334605824403,0.345924344576,0.362064341992
46800,0.32270361517,0.310185665668,0.288228105562,0.326885539,0.297185811782,0.286377695974,0.276898064462,0.334627144529,0.34582179845,0.362140112954
46900,0.322637297632,0.310124624537,0.288229467165,0.326906759486,0.297082888673,0.286587223957,0.276899459122,0.334611036702,0.345759847538,0.362222898367
47000,0.322695206177,0.310129380503,0.288264565688,0.326963758293,0.297213448282,0.286710983564,0.276756224564,0.334508632598,0.345715827784,0.362128876999
47100,0.322675241147,0.310105875583,0.288222223837,0.326967432796,0.297371574986,0.286684059634,0.276684894926,0.334599654925,0.345747054401,0.362029270661
47200,0.322496918914,0.310206091439,0.288152303891,0.327062661319,0.297374808774,0.286760699262,0.27669382935,0.334569013987,0.345843877376,0.361937591422
47300,0.322405372878,0.31007420576,0.288231805918,0.327024802639,0.297457552249,0.286840135629,0.276689769244,0.334535291564,0.345906310093,0.361946740712
47400,0.32253694878,0.310066314748,0.288300467649,0.32695478235,0.297335582714,0.286880706934,0.276658644489,0.334571694351,0.345891375359,0.361917326534
47500,0.322497675504,0.30997843898,0.288430496049,0.326995655334,0.297275705716,0.287049371188,0.27658801789,0.334454496835,0.34604900904,0.361814125684
47600,0.322374182596,0.310006217743,0.288655433405,0.326954254537,0.297455385779,0.286923003618,0.276790612136,0.33447410192,0.345959352412,0.361623602223
47700,0.322395190224,0.310050834926,0.288734288544,0.326779498098,0.297649833446,0.286727524526,0.276804680844,0.334488172801,0.346089858149,0.361508002204
47800,0.322418053455,0.310044543724,0.288737434765,0.326648066891,0.297598331981,0.286715146654,0.27673879127,0.33438767489,0.346216066967,0.361684020408
47900,0.322411656634,0.309893582925,0.288818832038,0.326769593898,0.297573967229,0.286758042986,0.276716638672,0.334328520069,0.346227334289,0.361691221962
48000,0.322402388175,0.310097528675,0.288799770201,0.326668394949,0.297535160307,0.28673337169,0.276734951975,0.334388850861,0.346183565329,0.361654917144
48100,0.322376439003,0.310021443944,0.288814113426,0.326654743234,0.297400530576,0.286890270541,0.276778977849,0.334505989789,0.346194503981,0.361577965576
48200,0.322346250806,0.30999975215,0.288881699888,0.326561095638,0.297465469863,0.286863963309,0.276818210069,0.334608945429,0.346133989103,0.361554169023
48300,0.322306110542,0.31017703696,0.28893691597,0.326504037911,0.297587755863,0.286787938478,0.27677338456,0.334376551286,0.346187025462,0.361603530849
48400,0.322337731891,0.310140234903,0.288863919584,0.326444308305,0.29760169358,0.286900734038,0.276825425168,0.334355762606,0.346170171077,0.361613733516
48500,0.322413021544,0.310080577453,0.288873392992,0.326403641386,0.297628204958,0.286805807915,0.276812961477,0.334416346008,0.346251340146,0.361556200643
48600,0.322507995466,0.310113355203,0.288794140609,0.326378938551,0.297481869445,0.286704678829,0.27691391851,0.334494608667,0.346202286821,0.361626896405
48700,0.322438212964,0.3102468779,0.288756519843,0.326459467214,0.297496583039,0.286724654754,0.276893562038,0.334410966084,0.34610162294,0.361693302658
48800,0.322447476818,0.310321021768,0.288586051396,0.326604475789,0.297504496081,0.286745293576,0.276866968012,0.334360840069,0.346135932111,0.361637572791
48900,0.322491340776,0.31026597533,0.288679883698,0.326580629925,0.297379845584,0.286733216894,0.276832263994,0.334461975389,0.346203319331,0.361572970046
49000,0.32254002679,0.310241537976,0.288740103325,0.326427382121,0.297281663134,0.286758587861,0.276854722485,0.334590987591,0.346209212758,0.361559228731
49100,0.322648371523,0.310194744077,0.288736277227,0.32639727525,0.297264553086,0.286789273478,0.276825083553,0.33457511569,0.346188829281,0.361579573091
49200,0.322746337766,0.310231273042,0.288730758199,0.32637233362,0.297125945872,0.286785064399,0.276688789207,0.334525797015,0.346308076187,0.361640744878
49300,0.32277027417,0.310273504714,0.288640834415,0.326398841761,0.29714191451,0.286823094908,0.276558518002,0.334572089061,0.346328189292,0.361625290463
49400,0.322862130091,0.310178682906,0.288521408569,0.326335519499,0.297241681627,0.286897195634,0.276480622545,0.334478893499,0.34643325956,0.361681446589
49500,0.322907098234,0.310196999321,0.288495711217,0.326336747738,0.297247619622,0.286976187242,0.276560018375,0.334523166175,0.346350541265,0.361554988744
49600,0.322834288919,0.310259419323,0.288412714406,0.326338244124,0.297199228328,0.286837948727,0.276539693945,0.334726787553,0.346316539448,0.361640444273
49700,0.322916576138,0.310215396162,0.288423212552,0.326263969366,0.297188568335,0.286884998633,0.276495193946,0.334667283668,0.346295980492,0.361743595475
49800,0.322856136245,0.310138544983,0.288572491208,0.326290798437,0.297137271676,0.286932633623,0.276556903338,0.334594189474,0.346352487711,0.361690887034
49900,0.322801159837,0.310126177349,0.288498480183,0.326285179038,0.297190864996,0.286768268205,0.276621843258,0.33469883737,0.346454464144,0.361656843828
50000,0.322822698695,0.309896831772,0.288400265671,0.326461869063,0.297220691006,0.286744129586,0.27671913465,0.334769134825,0.346378820338,0.361680685644
