0.341101124125,0.320490567689,1.0,0.636364260227,0.420445224246,0.490261567563,0.325572523592,0.457615916732,0.210279337078,0.298352255481,0.732586855254,0.548179769256,0.455427429438,0.704178317245,0.148262254514,0.120353417432,0.398787292783,0.753662227436,0.172585626585,0.20306641125,0.670854726719,0.2810686813,0.25046829126,0.206815104777,0.35490493525,0.64562614667,0.0421280477927,0.0
0.222100425938,0.29213081061,1.0,0.630835324837,0.402477515235,0.506237884774,0.279993105311,0.22164911945,0.205657870292,0.431639750768,0.869291685116,0.368639617613,0.385231405598,0.454409339168,0.030361766553,0.0,0.392871495815,0.832102991097,0.0275173507287,0.068398267177,0.561974662499,0.0471083332513,0.284811185506,0.0516061231185,0.160079050457,0.868126786461,0.309385585248,0.130945150231
0.202080656396,0.421622808618,1.0,0.497021381879,0.376529926633,0.376579750551,0.42394299384,0.0417484672981,0.279244519196,0.470774578054,0.843535904169,0.566896088485,0.496740642722,0.571086696501,0.198594669003,0.0,0.417861830442,0.900796734555,0.157325205008,0.0650859480449,0.3088228866,0.0092382269411,0.403155190469,0.0975999987484,0.206627200692,0.893614127862,0.265926149959,0.0206128421999
0.147323611165,0.259274976733,1.0,0.44830872757,0.407754944672,0.41168295832,0.437647910947,0.0,0.318669009462,0.561221811412,0.815432230726,0.542892682768,0.391468389947,0.569327593569,0.240356464367,0.0731279101218,0.414194445414,0.918666632698,0.220401395042,0.117795633494,0.351901188085,0.0887206302487,0.41209272882,0.225678255595,0.202380724263,0.810733514124,0.291815896289,0.173461478408
0.155042930079,0.209532009843,1.0,0.383316581526,0.401095450761,0.440939739763,0.408051595888,0.0,0.196280660538,0.422718669559,0.817047421351,0.55490599588,0.411854165048,0.593626215269,0.186508117793,0.0350299716142,0.390534829562,0.955403630241,0.131108372851,0.0732484782241,0.275500529512,0.0625087543418,0.312758553641,0.165126354548,0.12855125977,0.824711264896,0.247067149768,0.144353683973
0.165607459985,0.179810538697,1.0,0.373427581484,0.362254443198,0.435265382278,0.319080837891,0.0858457081997,0.149573848525,0.32156293703,0.923628204431,0.550947153283,0.344698400853,0.583725134585,0.211458902775,0.0,0.326059202141,0.909828574521,0.132180141784,0.0211179060764,0.254418965679,0.0788675350389,0.224034634597,0.0467672804496,0.0909365435601,0.88919865872,0.230620938623,0.165894635165
0.19202116884,0.177440937783,1.0,0.424687773739,0.432396334176,0.436750700866,0.313816466883,0.0896505127256,0.152891245733,0.229662573465,0.977888594762,0.577084372234,0.384228696971,0.564242249965,0.229249584086,0.0429120293362,0.301823565348,0.942282406349,0.197215130055,0.0,0.231441489187,0.129930435595,0.263089810779,0.122305572164,0.134664843435,0.970158055299,0.277570044717,0.216693735801
0.127596168318,0.160482967411,0.960584979141,0.347418158302,0.405379631125,0.389776584906,0.220906866163,0.129768896408,0.0814489662617,0.162882604966,1.0,0.540622068066,0.306099749931,0.508746536236,0.203998225402,0.0535142517145,0.27792873492,0.898847229359,0.202376772961,0.0,0.275308254234,0.160974704773,0.22877667098,0.0828767730492,0.0826186104819,0.938165309436,0.20475980092,0.152798253411
0.149565844879,0.136731190065,0.979205899357,0.373211027515,0.396128702019,0.349395613149,0.222889862446,0.0961788988733,0.134035654443,0.172064662709,1.0,0.532206209505,0.340140267369,0.53415469373,0.200507427848,0.0688820966252,0.243148339852,0.877077842285,0.18990328231,0.0,0.299199630981,0.155033399691,0.271706442354,0.102153909463,0.119562645923,0.960448107048,0.235633117271,0.174228700698
0.162822729626,0.165120830859,0.996241521067,0.365234319461,0.400268639303,0.307291985894,0.217975951118,0.117176815191,0.159684261915,0.192876656122,1.0,0.518182391089,0.341290156237,0.529536152193,0.172204242024,0.0584819393998,0.233059795137,0.900566711729,0.14538828842,0.0,0.310280203619,0.123687240952,0.30697124636,0.14727520934,0.183147162723,0.986917142346,0.267414988308,0.218672022979
0.116920921988,0.120412698212,0.990049905891,0.338144984504,0.3870469423,0.293208850704,0.191421522435,0.0970443982677,0.117800691102,0.136066436169,1.0,0.480758404703,0.319206450514,0.508290686605,0.108436660762,0.0,0.168452581366,0.866320734056,0.138411558063,0.0143630408512,0.230648956918,0.125854952388,0.308100143556,0.140099869933,0.154306137927,0.949017884586,0.242079436988,0.19000956593
0.131598549765,0.134369049624,0.98091243101,0.314548454258,0.369068639479,0.279925361899,0.194491987287,0.090964363946,0.129377632951,0.138346360104,1.0,0.470872034303,0.324107258293,0.452696858231,0.113511165449,0.0,0.202550369059,0.889727374635,0.177718872082,0.0488654172579,0.217265700089,0.158671743121,0.2817393252,0.126763968035,0.169950238803,0.952337431272,0.245773400122,0.188161546795
0.111564427407,0.142215187682,0.982940857834,0.358804155394,0.387001993691,0.298064569778,0.212006658834,0.13921067503,0.16389023129,0.161271167543,1.0,0.467652029694,0.329482177259,0.464992452199,0.124637904265,0.0,0.18714107919,0.894848716054,0.184817899501,0.0775197625341,0.269656735103,0.200483235854,0.253896582069,0.130234666101,0.112346114928,0.979983415804,0.309318630625,0.262108583043
0.105369694223,0.110543350387,0.996553645861,0.369783678917,0.407713442029,0.310241287681,0.202177805689,0.134276332777,0.173005823318,0.150333633173,1.0,0.461746526439,0.328856880944,0.466136393506,0.104847578329,0.0,0.203072195191,0.915922247631,0.194875455491,0.089023935331,0.268634742415,0.200341862407,0.222725406511,0.130449142802,0.11419352211,0.992285428607,0.309306200121,0.279823223733
0.0746549192786,0.114745730176,1.0,0.377662499207,0.399601240784,0.308180693966,0.21651143572,0.138168806148,0.202355380391,0.156553036998,0.990088350955,0.455912995325,0.308042086932,0.444471378192,0.107397520203,0.0,0.222596417966,0.913845855897,0.164745373995,0.0904228979105,0.250405511454,0.172740947964,0.195611049466,0.105861074062,0.100645514352,0.999053297108,0.304770403539,0.268018612302
0.0720111262425,0.114569581327,1.0,0.344367369888,0.38081749065,0.269206271378,0.186262331009,0.12243020478,0.169299405429,0.129712047965,0.964135976268,0.414264582791,0.277647406727,0.397359668209,0.114295413806,0.0,0.201569018567,0.900423766088,0.144256099443,0.0842229854919,0.229829070986,0.135740346481,0.170945152722,0.10829668194,0.082845356689,0.966065887547,0.282716544007,0.241104797477
0.0371936535538,0.0911811889626,1.0,0.335455210691,0.373067906883,0.261537129664,0.167491177743,0.118273195865,0.124808765589,0.105506783893,0.980217725877,0.394034080089,0.261803926052,0.362354588868,0.130531344574,0.0,0.176293395961,0.901307885748,0.112425710251,0.058209808188,0.21364249397,0.0823042991892,0.149800959283,0.0706678833181,0.0575636849901,0.961245563551,0.257002810142,0.245601028713
0.0165656698132,0.0668850422375,1.0,0.31632342933,0.359416341436,0.256560613273,0.129355620756,0.111911169175,0.104559365317,0.0987250415692,0.980020419609,0.374783676646,0.25161441191,0.355534891803,0.126906174022,0.0,0.176503477457,0.917557417238,0.0784040932952,0.059755198975,0.202774643625,0.0843587396763,0.127037713523,0.0463595322316,0.0295083770755,0.953028331246,0.218254645631,0.21452101348
0.0154897914335,0.0600814199814,1.0,0.297631272789,0.348285388246,0.255842302632,0.14000447062,0.0916033354664,0.0829671160336,0.113652026758,0.978228814181,0.359976028908,0.236999923411,0.348486186164,0.103416088562,0.0,0.166908846949,0.943882440862,0.0674814975139,0.0593445290052,0.186130344595,0.084285971947,0.123794267494,0.0529018220032,0.0466300332714,0.965425337631,0.221870194042,0.212583915756
0.0151956019024,0.0682913302514,1.0,0.282633415729,0.327587575197,0.261934433435,0.1291357808,0.0976162771638,0.0787879666551,0.129960626988,0.969260079937,0.353808970838,0.239916993809,0.334299283682,0.0846111542087,0.0,0.155861737551,0.943161862123,0.0705996570841,0.0546472314844,0.159635812483,0.0835496190439,0.118976066574,0.064971275411,0.0286378599808,0.943205144037,0.223623112856,0.236690882282
0.0150955579209,0.0834228413709,1.0,0.302032309578,0.338653939912,0.278141332778,0.12591524506,0.100750959093,0.0720964425348,0.117896213021,0.973470149102,0.360554625284,0.242154448221,0.339195565198,0.0836009191054,0.0,0.149550268835,0.951316291954,0.0851999927455,0.0620739556784,0.169018198434,0.0770926805794,0.0886001513047,0.060640438829,0.0136508483314,0.948998178405,0.226765154809,0.232230710171
0.0,0.0945327257466,1.0,0.31306825284,0.324435814191,0.303060489117,0.132107872265,0.108702277979,0.0648094321793,0.124111029074,0.966329814425,0.360525720528,0.242830152246,0.322631370956,0.0889088846984,0.0161398921792,0.133374503028,0.957473045411,0.0997923711557,0.0987769421227,0.18264784737,0.0828247327864,0.080639676365,0.0568251944226,0.0190765936305,0.953649711718,0.20404868508,0.215393516143
0.0,0.0767317118846,1.0,0.302822763227,0.329194972,0.296472387687,0.112236755184,0.0957567200439,0.0426497241322,0.0763175026899,0.963569291553,0.355900564547,0.253695417847,0.321505583661,0.0775184918389,0.0067511118503,0.0919864820674,0.965697831861,0.0731421396232,0.101064578476,0.141199552891,0.0700880312413,0.0872946673158,0.0536958147634,0.0146301487249,0.963052256734,0.183564035861,0.193872874021
0.0125840053455,0.102178938223,1.0,0.297117659555,0.330984562287,0.307441257941,0.108925052792,0.0942993747113,0.0325548932419,0.0620730345458,0.967424404711,0.367200210735,0.276745689365,0.328209041635,0.115969882439,0.0493931008736,0.126261920051,0.961108075803,0.06599635963,0.0998335667009,0.139783744227,0.068643951898,0.0785977886331,0.0377486952291,0.0,0.942512982585,0.189183873516,0.199345102337
0.0234637604956,0.0958084231445,1.0,0.2873030192,0.345165056909,0.318217386468,0.125888582666,0.120976494537,0.0333947043188,0.0707764503821,0.979192234787,0.374892754357,0.288897875204,0.334608435967,0.132876509416,0.0382982991102,0.124891291584,0.970227009435,0.0768328240601,0.119165756604,0.154422921263,0.0960532414697,0.087070950918,0.0488748646081,0.0,0.944355996942,0.189421487127,0.193506839683
0.0188271125477,0.0965031425622,1.0,0.287499836661,0.33237713179,0.325320316032,0.140555912959,0.10487726924,0.0467717273464,0.081765839352,0.969720346925,0.366662986864,0.282800049211,0.324862955218,0.130335247101,0.0480552391416,0.121469432303,0.969781704131,0.0743741463267,0.112619961145,0.146008502739,0.0920730151779,0.0922167175955,0.0519878804581,0.0,0.934063416642,0.181660181663,0.190483648966
0.0329437876804,0.115335791808,1.0,0.2945722147,0.355786432114,0.332146544571,0.138657190325,0.108047850902,0.0558445761423,0.0852490069656,0.96722142891,0.375684863013,0.287616020183,0.330124180867,0.155710742606,0.0731909632447,0.135318416486,0.969001504467,0.0775955001043,0.120008139578,0.173765584735,0.0939867593611,0.0975268252219,0.0702325318148,0.0,0.93349256621,0.185312908322,0.214340122312
0.00699318578641,0.101130834442,1.0,0.298110469796,0.349725854206,0.341019091573,0.141380317146,0.11389305982,0.035580837789,0.07866370069,0.965407476867,0.388796436374,0.302536504301,0.342716420127,0.121526101693,0.0566822811124,0.121432845856,0.9735629633,0.0837597998861,0.127446472181,0.185081528148,0.0867370460042,0.0884666375041,0.0589288012746,0.0,0.945504339648,0.17620724041,0.216968130642
0.0116161341316,0.111046769074,1.0,0.292244513152,0.352967802748,0.356613487714,0.134133503995,0.128660724422,0.0490321658645,0.0805291423015,0.954431931673,0.375525549379,0.294215398741,0.348054218695,0.117386432383,0.0555416410053,0.107002945663,0.953837465516,0.0729705666175,0.123097567976,0.174821867275,0.085785007677,0.0919844822229,0.0715601293102,0.0,0.921945172797,0.178644136776,0.248729901505
0.0205286598868,0.12778246757,1.0,0.293005166061,0.338230520417,0.365733183302,0.154643124901,0.116218209821,0.0707034383908,0.0874583570196,0.959001533494,0.372756614396,0.284521140811,0.332842032549,0.113902593992,0.0557310638888,0.115191799703,0.937302651741,0.0719264131251,0.114910380201,0.17532989572,0.0785142404813,0.0967179998535,0.0713730758586,0.0,0.918996807935,0.175168415818,0.251007367954
0.0344344333637,0.140793632519,1.0,0.308461446779,0.344817101671,0.374080729859,0.155807734043,0.140595507551,0.0835572904501,0.0878924448304,0.966612401634,0.37036447255,0.288136545747,0.331538299561,0.12715392895,0.0707464379386,0.122967393292,0.944063263276,0.0945081849693,0.113182673474,0.178594237332,0.0882750928421,0.105136557279,0.0729888466906,0.0,0.916544176516,0.17200605053,0.259492906872
0.0453323529055,0.141120009044,1.0,0.313844148943,0.352361973407,0.378240422416,0.149687316762,0.139695202511,0.0960094725742,0.0732621064853,0.978470962975,0.378439256166,0.305107541436,0.340264109783,0.123997416197,0.0695360028999,0.113483154407,0.954338087873,0.1004479472,0.107878750128,0.180076415456,0.0968357170325,0.10363980851,0.0582295710783,0.0,0.92364849103,0.174313717921,0.264067558244
0.0286441481186,0.129231237278,1.0,0.302881083795,0.345247807833,0.356085651718,0.146171622398,0.137606687969,0.0824886290888,0.0736877277832,0.987387982181,0.360295422013,0.293954240671,0.330364092105,0.108922288347,0.0651188412968,0.0970691437689,0.960805000229,0.0811846902252,0.0874392553683,0.17854248843,0.0789768821903,0.106828373704,0.045861354172,0.0,0.927267627047,0.160405032766,0.246833945184
0.037323287966,0.141875132728,1.0,0.291629239462,0.336699493279,0.341638150315,0.144768795776,0.146000044145,0.0787898999568,0.079670874657,0.978231036258,0.35191920014,0.297985765613,0.336193545387,0.11315688343,0.0638894763023,0.110918120738,0.951544378346,0.101483418853,0.0955287253857,0.172909256971,0.102633420684,0.0885296311703,0.0441639699059,0.0,0.920500970607,0.16994198461,0.258266469278
0.0388115173411,0.150141869048,1.0,0.307338109051,0.348905980447,0.35570370054,0.146942580034,0.150227524971,0.0860119611588,0.0984296841267,0.984295853029,0.350454269991,0.297174722653,0.335115340867,0.133336334942,0.0812226940921,0.128423532466,0.955062577309,0.125268128481,0.10237915759,0.190904973402,0.111353064816,0.0991163813881,0.0538264017313,0.0,0.921554005948,0.163130263065,0.261441902013
0.0366297440913,0.159650110228,1.0,0.316133584021,0.344791442596,0.353628102708,0.147359775699,0.173169931477,0.0928320457035,0.0990417643412,0.993307995515,0.354179213991,0.289554111616,0.334442116695,0.136308193276,0.0910253089749,0.125610148962,0.947114566129,0.13806184697,0.0981091045891,0.21297063042,0.126393125108,0.0888967505374,0.0528716070396,0.0,0.917781175909,0.159211628013,0.272356198822
0.0342974906376,0.146937618709,1.0,0.304635938117,0.324743286919,0.339501956432,0.131423096595,0.159456151262,0.0777917443759,0.0759548985179,0.983182547461,0.33789761913,0.278278912345,0.31488107361,0.127390704056,0.0824385241268,0.109950779499,0.943275390192,0.12086054495,0.0833272812686,0.187141529752,0.102079036378,0.0791180061105,0.043230946552,0.0,0.912593804206,0.150469605908,0.263351738058
0.019020702159,0.123425563697,1.0,0.301145200295,0.32289891005,0.333207598887,0.125073299759,0.152592276223,0.0760571272485,0.0601953068982,0.982227292399,0.328417044195,0.271469637761,0.314040873266,0.112800475462,0.0704913581408,0.100522112125,0.94398567392,0.104271686114,0.0582891722937,0.176322437233,0.0848714834978,0.0745858692948,0.0388562578361,0.0,0.907395513594,0.136720385246,0.260858524814
0.0353135415347,0.141711920762,1.0,0.304305503196,0.326442611715,0.341967896755,0.139768992872,0.150295787658,0.0936037476383,0.0797216510336,0.976788241404,0.329838950652,0.271279823201,0.32021415819,0.122558974103,0.0787819816211,0.109389178418,0.936545037403,0.118506214894,0.0740445843067,0.181716333097,0.102064555841,0.0798622969273,0.0470803306789,0.0,0.909446019533,0.1536764825,0.280188688498
0.0360609706312,0.137757008981,1.0,0.300926965761,0.32309533815,0.326269928533,0.149498684431,0.130885478226,0.0841514329482,0.0830601850639,0.970135158494,0.347427953187,0.277264124848,0.321196402106,0.123065294618,0.0789163581529,0.117607323459,0.943474144228,0.126509915935,0.0629421225256,0.16397735135,0.0993985785191,0.0792550403293,0.0383304317998,0.0,0.900793841009,0.14913965032,0.276454213964
0.0408612868689,0.14092067744,1.0,0.300194909491,0.326002017588,0.323178425323,0.1554426849,0.124057652265,0.089482815114,0.0799655649059,0.966342515902,0.330792736173,0.277574530662,0.310172730547,0.120531294686,0.0630887534738,0.120106298197,0.939611001428,0.126898203214,0.0725943308581,0.160715313221,0.110038269302,0.0668821026166,0.0306896441408,0.0,0.901704247372,0.140686679252,0.268955646383
0.0405765966721,0.133597402478,1.0,0.298822011582,0.322624840077,0.310389745179,0.160280085293,0.126807073855,0.0850778503999,0.0729054171366,0.963235037218,0.332966986774,0.277224267573,0.313364391439,0.112579347894,0.0615680160363,0.117125073514,0.942639215054,0.124786850836,0.0769501249592,0.178176878179,0.121562812005,0.0564666001388,0.0282798456203,0.0,0.898013882113,0.134604430502,0.269057991342
0.0266011037547,0.119515649311,1.0,0.289716853841,0.316831422927,0.300972809929,0.157116456704,0.117100133783,0.0796170555791,0.0716049389029,0.968363301757,0.317366290078,0.267741981929,0.30876792639,0.101064005943,0.0465678727805,0.101808205088,0.945989799166,0.107337349042,0.0669860049462,0.169012025086,0.112330146725,0.0522874611513,0.0242037317659,0.0,0.901050870194,0.124741526153,0.255664734133
0.0246107391857,0.102909094545,1.0,0.290842619115,0.30900328816,0.29074010191,0.159456493398,0.120411982107,0.0792589538647,0.0671472395303,0.975547294306,0.317542313565,0.266504937019,0.311990644188,0.102168307204,0.0477210088504,0.103336581889,0.941075007362,0.104552570214,0.0780971613793,0.173238248137,0.110992458112,0.0465818155953,0.0156854087533,0.0,0.886547024682,0.116772514025,0.253455993094
0.026259777636,0.107822188047,1.0,0.299342224389,0.308625181801,0.293365355922,0.158117382967,0.125016705724,0.0735682483621,0.0654653173139,0.98591831503,0.326399294391,0.272667843534,0.317452078347,0.116086354104,0.0549278256737,0.109540876449,0.944032838071,0.109219753372,0.0838186151745,0.175722730242,0.107914389004,0.0491674806749,0.0233267960033,0.0,0.887191691186,0.125476269627,0.248702455512
0.0252025504669,0.102208001845,1.0,0.292070376008,0.31409775639,0.297563446494,0.149140480341,0.12409605235,0.0714047716649,0.0580068276945,0.983187866056,0.331517822043,0.27272936078,0.317213423793,0.107299373926,0.050328763019,0.102274939343,0.944518540495,0.105837673876,0.070625880357,0.165697608131,0.0970686738615,0.0446998477985,0.0172773956253,0.0,0.888532061397,0.125432605653,0.243766448747
0.0240907650997,0.105774589738,1.0,0.294656022072,0.317101069412,0.301152398516,0.148349292915,0.133282680935,0.0751961549254,0.0573560469942,0.986749935403,0.326502864251,0.271179809479,0.315867137482,0.107620647407,0.0519147748197,0.111844298691,0.955545051794,0.102554064585,0.072629889566,0.173498961417,0.0955700785517,0.0466206272269,0.0132169695682,0.0,0.90018330336,0.130928445511,0.247965065842
0.0194530692595,0.105949338359,1.0,0.291675312721,0.312675217058,0.296489367778,0.142056826059,0.124137302012,0.0648850082493,0.0567628289355,0.986998862535,0.321264549158,0.272302612459,0.310805139696,0.117211513147,0.0609112862436,0.124043636285,0.960740108318,0.0976217252894,0.0638053890373,0.165052549194,0.0853931563005,0.0489847137397,0.00490496808753,0.0,0.89873514373,0.127582889922,0.248943845794
0.0372895688213,0.119773443798,1.0,0.295028709665,0.307346890258,0.287347824049,0.139800709469,0.120631792839,0.0698735910827,0.0653313307834,0.984635580613,0.326761884049,0.279315313404,0.325049849925,0.124981104167,0.0679685222009,0.129492057618,0.96096941433,0.108822185406,0.0691456506453,0.171581864246,0.0917808453585,0.0517544575947,0.000929943609694,0.0,0.901217875755,0.137120652482,0.255381609189
0.0561795508841,0.141142754097,1.0,0.29671687307,0.311634477388,0.29083191962,0.15443772856,0.135385615515,0.0838896052507,0.0759557923149,0.982985237725,0.335495176652,0.289720992926,0.331775029065,0.157749541704,0.0891596445232,0.15472847783,0.971908372647,0.116398319751,0.0824665164675,0.186662565948,0.107536643712,0.0581684876785,0.0,0.0129603470854,0.909501867354,0.153019685491,0.270759859449
0.0504557254929,0.126585062714,1.0,0.304822583525,0.310093605945,0.299791545725,0.153586999085,0.134932282772,0.0785590600472,0.0780883772257,0.98943511316,0.339204050999,0.294656811827,0.325435743149,0.144041997267,0.0851987179506,0.154289368419,0.977940908717,0.102415152968,0.0727498683762,0.194161535723,0.0939033585619,0.057046231092,0.0,0.0105986193704,0.909333443173,0.147175418653,0.253992528781
0.0409769624815,0.122551730842,1.0,0.303829570879,0.312040148866,0.298495626802,0.144359298976,0.138005012758,0.0694893047028,0.0738929257359,0.982426534966,0.323185186931,0.286677577881,0.318856294003,0.137765589784,0.0717747161338,0.147534788466,0.980681230519,0.0937747192399,0.0694556612476,0.18435368949,0.0877833275277,0.0550535002071,0.0,0.00404012049542,0.90944007544,0.140239379963,0.244582917409
0.0603114695577,0.130451346044,1.0,0.307970510447,0.313248666451,0.300666997844,0.143356319878,0.137957080654,0.0783905782604,0.0826776012916,0.99059987975,0.321245437573,0.280349975862,0.315133336259,0.137264399224,0.0644718589653,0.144697885708,0.977702919295,0.0873699064097,0.0721910704682,0.185996596993,0.0851827254305,0.0522857647687,0.0,0.00194465694436,0.905968099692,0.146302530945,0.247834566778
0.0675506714142,0.138922685167,1.0,0.313370173257,0.315351484759,0.315118385001,0.162918039899,0.144942826282,0.0957822004031,0.0997245109374,0.981996603845,0.320551832212,0.281521365549,0.315970201284,0.139996782103,0.0685136890925,0.152135903365,0.975990443936,0.0921111962774,0.0838528540242,0.188356164354,0.0859494857476,0.0552638078264,0.00644656155721,0.0,0.896423126621,0.151713802083,0.259708486308
0.0611961053164,0.123269551921,1.0,0.307500262645,0.305650616611,0.304881842098,0.161968200154,0.15235491829,0.0870942750492,0.0945011804246,0.982103456355,0.314305862687,0.274219249778,0.309055270081,0.130514530271,0.0623223551868,0.139149986389,0.976235052403,0.0834336726181,0.0808628866066,0.189120708561,0.0781160327492,0.0496342584607,0.0,0.00152106219064,0.893575674515,0.158978321641,0.261204291355
0.073617466366,0.133569776053,1.0,0.310330375132,0.302629411952,0.306431309252,0.166607921065,0.15329244679,0.0952472369713,0.100974665671,0.97614007954,0.307993834106,0.280641848153,0.308318974154,0.138995361145,0.0812861664785,0.149224021993,0.969518326479,0.0871529078025,0.0809437956151,0.187126727277,0.0800033440731,0.0584060822564,0.00597091573076,0.0,0.888206599233,0.164807183469,0.275062607394
0.084208213491,0.129480047051,1.0,0.308612069643,0.299261509859,0.299393113574,0.171906125706,0.151713643769,0.102389069315,0.111130483532,0.969921436729,0.304884008769,0.282187240079,0.311508447374,0.145734160779,0.0901762513498,0.154531141449,0.962086118648,0.0907700147597,0.0767064499315,0.188363566144,0.0772391186979,0.0634996260465,0.0109699880937,0.0,0.881710602047,0.160679112812,0.271723810335
0.0827883835031,0.13173057606,1.0,0.296690242029,0.281258923003,0.284310496654,0.169833082156,0.146455254628,0.104310609892,0.116056040587,0.961847573818,0.299427787822,0.281056613838,0.306518391023,0.14517338017,0.0834639321019,0.151828485879,0.952466990179,0.0885477899531,0.075991359855,0.182288994158,0.0773372487512,0.0628467870877,0.0131628086807,0.0,0.873155094996,0.160699244493,0.265870797643
0.0753783697738,0.126108822385,1.0,0.280153175746,0.27221582878,0.274724229535,0.162314769727,0.146892141422,0.0972509097864,0.10723331271,0.957710998777,0.284044162412,0.272713217015,0.295093645672,0.133620377491,0.0713678252465,0.142019215449,0.955570512774,0.0756388488759,0.0668268946013,0.181722821276,0.063022420457,0.0540712350677,0.0106528312409,0.0,0.868536556769,0.147950031556,0.260748588073
0.0908057569011,0.129585159416,1.0,0.296057978679,0.281513432363,0.293884288896,0.167063618131,0.160357835973,0.104955380747,0.113983917323,0.958781084529,0.286803367155,0.278282504745,0.297184729063,0.13745267639,0.0809625107772,0.147110524731,0.954073782574,0.0823194980565,0.0793040616722,0.191362702929,0.0759363920076,0.0633802381019,0.0178775201803,0.0,0.865042486943,0.146280096273,0.259167623364
0.0828073002029,0.119371696081,1.0,0.292692312684,0.281868484799,0.294283970986,0.165154851587,0.157030236711,0.107885372753,0.108337172552,0.969149084499,0.287034315316,0.279910038796,0.300107816779,0.132795082158,0.076196570104,0.152049759591,0.957275944835,0.0830865736215,0.0777932546971,0.187822112664,0.0763241622774,0.0640844879127,0.0147661746389,0.0,0.864710080959,0.135300007689,0.256736631718
0.0818666227133,0.119281305067,1.0,0.283376057462,0.281642608845,0.287127497447,0.167251073575,0.151553397808,0.102749414178,0.107497811478,0.967503118939,0.280922208966,0.268871410764,0.293327724502,0.13412371877,0.0774780681098,0.154779544302,0.957225085805,0.0805328078797,0.0778845906268,0.18644072091,0.077734635918,0.069205381819,0.0153862716319,0.0,0.863802650808,0.129120153627,0.246417503168
0.0855102466181,0.127614062824,1.0,0.284332647415,0.286010238956,0.286757235981,0.17521408369,0.156153079479,0.107528378935,0.110852832917,0.968085421788,0.280230077743,0.264639642832,0.289137179288,0.144418230554,0.0885969101302,0.165733772278,0.96939014282,0.0912098266289,0.0875761344165,0.198578263156,0.0836215320888,0.068909497391,0.0150612593771,0.0,0.867346547072,0.131185875578,0.248194504851
0.0885330029291,0.129218691842,1.0,0.281981243108,0.286842401374,0.284802933205,0.171371147841,0.157795991805,0.100418487116,0.108417424287,0.967621387082,0.291590751,0.272172731308,0.297963124447,0.154890351126,0.0968103664807,0.172158430654,0.971485578222,0.098446567666,0.0939839897216,0.20458320594,0.0879179324421,0.0681659998399,0.0197648245436,0.0,0.862321283826,0.128342585071,0.239249413298
0.0791791155605,0.12036591761,1.0,0.267542044652,0.274747970121,0.274980504199,0.165603143672,0.15271094321,0.100312144026,0.101098602109,0.964474644105,0.289669242255,0.270100307404,0.29401232669,0.144808835601,0.087582515804,0.166411345455,0.973088357534,0.096511760757,0.0930894505335,0.199778686227,0.0852069410727,0.0632100435905,0.0158106339186,0.0,0.866092332,0.120965268618,0.231582210356
0.0868630519715,0.133690382182,1.0,0.275541683744,0.283125598954,0.275315950594,0.172379188722,0.155612642921,0.111071300905,0.109231226251,0.963721515685,0.291825635265,0.278260728011,0.297268180875,0.147626841021,0.0926237302253,0.166472024386,0.972747383178,0.105489826556,0.100320283724,0.201898143018,0.0968128708877,0.063224041368,0.0197917848489,0.0,0.866817034721,0.119962146553,0.23342144119
0.090889317745,0.138050473308,1.0,0.273436907457,0.287082035849,0.274213625171,0.180410364514,0.156401890011,0.116726915362,0.118621925531,0.961632916084,0.290623251999,0.280143804737,0.304617239472,0.143941503163,0.0971949901003,0.172134007581,0.975009886537,0.10510243381,0.0993093760025,0.207798703904,0.0966026905087,0.0618866240092,0.019820967187,0.0,0.866995325306,0.131649470237,0.236803150684
0.0836036273665,0.132865842883,1.0,0.265509039919,0.283143661548,0.269758761002,0.172782622917,0.150094766005,0.107060392424,0.113040642403,0.958808828443,0.285948068039,0.26921223807,0.295558881232,0.133136702295,0.0925837035152,0.162934379367,0.974909611382,0.100424471927,0.0953456892499,0.2048381359,0.0887963629213,0.0575912800067,0.0191474692467,0.0,0.860117468632,0.121399335258,0.230226380873
0.085462643458,0.128826429319,1.0,0.264879899174,0.283441125954,0.264508822117,0.181583979953,0.149666726988,0.119527000042,0.119387705022,0.958851207608,0.294380849209,0.274825980617,0.304475682515,0.138483569402,0.103182953917,0.176486116953,0.975062302527,0.0983296903537,0.0928107428459,0.204402574883,0.0954925980595,0.0596228717043,0.0250531206853,0.0,0.860663777063,0.127505534166,0.237823357497
0.0958080271892,0.134529814268,1.0,0.268763041831,0.288697460901,0.264633707025,0.189768991805,0.156516580519,0.125950395078,0.128234247973,0.956657233544,0.296425601747,0.273887319528,0.306414767988,0.143461655044,0.10977962077,0.185368031753,0.973676458362,0.105811754174,0.098018135937,0.21212274845,0.101141806775,0.0667399191674,0.0252860584723,0.0,0.857652393966,0.135657253819,0.247820562426
0.0896283050718,0.126369374777,1.0,0.263397437005,0.291377618158,0.266581279036,0.183874836996,0.15722361836,0.119815939323,0.126327738252,0.951136464248,0.297573329749,0.273943901808,0.305428783328,0.146508330565,0.109453285165,0.180634990383,0.969527233812,0.10577384579,0.0936006651156,0.212460638427,0.0976794185827,0.0727950843054,0.0271525492593,0.0,0.84970903092,0.1319061899,0.240647432701
0.0935844000145,0.129568368671,1.0,0.273084384552,0.298489367919,0.274526346334,0.191890203817,0.164129895995,0.126335287895,0.131153493711,0.953176471665,0.295138922085,0.267904758215,0.302813517365,0.144483268876,0.114196729484,0.180564451404,0.970526846859,0.114086307033,0.0992556066768,0.210635342735,0.101243545093,0.071991267605,0.0265111097447,0.0,0.847527855787,0.139732841293,0.243231586122
0.087263777528,0.127563361272,1.0,0.262407352258,0.29308795044,0.268625184871,0.189300298357,0.150410630152,0.126072247524,0.127443997054,0.954416336077,0.293256566153,0.266039114967,0.302027013445,0.143352973052,0.108519237263,0.176555858752,0.966741970277,0.114351770054,0.0979257705313,0.203432586477,0.100334666018,0.0716984470284,0.0208837141374,0.0,0.846633412897,0.137783541569,0.237170277116
0.0865823693171,0.12499470046,1.0,0.262836255665,0.296959672956,0.267289314277,0.18416206101,0.157455554623,0.124166574004,0.117939504486,0.949196222916,0.295361389787,0.267300626149,0.303380837264,0.145215588512,0.10766267275,0.17817029308,0.962411978622,0.121579927503,0.104846628048,0.206452259975,0.0995655185383,0.0730143223112,0.0201878895997,0.0,0.840945690257,0.136137522411,0.237741455565
0.0931912567605,0.1272813533,1.0,0.260653847039,0.292730146654,0.266235315312,0.187497267925,0.157399765475,0.126979782743,0.122586194983,0.948915093936,0.294173938615,0.267816627629,0.303589051574,0.146913534333,0.111240413896,0.175973550717,0.951029930275,0.129303859127,0.114787564364,0.206052684259,0.110400191938,0.0769368370445,0.0245293651055,0.0,0.840818414462,0.142905985057,0.242137341613
0.0977490389667,0.127654119732,1.0,0.2607294607,0.289349864257,0.26724571298,0.186898095528,0.153213859564,0.127673380878,0.119838533042,0.950641241784,0.298808148727,0.262276268707,0.30023883736,0.140834374401,0.108370195332,0.174612948352,0.952049293141,0.128406255903,0.115992666556,0.200863192717,0.106005996561,0.0822365172096,0.0246782004857,0.0,0.843144519478,0.136442465225,0.240573939872
0.0948959178049,0.122502539493,1.0,0.255374900372,0.282829967862,0.262555699224,0.186279275849,0.162415410284,0.129054760038,0.126707692868,0.948941736282,0.297350884856,0.266698158615,0.3011580234,0.138029687149,0.109426100342,0.172202566257,0.950753915305,0.126147156777,0.111177528201,0.203983564592,0.101047546277,0.0836503162764,0.0244362861931,0.0,0.842056625184,0.135226873345,0.244827626874
0.0989093723916,0.129323602787,1.0,0.263344131903,0.282367894238,0.265653893414,0.1857840346,0.162513653517,0.131008301176,0.125826718523,0.945953027239,0.295308512262,0.269387942802,0.304742998324,0.146512063985,0.116314799316,0.180492517614,0.945692677212,0.135344451254,0.119318759508,0.204261480004,0.106782040997,0.0910250910526,0.0323246581768,0.0,0.840101912763,0.138446267923,0.247021106139
0.0920164888651,0.122641559155,1.0,0.261064474505,0.272846509416,0.261299501273,0.19204690769,0.163213016757,0.141115127967,0.133615006747,0.944867322697,0.296166116123,0.269913155891,0.305502583754,0.145339139265,0.116650696424,0.180724270897,0.940902156257,0.136444842366,0.118023150784,0.204241842795,0.108559475498,0.0906324171954,0.0315446457989,0.0,0.840506745933,0.145057153858,0.248944885785
0.0917853823872,0.12262766611,1.0,0.264558981935,0.274160253503,0.260068810685,0.192768301398,0.164458036725,0.141501527338,0.132659991156,0.947647134375,0.297753695672,0.274748497305,0.306338974164,0.143115718897,0.116573634092,0.179495128271,0.941301809914,0.135512848288,0.115693731034,0.20939950677,0.110705806589,0.0911905844715,0.0372345137312,0.0,0.843063160367,0.144568450076,0.249356526997
0.0794915080804,0.116786903114,1.0,0.2627640803,0.272924300522,0.25934373279,0.184073638188,0.160807625421,0.132374690129,0.123045209048,0.946137122328,0.288661652653,0.268868811,0.300513335868,0.133638995875,0.111232542294,0.172381980777,0.944648970564,0.134152530925,0.113710382379,0.207456428171,0.109447011161,0.0854857865159,0.0358168969006,0.0,0.840604461039,0.132351995503,0.242005069358
0.0770091481742,0.115118859111,1.0,0.258379618555,0.267280671129,0.256851449271,0.180238738718,0.152376451532,0.133443374878,0.117573162642,0.949520171219,0.286805297085,0.265704755562,0.300262934937,0.124893292461,0.103058989554,0.164625010267,0.946329387191,0.126652598855,0.105505808032,0.202776077438,0.104669657186,0.078061205197,0.0312933914527,0.0,0.836464088579,0.122475521917,0.233954880149
0.0769892163072,0.117044568539,1.0,0.259190396927,0.264762289528,0.258229829934,0.187259992756,0.156572664685,0.142419280747,0.125470989674,0.951581978648,0.287986794441,0.266698811417,0.301075181451,0.127307618905,0.109370966098,0.167760119865,0.953414998544,0.130806463191,0.113770325404,0.200671638287,0.111588239363,0.0781115078013,0.0255458938707,0.0,0.835567848223,0.1250397198,0.234398614828
0.0681547282223,0.106736793236,1.0,0.255065149418,0.262122529928,0.257790134027,0.184261441014,0.153320834339,0.135379557336,0.116174073766,0.946448013749,0.286681213703,0.266324235264,0.296434666092,0.121906507253,0.100868266193,0.163334619453,0.95257554995,0.132776275016,0.112346101806,0.198619607905,0.109111249266,0.0736879970113,0.0185677173745,0.0,0.830858097303,0.124103440132,0.234218815951
0.0690443859982,0.113219440996,1.0,0.258270593608,0.267209871403,0.261687032545,0.190910718965,0.156435860944,0.141237667828,0.119830581884,0.940259213265,0.290733677336,0.267677657591,0.299211303354,0.123680069895,0.103495411032,0.166459903899,0.954723723469,0.131739009251,0.110459105049,0.204577509525,0.112872241425,0.076629533326,0.0228630326264,0.0,0.833896883099,0.128451420171,0.234616767008
0.0718854240909,0.113127840704,1.0,0.258677583666,0.270458801796,0.265165846574,0.191677474481,0.157617691592,0.140790950317,0.124306274215,0.943052357023,0.291540173199,0.27149229145,0.298490852487,0.122787945411,0.10514147381,0.169238871377,0.961112488061,0.131338939747,0.113236703935,0.205654355724,0.112815207194,0.0750047764949,0.0238793105976,0.0,0.838620520978,0.130345715396,0.235772201461
0.0753387947993,0.112855773568,1.0,0.260851088018,0.273329622327,0.267468719045,0.188597266324,0.151978466115,0.13950757538,0.122989267061,0.940860676731,0.291695492238,0.273386064882,0.296278990278,0.115954778121,0.10307708892,0.165482340878,0.958592644483,0.127993709806,0.115709005024,0.201119739721,0.10626302055,0.0750957635854,0.0238837872543,0.0,0.833410623527,0.132158390282,0.238139891442
0.087011848607,0.124732267416,1.0,0.262088915897,0.27515456411,0.270405133574,0.191055933869,0.161388014535,0.143408633075,0.129787709696,0.940421367979,0.298067295063,0.277831213139,0.300638282571,0.119477834587,0.105622487514,0.166782049544,0.956371971034,0.134232423082,0.118220345942,0.20562820248,0.112599007743,0.0786337539922,0.0255258131881,0.0,0.838379569473,0.135150985084,0.242798102879
0.0851711840062,0.123503611212,1.0,0.266429019037,0.283111048942,0.274471315125,0.200591513722,0.162294660215,0.151739387053,0.13505472541,0.941086502107,0.294110944842,0.275695192642,0.298792942515,0.119010157499,0.103164741483,0.167068164873,0.957392131799,0.13132444473,0.119104697566,0.202893418054,0.10730805629,0.0809967989777,0.0261247525229,0.0,0.839673954089,0.133595553168,0.244346248056
0.0884761441923,0.125222412889,1.0,0.269880136394,0.282808199399,0.276798534937,0.200495353488,0.162250535806,0.153360450064,0.133841143299,0.937804018035,0.29884117281,0.279164429596,0.30110537014,0.122160335324,0.10539123628,0.171889883884,0.951648131121,0.128221381141,0.122305132937,0.20405314919,0.109965079993,0.0780530721552,0.0284503959849,0.0,0.837274299317,0.13419943779,0.244924587728
0.082040672542,0.118948664943,1.0,0.26858744085,0.279984497342,0.27187119722,0.193735114597,0.157114271826,0.153353842808,0.135009038659,0.931194344623,0.292320090106,0.272548527523,0.29297025731,0.115413410054,0.0974513871429,0.167897429007,0.949515351267,0.122694517517,0.112964894311,0.198629665177,0.10151031983,0.0734688238829,0.0240953608491,0.0,0.836381716227,0.129138423194,0.237719319884
0.0832129476089,0.117319757054,1.0,0.27012106487,0.282707158756,0.276834853575,0.194850763036,0.159714285341,0.150356765791,0.140317283363,0.930800202378,0.293965868114,0.273135340329,0.294505574918,0.121676476475,0.0999695988184,0.171762842098,0.948464879359,0.125523191312,0.119259711628,0.201124677392,0.103288673346,0.0738512036897,0.0282570850682,0.0,0.837876068668,0.135011937452,0.242589351551
0.0863975344715,0.122163269676,1.0,0.264210104896,0.275124285206,0.277048980351,0.194258410106,0.161810581704,0.150566569906,0.140248407059,0.934874953926,0.292201907345,0.270424291851,0.294504474181,0.122411224475,0.10328807123,0.174927171426,0.948617531091,0.129948909941,0.120112631732,0.202362052485,0.104308423879,0.07224454152,0.029794102332,0.0,0.839241356191,0.131292957547,0.236865684396
0.0873164512168,0.121990953919,1.0,0.264122911472,0.276214938261,0.279961771749,0.19628406981,0.160614204956,0.15130579771,0.142463637076,0.93356399135,0.292131920328,0.269643039296,0.292874150983,0.124247812048,0.104339253079,0.174342583915,0.949041530106,0.131311001445,0.124096277339,0.2020974233,0.105412780566,0.0759730688076,0.0348837613794,0.0,0.840447785173,0.13371491266,0.243505584838
0.0858435376901,0.120169181152,1.0,0.259780517895,0.272459210631,0.275351448013,0.190561499393,0.158763537867,0.146896924003,0.139157773755,0.935345985803,0.288638222683,0.264920621077,0.282717665498,0.121598565519,0.102170323593,0.170841707711,0.947452195275,0.125911111822,0.114866918106,0.200039751246,0.0996622964359,0.0747249878589,0.0306379123433,0.0,0.839923608196,0.12991088487,0.240897732283
0.0852717513514,0.118528314959,1.0,0.259512186913,0.269626581776,0.273064955246,0.186264762533,0.162681793112,0.140447389724,0.135461224708,0.935455732694,0.282578410257,0.261872384569,0.277108807358,0.120367661946,0.0990196373958,0.165431969833,0.949953078662,0.123952734674,0.110836124682,0.200368884892,0.0973153912426,0.0737951449857,0.0295320028832,0.0,0.837825617905,0.12864873021,0.243905030257
0.0880954194394,0.120693068061,1.0,0.259887222067,0.272248323603,0.275742347141,0.183226053276,0.166490221678,0.14105281073,0.138043343736,0.935378308326,0.284015686421,0.26070925568,0.275110168445,0.127465434692,0.100166660986,0.167109292832,0.950185709491,0.126342405073,0.113325006194,0.197176838508,0.10197010062,0.0753063828181,0.0298760849615,0.0,0.838456644318,0.13314859274,0.248921590641
0.0823028933953,0.120407141665,1.0,0.257038713763,0.272050859684,0.276403676221,0.183355733395,0.166172018921,0.138765514123,0.138957953658,0.931354932419,0.28717975213,0.265829342978,0.276127413144,0.124759624613,0.100715270344,0.168668692083,0.947960611842,0.120796305193,0.113407512255,0.202753844432,0.0963830046421,0.0723637460786,0.0273596316351,0.0,0.835131363194,0.135380717965,0.25176205937
0.0773082260317,0.115841037774,1.0,0.251142309606,0.266982702135,0.27170388642,0.176680848361,0.160220458119,0.134273219935,0.134457092927,0.927865604678,0.285345746752,0.261394468194,0.275208349277,0.124255048816,0.101071670716,0.168578791806,0.946509121084,0.114109231629,0.108132722211,0.200312333118,0.09013018616,0.0675784877316,0.0203790431852,0.0,0.834216103401,0.132431358688,0.248088515953
0.0793773323654,0.11145817269,1.0,0.248944583273,0.265730023177,0.272368273805,0.174415602706,0.158008019957,0.131033042729,0.125348395644,0.9308991478,0.284043273406,0.258066689003,0.272469823871,0.114696209849,0.0952080473066,0.161237036936,0.950855356541,0.10712899375,0.101533651749,0.198145702766,0.0840817575306,0.0703500787459,0.020825224167,0.0,0.8382773071,0.132472932542,0.249554551322
