8.847128517661302372e-01,5.904935841312239919e-01,5.443765930142483445e-01,6.511475187369628603e-01,7.335013485325800886e-01,9.478938296850505374e-01,7.632288469800103670e-01,3.036309509018057518e-01,7.944203710792321349e-01,7.731328104824094494e-01,7.512179387958923815e-01,8.785120907860016759e-01,8.761664741771949538e-01,7.207831542236171618e-01,8.011734644319917775e-01,8.908777855697935788e-01,8.819047623018190230e-01,7.557223617237391888e-01,9.169302085838273442e-01,9.146113474442877367e-01,9.083790181328188496e-01,8.425541421696457478e-01,3.332157533013585526e-01,8.213365758191988331e-01,9.576585879836477799e-01,9.168694827205802200e-01,7.996699247367342611e-01,7.900216072195697103e-01,8.283625924967504828e-01,7.574654438649131016e-01,0.000000000000000000e+00,7.774151228967051130e-01,7.585474797500794120e-01,6.802239642739319470e-01,7.159322905133205239e-01,6.938376523532339135e-01,2.457770580608230615e-01,6.170134921560807006e-01,6.117355242596587139e-01,7.515919422998279531e-01,2.820099075907169794e+00
8.846722407265544819e-01,5.931359170873206077e-01,5.227356744256437260e-01,6.248833860888441949e-01,7.056588772910765694e-01,9.178452957938851853e-01,7.334793598386074587e-01,2.907394749895160779e-01,8.129826786436651354e-01,7.859170586325446850e-01,7.626940402822399712e-01,8.860988125931816839e-01,8.862583541690355338e-01,7.344893465546633582e-01,7.930970361074843877e-01,8.846405697077527330e-01,8.844396820384294866e-01,7.602571786613396831e-01,9.235509787480075117e-01,9.215048077896819123e-01,9.141859982074047597e-01,8.463167420370899530e-01,3.343723732443719676e-01,8.243075917259218288e-01,9.591271139965438230e-01,9.207818679744510515e-01,8.034518138559588740e-01,7.941570748667184931e-01,8.325925277362499211e-01,7.611464300908834524e-01,0.000000000000000000e+00,7.806894665722735605e-01,7.617523641098136178e-01,6.831927722968628158e-01,7.191673245760261679e-01,6.970609523984844236e-01,2.469402288916909827e-01,6.199574772579971027e-01,6.146008596325520656e-01,7.526183366691530097e-01,2.825996465557670145e+00
8.866561826460566120e-01,5.958958697855979425e-01,5.250727658413281151e-01,6.005093843551857491e-01,6.780504129009827796e-01,8.915852641324636396e-01,7.052083940442432919e-01,2.797462223368671896e-01,7.791223353644072258e-01,8.053788072441010470e-01,7.762343985000477176e-01,8.969363669998010602e-01,8.949622740381039110e-01,7.472711690564182163e-01,8.076689993698729086e-01,8.722902093858451167e-01,8.822581054521336785e-01,7.620947273891285345e-01,9.284350816891202562e-01,9.280212468012210003e-01,9.208222083221253573e-01,8.523738867661879715e-01,3.358775794183915808e-01,8.276044244217503065e-01,9.608930069863311774e-01,9.246069953664661778e-01,8.069394910664142717e-01,7.979315935492590217e-01,8.370121898085705059e-01,7.651414646289810273e-01,0.000000000000000000e+00,7.842726538398890890e-01,7.651569375645832505e-01,6.862471999129692302e-01,7.224344308968149164e-01,7.003407654191255993e-01,2.481336112459044119e-01,6.229990383937072940e-01,6.175902104634363177e-01,7.541519642999146011e-01,2.828223399070214139e+00
8.883932526707438715e-01,5.985562309254096602e-01,5.273138204652320082e-01,6.029685720710785679e-01,6.513334782270745471e-01,8.644296809419194094e-01,6.793378156589592320e-01,2.689362682005061456e-01,7.492305396144617324e-01,7.714523250675487942e-01,7.955191167359809690e-01,9.090382571804462852e-01,9.057153188872393290e-01,7.575368643127418089e-01,8.206561848147920779e-01,8.823254710373560350e-01,8.733743474486318492e-01,7.597970421020734388e-01,9.302626915732854496e-01,9.327549220776584216e-01,9.268721586750744423e-01,8.589476456778701863e-01,3.381798478816790965e-01,8.315602669126833657e-01,9.628560702172502817e-01,9.283571666652303822e-01,8.099770938560949540e-01,8.011388370146723670e-01,8.408921962410014217e-01,7.689143402733907839e-01,0.000000000000000000e+00,7.878921439508685953e-01,7.685524990512866417e-01,6.892035473307644988e-01,7.255214270542540422e-01,7.034024570900773154e-01,2.492486187006007214e-01,6.258645406883867057e-01,6.204402222951295176e-01,7.557372061786028494e-01,2.839710672532331781e+00
8.901304762094239820e-01,6.013790293988648950e-01,5.296919692552435333e-01,6.055667924745520292e-01,6.522288560222733178e-01,8.392439148152590622e-01,6.532659184617338743e-01,2.593653303576379798e-01,7.207700529478906493e-01,7.424791394905270181e-01,7.623844593599689023e-01,9.282177685267729572e-01,9.186472238580920546e-01,7.706370898997026986e-01,8.317789647440712031e-01,8.918488112372187082e-01,8.870569750066579218e-01,7.515687371339385692e-01,9.273343804142087921e-01,9.345626579057922934e-01,9.312081553349652596e-01,8.651267224270331457e-01,3.407659160686807853e-01,8.378446036180356993e-01,9.660578720314535461e-01,9.324757913968448886e-01,8.129011607698741759e-01,8.041241437669536252e-01,8.444992054436208928e-01,7.723014785541001404e-01,0.000000000000000000e+00,7.918634075261905547e-01,7.723160030732773018e-01,6.924150513954986375e-01,7.287921063391832321e-01,7.065488148750679320e-01,2.503690028792532885e-01,6.287626701143523844e-01,6.233754654098744297e-01,7.576956757534049069e-01,2.843328492956016085e+00
8.930852623378722210e-01,6.041024534585466288e-01,5.320120803811480004e-01,6.081225947942970889e-01,6.530673638326403019e-01,8.409331854490229574e-01,6.284028412397983931e-01,2.495345156158043642e-01,6.950860816754051985e-01,7.143101141506453811e-01,7.336045657440303236e-01,8.942347218267893139e-01,9.379102879496029610e-01,7.853435327315517744e-01,8.455358279188670556e-01,8.993357840796515346e-01,8.997809482321762475e-01,7.633475779883241996e-01,9.180369891649790004e-01,9.317852299749873612e-01,9.325648057703272986e-01,8.694313423859950651e-01,3.430953636541329010e-01,8.444781904048200838e-01,9.708656074051558171e-01,9.369967245571518832e-01,8.156972927572312404e-01,8.066538556760538548e-01,8.475394823012910583e-01,7.751045678266639261e-01,0.000000000000000000e+00,7.956325758621772826e-01,7.760548567745809700e-01,6.956151040853451040e-01,7.320071892470074726e-01,7.095608623755006450e-01,2.514171738558583780e-01,6.314509607525521373e-01,6.261247397312941221e-01,7.594156555548330356e-01,2.854306683327890504e+00
8.961126718986376360e-01,6.069725097515263901e-01,5.344681427995179313e-01,6.108277869872915655e-01,6.541464740330177330e-01,8.427677651934996073e-01,6.308564626681300025e-01,2.402969763798966096e-01,6.691054276816166269e-01,6.892880200386337641e-01,7.060915057613225132e-01,8.649944648524532376e-01,9.045363729225455174e-01,8.065716120721482252e-01,8.610655855941903303e-01,9.096458445120884084e-01,9.106006299553917049e-01,7.741751839128928614e-01,9.313756612817027936e-01,9.221991271768608112e-01,9.292371040777533953e-01,8.707107160459945927e-01,3.447553259714840612e-01,8.505961411531175465e-01,9.764339473043091022e-01,9.434644316271381115e-01,8.193783264216556450e-01,8.094251236611698097e-01,8.503701774845466854e-01,7.777549326066582891e-01,0.000000000000000000e+00,7.990608180897507129e-01,7.799430500844537484e-01,6.991153398862365309e-01,7.355616241804503463e-01,7.128321556813201898e-01,2.525332084853935122e-01,6.342439239376812532e-01,6.289259470044750167e-01,7.612074532649385494e-01,2.859588717940177993e+00
9.005780607532238857e-01,6.099607735734956515e-01,5.371193579442004040e-01,6.138466224948936345e-01,6.573673802232339325e-01,8.466742830214796234e-01,6.339341112948214674e-01,2.414727661493082378e-01,6.450457145329556718e-01,6.638696451303254253e-01,6.812159009989590119e-01,8.376777309974968722e-01,8.764771881738174786e-01,7.733510284589958372e-01,8.810425428674439896e-01,9.235231515776017863e-01,9.227389885839458739e-01,7.825051646193681432e-01,9.430291653875113589e-01,9.347537530975653652e-01,9.193278168209790824e-01,8.671536279050213736e-01,3.452246386197672101e-01,8.545608112849398807e-01,9.825788420254174538e-01,9.499208662783403812e-01,8.250133437604919573e-01,8.129881769900806354e-01,8.531993948137877037e-01,7.803736848392280878e-01,0.000000000000000000e+00,8.022757555310409128e-01,7.834851866270947651e-01,7.027316069521486464e-01,7.393936819362160184e-01,7.163713649497160940e-01,2.537347004703645048e-01,6.371784822680058857e-01,6.317983643473676914e-01,7.645688849852119162e-01,2.873485012031717467e+00
9.049945023760820328e-01,6.130298833040660478e-01,5.398594076459567459e-01,6.169859042463398113e-01,6.607276880612010794e-01,8.504911347753185691e-01,6.371207444814153131e-01,2.426808977344904195e-01,6.482701110569183411e-01,6.400383812014883711e-01,6.560119206175143436e-01,8.132167282223086158e-01,8.495472248415916194e-01,7.448236413958772006e-01,8.482160386013292142e-01,9.439238250904503635e-01,9.366512334559028430e-01,7.930887362604464030e-01,9.527935475323028314e-01,9.460215674671494934e-01,9.320825149118437958e-01,8.568801697621680757e-01,3.439168319530385154e-01,8.554503565359030670e-01,9.867674617443222829e-01,9.553088305141129721e-01,8.315086195134945291e-01,8.188804467946715349e-01,8.568294586387328327e-01,7.835129608952221547e-01,0.000000000000000000e+00,8.054087629761937928e-01,7.868025896368963101e-01,7.061023117505483837e-01,7.433941858575339179e-01,7.202301369764458894e-01,2.550795674838413629e-01,6.404513205939450504e-01,6.349160804273287217e-01,7.677994363998865701e-01,2.881433159854926540e+00
9.090201698663432639e-01,6.159810138802219726e-01,5.424908773513223981e-01,6.200265219368349401e-01,6.640002025854052636e-01,8.538253213452282608e-01,6.402070809584372579e-01,2.438428167101927280e-01,6.513521892795768320e-01,6.430697521817727580e-01,6.317585714833580113e-01,7.874496451220767135e-01,8.252252109615094700e-01,7.170458365997116612e-01,8.196692771515713405e-01,9.112426370896087313e-01,9.567390362213983313e-01,8.050727846931403642e-01,9.648441379340542134e-01,9.547027562819903057e-01,9.434118262300493774e-01,8.690708346470230605e-01,3.400367889805493427e-01,8.514331424229591994e-01,9.872681556144279336e-01,9.580254837405773882e-01,8.374295599599254070e-01,8.255784199133903156e-01,8.623503350346637397e-01,7.877990110871149199e-01,0.000000000000000000e+00,8.084386568302941445e-01,7.898455761523306418e-01,7.091327334218870959e-01,7.468818040083399223e-01,7.240182166212152381e-01,2.564924435903901401e-01,6.439541900740891611e-01,6.382125540879679537e-01,7.706709227316905775e-01,2.894249160054430892e+00
9.144754804099463064e-01,6.185227083636541945e-01,5.448444002937620212e-01,6.228802589922278754e-01,6.672303768672430691e-01,8.586489347678051276e-01,6.434751564400241763e-01,2.451021993040196079e-01,6.546800715323221054e-01,6.463407648201556777e-01,6.349789044846549935e-01,7.647820873640909234e-01,8.007882725079957797e-01,6.925065687476644749e-01,7.926969515759472173e-01,8.836146294238282906e-01,9.247002208496868381e-01,8.231897325912029828e-01,9.795124709697403675e-01,9.680522532491316889e-01,9.536513285596398548e-01,8.808107034967797011e-01,3.449429630155384507e-01,8.413907242224997196e-01,9.849111125079003104e-01,9.605546138631873010e-01,8.412877060629329051e-01,8.310207317904939606e-01,8.690074466046734392e-01,7.927399017633091072e-01,0.000000000000000000e+00,8.108776015201393239e-01,7.921616050651859586e-01,7.115111540800704848e-01,7.496928774135038775e-01,7.272352572920434133e-01,2.577882107922735422e-01,6.471819067421750171e-01,6.411906807452638635e-01,7.746652561016570404e-01,2.908513976033001214e+00
9.167323835176505176e-01,6.212243337186472703e-01,5.471932182247493115e-01,6.256069666457367839e-01,6.701928553370821717e-01,8.629797794184032034e-01,6.463403101193173628e-01,2.461696837239743807e-01,6.575552059364138113e-01,6.491932959704921346e-01,6.378020083164583909e-01,7.687055688635420214e-01,7.771725893607033253e-01,6.670119377948586781e-01,7.681239293486683550e-01,8.564461300731796012e-01,8.966274856938319937e-01,7.946367078623782776e-01,9.999977220991714821e-01,9.827781514276932029e-01,9.662152577400276998e-01,8.906873371315133792e-01,3.494902982473583331e-01,8.545035212285737591e-01,9.764484903704828689e-01,9.589649779902263971e-01,8.426141887300445665e-01,8.352185045002585850e-01,8.754739886118683145e-01,7.987918038732225723e-01,0.000000000000000000e+00,8.145370376935213708e-01,7.950072011233412228e-01,7.139603420933260391e-01,7.524416696880946720e-01,7.302028079652723713e-01,2.589345619265983611e-01,6.504113857194750992e-01,6.444032073376809722e-01,7.788163684120672503e-01,2.921880304682356044e+00
9.193634041886662445e-01,6.240723128574813261e-01,5.495922019066444841e-01,6.283138500745972799e-01,6.730720669653080801e-01,8.670636214482798643e-01,6.491925275262399042e-01,2.472475903066296277e-01,6.604697370859979877e-01,6.520802870195182566e-01,6.406467877497608043e-01,7.724947051258130859e-01,7.806696200262166485e-01,6.428528101360844182e-01,7.430481957362655709e-01,8.321849099123602711e-01,8.696369481208432450e-01,7.700562599167646294e-01,9.677507733930567069e-01,1.003814347550629815e+00,9.806716351885190752e-01,9.031323347781614608e-01,3.533781425526129061e-01,8.664963675713658331e-01,9.906260408566884834e-01,9.505058468561033980e-01,8.394143083902627644e-01,8.364657525524283876e-01,8.802578513467799182e-01,8.044533962050495202e-01,0.000000000000000000e+00,8.204237992067897611e-01,7.987273462484980602e-01,7.165424237091104764e-01,7.549645126283074381e-01,7.328179688958492699e-01,2.599113535405586650e-01,6.531120324593419069e-01,6.476134360517213917e-01,7.830271751650861312e-01,2.935686757893959165e+00
9.223799268917926009e-01,6.270995581341657354e-01,5.520989283049081431e-01,6.310550343327737677e-01,6.759069640630196441e-01,8.711420463400457725e-01,6.520040187094153783e-01,2.483302050300106589e-01,6.634283801855036522e-01,6.550253093564306628e-01,6.435545528410483440e-01,7.764627596748679972e-01,7.841938904791275755e-01,6.458262688784611738e-01,7.192214647609181943e-01,8.073820775384998871e-01,8.454698010344072756e-01,7.463996196073986455e-01,9.399470018267209737e-01,9.722107648702752458e-01,1.001418482888393857e+00,9.173692155403595505e-01,3.581653867440867112e-01,8.766072542850040783e-01,1.003624394692159694e+00,9.649868311841058865e-01,8.293926134841522746e-01,8.329307789638848991e-01,8.819029412509440391e-01,8.081137028671009359e-01,0.000000000000000000e+00,8.267996531953160089e-01,8.043941518161558113e-01,7.196996010637152219e-01,7.575412786060230497e-01,7.351570112785981159e-01,2.607494507792030847e-01,6.553637497434005033e-01,6.502954870309894941e-01,7.873310511199845818e-01,2.949962874905810217e+00
9.260404021280949083e-01,6.304848762253658645e-01,5.549388426873624880e-01,6.341062621545646705e-01,6.790040357774607127e-01,8.755300620156701852e-01,6.549729474394280215e-01,2.494879640478763483e-01,6.666235144445457061e-01,6.582328365577305718e-01,6.467380185337773257e-01,7.808389453566919602e-01,7.878838488968897824e-01,6.489808330746359433e-01,7.226391434953988169e-01,7.839980344355245157e-01,8.207857330229650916e-01,7.252490874547695698e-01,9.131994506013991764e-01,9.452287224008538713e-01,9.693756638940761450e-01,9.379930650198238240e-01,3.636372939250693825e-01,8.892410760459524832e-01,1.014943858840271496e+00,9.784753598753764825e-01,8.420335432659966646e-01,8.226110539913024100e-01,8.789533084268094099e-01,8.085630374799774867e-01,0.000000000000000000e+00,8.325122954686305921e-01,8.107407114450593255e-01,7.247233003081288150e-01,7.610104389084912935e-01,7.377893694593473661e-01,2.615700064460257934e-01,6.575268724718867919e-01,6.527552915505370201e-01,7.914628791706515010e-01,2.960363785957679017e+00
9.300292287622745624e-01,6.341810128335430008e-01,5.582155616527981756e-01,6.376554936643016314e-01,6.826212792022380293e-01,8.808742028383417244e-01,6.583313429731915134e-01,2.507799032914761472e-01,6.702029352424069275e-01,6.618659880617231428e-01,6.503814277559633039e-01,7.861465231955160338e-01,7.918923382657191423e-01,6.524913579628056626e-01,7.261752720975391817e-01,7.880148482323839909e-01,7.973855609058048133e-01,7.037382032884248462e-01,8.892352198506644489e-01,9.198575699139880379e-01,9.417822855327392384e-01,9.060180695900655889e-01,3.714965799189393625e-01,9.039450727175041278e-01,1.029268004614555032e+00,9.909103549450037907e-01,8.533737223549542339e-01,8.348316483785218622e-01,8.693766956975589322e-01,8.039708200561019869e-01,0.000000000000000000e+00,8.362752167075502285e-01,8.164418294833190037e-01,7.304275370972098669e-01,7.667604595803824141e-01,7.415456058646479054e-01,2.625749091634316801e-01,6.598906940239774865e-01,6.552429980277273414e-01,7.959507265702303602e-01,2.962671087311789186e+00
9.315516307466793489e-01,6.384003026619040622e-01,5.620784434090846382e-01,6.418044967968963288e-01,6.867356128461051812e-01,8.834241396596692608e-01,6.617087297544780311e-01,2.519944471896017335e-01,6.735241206156926674e-01,6.652277661049768032e-01,6.537160324824703439e-01,7.877943095822280695e-01,7.952989479798510120e-01,6.554098863627625393e-01,7.286585251383694839e-01,7.909807865879433519e-01,7.996335304810237021e-01,6.819887213225749312e-01,8.629329071116518257e-01,8.923375457244373532e-01,9.134954568323920832e-01,8.768899529023999051e-01,3.588558114906877372e-01,9.232323106954922753e-01,1.041184665608322568e+00,9.988096765856863124e-01,8.634249253881447483e-01,8.471802122749709785e-01,8.812976529281986160e-01,7.958931034456758757e-01,0.000000000000000000e+00,8.384775936042437872e-01,8.214353790757991103e-01,7.364839338181068396e-01,7.738345509175897918e-01,7.477388730085852142e-01,2.642569077722098925e-01,6.638542281645106735e-01,6.590363816933604291e-01,7.981723208321832574e-01,2.953112399966091317e+00
9.354941625457762200e-01,6.427531184510644202e-01,5.659712048981188071e-01,6.464302213094406113e-01,6.917740461521209028e-01,8.878391950137319855e-01,6.661418004353906186e-01,2.536049286623806576e-01,6.777919889508180473e-01,6.694627019099654852e-01,6.579063452984094118e-01,7.908213749733624676e-01,7.994127806003552550e-01,6.589837940567258023e-01,7.313666107407715833e-01,7.945226245367279505e-01,8.018495745955707132e-01,6.841364124315199025e-01,8.378624552507699663e-01,8.648259179077377734e-01,8.878398912063325543e-01,8.489184601071324554e-01,3.477487475801693262e-01,8.896977696828762827e-01,1.059581968632786531e+00,1.008729060424335078e+00,8.755601637611628574e-01,8.573457337383465493e-01,8.918732307152196226e-01,8.101352598843197805e-01,0.000000000000000000e+00,8.357208141043103167e-01,8.232200798921808227e-01,7.412486056569667081e-01,7.806234588804075170e-01,7.551852918308692431e-01,2.670076693606155960e-01,6.696103075679266103e-01,6.637931430669955502e-01,8.013795553900837643e-01,2.927366361265049566e+00
9.359288091619437644e-01,6.441905272519304892e-01,5.674175313034218737e-01,6.484373113395093258e-01,6.941713602796697469e-01,8.893690526147249864e-01,6.680152895497137866e-01,2.542253447630739016e-01,6.793653871566722735e-01,6.710151086246405328e-01,6.594587865479059063e-01,7.911529469132783099e-01,8.024516320537747882e-01,6.610899431881699373e-01,7.344105668585401148e-01,7.973250176696240477e-01,8.054831928911488914e-01,6.869993228571226185e-01,8.417514416201332672e-01,8.390404590431179699e-01,8.632166944061444580e-01,8.240128053647165496e-01,3.375988563618165794e-01,8.607271322467072716e-01,1.025514414696536925e+00,1.025789831717140999e+00,8.901531908051485420e-01,8.704897099775277258e-01,9.012932863097662395e-01,8.234865841953280530e-01,0.000000000000000000e+00,8.267184486509754349e-01,8.202490315711641333e-01,7.424860447780400330e-01,7.842442271515375207e-01,7.599068564976289020e-01,2.689433996457439857e-01,6.737433784691947425e-01,6.660458388725631895e-01,8.015739567473704197e-01,2.963357772576714844e+00
9.368163048421253025e-01,6.457881639407693219e-01,5.689215754154943738e-01,6.504176292359690192e-01,6.965305616909193143e-01,8.914956634639907840e-01,6.705011239265534773e-01,2.550816529292630475e-01,6.814986596175234279e-01,6.730157914047910639e-01,6.613591416694909464e-01,7.919747530207630337e-01,8.055812413290442953e-01,6.634156005112172849e-01,7.374490380499778563e-01,8.003315723487729461e-01,8.089851652949670013e-01,6.898178846409828147e-01,8.454245278398357932e-01,8.406559286961615696e-01,8.398275608697006733e-01,7.987894497665064542e-01,3.285023762583524909e-01,8.330777200784196257e-01,9.962036891041794462e-01,9.905924790198716856e-01,9.111386162058026095e-01,8.856052962396834261e-01,9.134047986645466022e-01,8.351252641259209186e-01,0.000000000000000000e+00,8.406120907153439292e-01,8.106948992025780898e-01,7.398349749893642358e-01,7.850307380915382272e-01,7.632161835836088759e-01,2.707882200427327857e-01,6.789486730499912914e-01,6.707651568586393553e-01,8.031480046509842374e-01,2.990432273455339462e+00
9.381350345199519492e-01,6.477214527722692239e-01,5.703917944556614605e-01,6.522605503956437900e-01,6.986725944725482584e-01,8.929561386441343673e-01,6.731265480892141273e-01,2.560503375539205928e-01,6.839395456386401229e-01,6.752298333860395907e-01,6.633722743712761050e-01,7.926786466608455317e-01,8.085860212299860184e-01,6.657281937718694254e-01,7.405176803513447981e-01,8.034330319498035333e-01,8.125728471437696498e-01,6.927083921796253208e-01,8.491773662905565123e-01,8.422783914791788229e-01,8.435475742352340767e-01,7.746205193488168161e-01,3.191374757202015688e-01,8.080117730820474131e-01,9.675855360193010846e-01,9.594971398658861395e-01,8.790741668243227114e-01,9.067370426138637862e-01,9.269998858520621665e-01,8.488766703384785783e-01,0.000000000000000000e+00,8.528637446047097059e-01,8.235327562926889611e-01,7.310950887817228017e-01,7.810959328075096630e-01,7.633851656764738536e-01,2.719929945657523218e-01,6.836760126531146176e-01,6.763059970261136034e-01,8.068388710624411209e-01,3.017999773940856389e+00
9.423926072615359528e-01,6.501204964455890023e-01,5.718186294399846270e-01,6.538449879522983954e-01,7.004406212080576122e-01,8.934391316483617507e-01,6.752868502068576362e-01,2.570268375645157755e-01,6.865178645664484769e-01,6.775493860235166643e-01,6.654255357738118049e-01,7.932018537371448019e-01,8.112711088646921143e-01,6.678422622737607561e-01,7.434922125501648438e-01,8.064619845959883904e-01,8.161847433466403734e-01,6.956129178515455536e-01,8.529828509035188855e-01,8.439705173983014230e-01,8.472734453379863195e-01,7.776736606054331924e-01,3.103627172905382703e-01,7.825895791477779362e-01,9.419777229041930156e-01,9.298471668957482006e-01,8.517608205841741276e-01,8.752830132290679854e-01,9.473319036206312438e-01,8.646898411324804856e-01,0.000000000000000000e+00,8.636324417759958516e-01,8.356251168352709646e-01,7.422165269385119224e-01,7.705064124577214457e-01,7.588629741948325069e-01,2.719496547152640553e-01,6.862417277134214011e-01,6.808428896777484196e-01,8.106859080864026179e-01,3.047875364330776993e+00
9.478343664128865420e-01,6.539872941178507260e-01,5.736145716006301187e-01,6.553974870865687530e-01,7.017803297369402671e-01,8.941580442436821707e-01,6.769439072817118319e-01,2.577943516813578917e-01,6.889884630451337255e-01,6.799277542791130058e-01,6.676223485317198669e-01,7.952172774013425149e-01,8.139497921231158006e-01,6.701214657314233936e-01,7.469721176884187575e-01,8.098402563799115272e-01,8.206415201711160234e-01,6.992117694287172114e-01,8.578341929021772172e-01,8.481754168536682625e-01,8.519682295422910112e-01,7.814785577818447182e-01,3.120874728272832188e-01,7.590614367701681298e-01,9.171953937847064919e-01,9.063582810964062597e-01,8.247057749642154878e-01,8.473017921881121906e-01,9.149213994220435353e-01,8.848117807632852605e-01,0.000000000000000000e+00,8.755838091290857328e-01,8.445991360078530796e-01,7.511394238825632730e-01,7.817272643768407026e-01,7.471150077326443872e-01,2.698604769744453180e-01,6.846547527210943285e-01,6.825703772431055416e-01,8.143658633385560952e-01,3.089656125676387255e+00
9.520801722554524948e-01,6.585915451892128125e-01,5.774260382050547813e-01,6.581446077238886083e-01,7.034059585613946508e-01,8.932983156114449041e-01,6.782277408580597022e-01,2.583572515243849343e-01,6.908000834888929909e-01,6.820980886813988731e-01,6.698482865019943500e-01,7.967989336386315236e-01,8.162684693442154860e-01,6.723579307858983389e-01,7.504741680017336103e-01,8.130095174997375995e-01,8.251462104813279685e-01,7.028251862448003928e-01,8.628376966164057471e-01,8.523965809420595008e-01,8.568024158662402856e-01,7.852902764814051473e-01,3.138565569938682187e-01,7.627393409687599490e-01,8.937228698380146330e-01,8.825297523354768137e-01,8.010276398965783251e-01,8.205591810291286148e-01,8.875399975420161791e-01,8.523741855774276122e-01,0.000000000000000000e+00,8.896880043971991947e-01,8.566084881541129459e-01,7.581157738043601269e-01,7.920317987074867450e-01,7.577572009478644732e-01,2.650398108309791612e-01,6.776634223795884315e-01,6.806814074926569313e-01,8.155096403224804114e-01,3.137910032432472907e+00
9.622220515242891903e-01,6.668889449943815606e-01,5.847978804374716066e-01,6.653205397058128412e-01,7.096122994270880335e-01,9.023044473139110178e-01,6.838947213929628122e-01,2.606386167994725334e-01,6.972227316208525760e-01,6.888414575975490006e-01,6.768513514221725647e-01,8.051991755030764031e-01,8.223356956252091399e-01,6.775950879358334511e-01,7.535342122850469115e-01,8.177747286348648892e-01,8.271547354226240767e-01,7.053141434155107969e-01,8.645745613518428518e-01,8.558758695527505234e-01,8.587749259317146722e-01,7.886236566545810067e-01,3.145608546928325144e-01,7.660591518250291498e-01,8.981125764340927020e-01,8.581903696687745997e-01,7.748956623639031704e-01,7.951609602605577143e-01,8.592356674347771950e-01,8.231744671583152151e-01,0.000000000000000000e+00,9.090260322314458463e-01,8.702630739808089322e-01,7.703313728352321199e-01,8.031740232667499146e-01,7.719414803816814219e-01,2.710852965422942962e-01,6.724705530202435000e-01,6.813389991319771521e-01,8.215962534629039915e-01,3.066204213027236225e+00
9.690605182791555139e-01,6.733247230368861747e-01,5.916055864758574812e-01,6.732042346741539118e-01,7.178128836025092774e-01,9.117652074163247189e-01,6.895411591487241587e-01,2.627685674849947750e-01,7.031548476793146873e-01,6.950150010538995726e-01,6.832502635241624045e-01,8.134195451946518718e-01,8.284837536114225687e-01,6.829823702873484281e-01,7.567561791997059473e-01,8.225015181593917646e-01,8.291652292121604040e-01,7.077322333623423667e-01,8.663127766448148748e-01,8.593412914170374117e-01,8.608244549764213494e-01,7.919940205714612880e-01,3.153026788710573403e-01,7.694054087006256815e-01,9.024388392811788506e-01,8.610813843102744780e-01,7.506173935164262012e-01,7.693169453095461963e-01,8.343658328219609732e-01,7.951311391532907002e-01,0.000000000000000000e+00,8.757618242858995483e-01,8.908476260581322803e-01,7.841175918594535110e-01,8.172337453899392035e-01,7.841153721275964106e-01,2.767595259643485517e-01,6.895159150208365340e-01,6.749125243055839052e-01,8.227030446667158436e-01,2.997580237575679707e+00
9.709298171104511210e-01,6.762725792651054224e-01,5.965761891626899516e-01,6.801904315599542894e-01,7.263523284282003001e-01,9.224734611985793142e-01,6.956425212998360585e-01,2.648143280124877763e-01,7.084711895335040754e-01,7.004676227647518294e-01,6.888452048055023758e-01,8.206099486624047756e-01,8.343481917609217868e-01,6.883304413941689903e-01,7.602332526254110823e-01,8.272554383164354430e-01,8.314237347676032286e-01,7.101975999173177900e-01,8.682224019967778039e-01,8.628033818652690590e-01,8.630957571708037790e-01,7.954261950256892311e-01,3.161487871705209174e-01,7.728243825791432098e-01,9.067131213671756340e-01,8.641271128956620196e-01,7.533088537594705425e-01,7.448167447044643508e-01,8.085206847372033989e-01,7.699503934328347787e-01,0.000000000000000000e+00,8.469170262723914044e-01,8.580622976492165987e-01,8.031783353883151788e-01,8.324306632894616920e-01,7.985023961977399942e-01,2.814315090854496715e-01,7.049341156167399092e-01,6.905468609883426145e-01,8.165121627803547666e-01,2.938973187532307296e+00
9.638389636404720573e-01,6.754403224018671326e-01,5.994376235086777971e-01,6.859478559126734876e-01,7.347428628982451970e-01,9.347437895819951104e-01,7.039413794714330930e-01,2.671973493441160974e-01,7.141711590627628503e-01,7.060188670784817155e-01,6.944519195623942709e-01,8.279502894709757088e-01,8.401101043332197538e-01,6.939150661767921058e-01,7.638640263244629303e-01,8.323720275705851490e-01,8.336589784847721063e-01,7.126348321449771372e-01,8.699036251073206660e-01,8.661615475018926702e-01,8.651693075202743222e-01,7.988452677303186089e-01,3.169479823330330071e-01,7.762812174083603134e-01,9.112260702899604992e-01,8.671236446398614683e-01,7.559509855227685149e-01,7.474217455438854074e-01,7.843817013776028801e-01,7.442083531443738353e-01,0.000000000000000000e+00,8.191557954768102778e-01,8.301692940441680602e-01,7.761382402865907304e-01,8.542770022002686980e-01,8.147083144788060949e-01,2.872491297272257160e-01,7.187399356419328367e-01,7.059363918486077916e-01,8.339927879215986994e-01,2.873076153114635822e+00
9.792217913760159487e-01,6.676140727879585901e-01,5.979674052699552877e-01,6.882409752801188496e-01,7.411657747153974629e-01,9.465103278168912615e-01,7.126602674273420091e-01,2.702798552328025683e-01,7.204728052792059856e-01,7.115192627121964541e-01,6.995962259639260106e-01,8.349259311864316579e-01,8.455140555156389626e-01,6.987673097518879439e-01,7.673638610061418452e-01,8.377472658087498081e-01,8.361135269408133119e-01,7.151866762023652013e-01,8.717271043661584118e-01,8.694910027387329210e-01,8.672654339888475894e-01,8.022056731113048622e-01,3.177775462362730785e-01,7.797442175141029441e-01,9.159974137937521022e-01,8.701926410881685170e-01,7.586638087111176043e-01,7.500898220542677741e-01,7.871995055178340195e-01,7.197995980983101783e-01,0.000000000000000000e+00,7.942655943558282194e-01,8.029292205584670494e-01,7.531146274970224042e-01,8.229485226973088929e-01,8.372670335601474223e-01,2.935823015101853284e-01,7.350190021544635854e-01,7.189546916454666592e-01,8.503133113275831434e-01,2.812082995812258623e+00
9.937710346848300791e-01,6.822344560510738010e-01,5.903388347752447363e-01,6.854892407391386389e-01,7.442133970425455214e-01,9.575890875440109529e-01,7.206215301548082319e-01,2.735940529261525755e-01,7.288808159439272849e-01,7.179131554783523272e-01,7.049278242373896441e-01,8.421622892624075485e-01,8.510827345294593727e-01,7.032212965439198493e-01,7.704010767863804787e-01,8.432721399097357073e-01,8.388532405427177041e-01,7.180290799295454551e-01,8.738222961090728047e-01,8.730289752112044832e-01,8.694577427545322479e-01,8.056076344403045875e-01,3.186275301713316632e-01,7.833106689206180695e-01,9.213568610442177675e-01,8.734166180324108852e-01,7.615490507334362613e-01,7.529367691028429066e-01,7.901915567150510356e-01,7.227016244746597984e-01,0.000000000000000000e+00,7.690008692213285979e-01,7.790593137561332426e-01,7.314429577080940881e-01,7.965321319076108519e-01,8.070507230773453777e-01,3.024487850746047091e-01,7.530955319509108348e-01,7.347966530293497112e-01,8.651407206454797549e-01,2.750629799335621684e+00
1.002974067732639973e+00,6.952646606058066059e-01,6.038374959551940924e-01,6.782548447443541573e-01,7.436242954786289605e-01,9.552229619493922685e-01,7.265543160104173115e-01,2.763450904979892764e-01,7.365066849495472967e-01,7.243629299323617321e-01,7.093378410741913997e-01,8.442207331230399125e-01,8.523344558261267689e-01,7.063017684227893556e-01,7.733065630375312027e-01,8.475714996049373839e-01,8.423827042817124688e-01,7.211642854478157449e-01,8.770795774355973906e-01,8.763924013076358488e-01,8.724060854410984334e-01,8.086588757541105510e-01,3.197342034238144781e-01,7.865220008123238182e-01,9.231268700402390781e-01,8.769389947169432542e-01,7.645629953119902344e-01,7.558084037203992578e-01,7.931056219289843723e-01,7.253222337302722700e-01,0.000000000000000000e+00,7.445069481527758493e-01,7.538801874835895367e-01,7.075074888181148713e-01,7.689918712488358343e-01,7.778799577909079055e-01,2.900495229421514720e-01,7.722164784731413434e-01,7.488529308558805608e-01,8.760597606293784034e-01,2.742321271650757453e+00
1.012639541322029713e+00,7.056504694563914271e-01,6.143938286927906889e-01,6.926453923063238260e-01,7.350430357586593688e-01,9.475066505533791261e-01,7.281958780089374805e-01,2.779780178996622553e-01,7.423068505768791736e-01,7.303415196278978394e-01,7.147232546667798836e-01,8.460559369581065470e-01,8.533071330857135983e-01,7.085447717634316689e-01,7.759118615431220833e-01,8.508579022656913571e-01,8.457855085924996796e-01,7.244412961573913901e-01,8.810051155758437114e-01,8.800175963393861434e-01,8.758848135826604597e-01,8.117522491611065538e-01,3.209662725556979290e-01,7.896050508595844342e-01,9.249254874390501202e-01,8.806096088284836032e-01,7.677458408173013504e-01,7.588802203480176090e-01,7.962361511291914384e-01,7.281106723131351988e-01,0.000000000000000000e+00,7.472407539620526951e-01,7.288180531061521084e-01,6.833124920962061477e-01,7.430975762019078612e-01,7.497335693452888972e-01,2.788472266322201132e-01,7.383734494507850910e-01,7.677059987495513660e-01,8.883486929952810751e-01,2.753962728309665042e+00
1.024966075474678995e+00,7.188288602083050538e-01,6.241791123953678300e-01,7.062058377241530183e-01,7.494061010611225981e-01,9.336669753664121885e-01,7.256600875908959525e-01,2.786376041801512660e-01,7.468776822575646790e-01,7.363142853761096562e-01,7.213939392958806929e-01,8.505563436624522522e-01,8.553849039195373649e-01,7.114526845139818034e-01,7.785458177192411400e-01,8.538531896611378791e-01,8.487810140232463496e-01,7.273806730490026684e-01,8.848171623092718763e-01,8.839290093157182726e-01,8.794218903754209560e-01,8.150743992904968538e-01,3.221626031325943718e-01,7.927519827736408953e-01,9.266389724468536704e-01,8.842248407416481992e-01,7.709130799732216710e-01,7.619640430767226080e-01,7.993979053240110044e-01,7.309399956996280867e-01,0.000000000000000000e+00,7.499949005619760412e-01,7.315419125276677592e-01,6.604101726497297875e-01,7.173606583946794402e-01,7.245224373865447598e-01,2.683088250984825285e-01,7.091823137698355373e-01,7.345984721629132963e-01,9.071657037646398969e-01,2.754131497585543098e+00
1.044503181932177949e+00,7.330263358362162363e-01,6.354193988600940202e-01,7.171169593297337386e-01,7.615453345388598638e-01,9.421105589723747231e-01,7.159307126999844284e-01,2.773866023323688923e-01,7.478229812184660208e-01,7.400629070303177404e-01,7.270307374142231938e-01,8.552423811003617704e-01,8.593420153764892433e-01,7.150947175428491454e-01,7.816086792797439786e-01,8.561424120639387070e-01,8.518108725689647054e-01,7.301609890502062106e-01,8.884603484949251673e-01,8.879796899501548602e-01,8.833623882796173277e-01,8.186880502403579563e-01,3.234994968963267326e-01,7.960343575367192503e-01,9.282997294211255968e-01,8.879345817790553763e-01,7.741524818163272315e-01,7.651605824686387169e-01,8.027264137595742088e-01,7.339108345442457715e-01,0.000000000000000000e+00,7.528743011557652576e-01,7.343769328706909461e-01,6.614442708442791474e-01,6.929011506605172732e-01,6.986665193206081925e-01,2.587564955940526712e-01,6.807143083133578854e-01,7.054982358078392135e-01,8.724348924709078856e-01,2.762024420029184135e+00
1.011186253409374070e+00,7.537734935357893740e-01,6.485059631080751785e-01,7.307761767379025164e-01,7.717109908356006853e-01,9.491596517809040012e-01,7.291397792104162834e-01,2.736472997474412860e-01,7.442140473203144868e-01,7.408905408098396261e-01,7.312012184303398055e-01,8.592855565345082214e-01,8.638915054065106069e-01,7.213723942645028364e-01,7.859719415135945075e-01,8.582065496113300274e-01,8.548400585564827070e-01,7.328347250555112824e-01,8.917183747784023229e-01,8.916428277044831097e-01,8.872420898088027030e-01,8.225791484075751780e-01,3.249070442355637134e-01,7.995822724950387705e-01,9.296808122812882935e-01,8.916934783410653820e-01,7.773266356132111365e-01,7.682960874282858121e-01,8.060474995997365388e-01,7.368796571192347544e-01,0.000000000000000000e+00,7.557610461933595980e-01,7.372200275984842621e-01,6.624529885136398732e-01,6.956153094160310024e-01,6.742129801736010952e-01,2.490761700335305806e-01,6.552164026735161073e-01,6.776164536375928193e-01,8.419099411603763183e-01,2.764288173834263063e+00
9.839109639094634208e-01,7.215151060950591999e-01,6.669138798350260355e-01,7.461209392549974506e-01,7.856383040267281848e-01,9.559890695999767596e-01,7.411670597697788132e-01,2.785115256055828437e-01,7.342393150684565217e-01,7.370694854149184572e-01,7.318947403007505237e-01,8.623929621416274172e-01,8.685028329001350800e-01,7.268905419463377315e-01,7.908812684484023414e-01,8.625931076490708227e-01,8.572169816137517051e-01,7.347537167371788192e-01,8.944873683029799238e-01,8.947529395471288671e-01,8.908978571470351771e-01,8.263866515020656944e-01,3.264298220539193496e-01,8.031040664280730823e-01,9.324942136272671434e-01,8.953393074625606296e-01,7.803623403183229668e-01,7.713132862578394588e-01,8.093131712438861314e-01,7.398839910597116987e-01,0.000000000000000000e+00,7.588301404531505590e-01,7.402144445585757682e-01,6.636285912527801756e-01,6.984181379828015013e-01,6.768994878567182738e-01,2.397873095239338170e-01,6.290260523459552111e-01,6.523529903687168563e-01,8.137595683244419620e-01,2.778023947687607631e+00
9.557219391066069658e-01,6.928363340811027893e-01,6.378838596307362385e-01,7.657866327882009161e-01,7.997491316690331642e-01,9.693442030516606911e-01,7.505707992236443360e-01,2.828162219979125647e-01,7.470516466572165726e-01,7.271453295162779717e-01,7.284286715241300447e-01,8.645441214917690687e-01,8.733602552653538798e-01,7.322711421622797312e-01,7.967369323233483014e-01,8.692439240780387433e-01,8.606808152904976694e-01,7.371905054334815244e-01,8.973894276459547514e-01,8.981727596859873097e-01,8.945417084849075495e-01,8.302555123272769011e-01,3.280860720566348698e-01,8.073243285541411574e-01,9.376043277504040319e-01,8.995639088924466398e-01,7.838940575101570607e-01,7.747857526342374346e-01,8.130539232258225946e-01,7.434136344804408436e-01,0.000000000000000000e+00,7.626274903731734556e-01,7.439080347777902169e-01,6.669131873967076851e-01,7.018488040139110318e-01,6.802091101878374735e-01,2.409581204097279439e-01,6.049456315403097806e-01,6.269571379740053185e-01,7.901381074653235359e-01,2.783288277261018795e+00
9.303543971815870783e-01,6.648462853522415505e-01,6.125750276274126715e-01,7.322626400485467979e-01,8.197672510432807425e-01,9.838581773450163492e-01,7.620860470374193341e-01,2.862132001311966101e-01,7.581956674590825118e-01,7.393855052888717028e-01,7.179106992560352341e-01,8.615837609923933105e-01,8.748706052831206614e-01,7.357412296403138541e-01,8.020540068555901403e-01,8.762370547655984332e-01,8.663539131601613041e-01,7.403477274675542841e-01,9.005447872170413426e-01,9.012832548493830975e-01,8.979207217272743291e-01,8.336451929409804951e-01,3.295879161999994977e-01,8.114940821552396599e-01,9.427190538102692141e-01,9.039534147939916053e-01,7.875763581912735845e-01,7.783144536603148200e-01,8.167325694854680185e-01,7.468543952392575624e-01,0.000000000000000000e+00,7.663852513400588595e-01,7.476027943062288905e-01,6.702181863938047046e-01,7.053079297516847701e-01,6.835368082347013097e-01,2.421316691298021906e-01,6.078957374327154106e-01,6.026954152191035252e-01,7.654712300913520950e-01,2.795321902059860975e+00
9.050615633729223175e-01,6.401226162715649703e-01,5.884214575241187850e-01,7.037005257629947996e-01,7.875844219743020069e-01,1.005508216851466186e+00,7.759349552309017239e-01,2.908231400927255850e-01,7.681272138434769303e-01,7.512570744657754984e-01,7.306592670627379826e-01,8.524811046669443781e-01,8.721116020720207640e-01,7.363470348488647677e-01,8.055827956271086610e-01,8.831459974859238171e-01,8.726020403388322633e-01,7.453252687753573191e-01,9.043648501265362238e-01,9.045520438447158806e-01,9.009827564059708083e-01,8.367625053717026029e-01,3.308917896957667693e-01,8.152247700652767159e-01,9.480098665250803469e-01,9.084652552108187784e-01,7.914692429112520911e-01,7.819904014910622481e-01,8.204369131968747286e-01,7.502819646668001941e-01,0.000000000000000000e+00,7.701171588774070598e-01,7.513101725047868218e-01,6.735682739969547361e-01,7.088293722389997775e-01,6.869271734620628900e-01,2.433264636314857177e-01,6.108872906900246758e-01,6.056755013120029840e-01,7.426719226238363003e-01,2.799319887988072963e+00
8.810143756150131678e-01,6.144619289165796916e-01,5.664831611417546764e-01,6.757782624046461128e-01,7.595870875597426908e-01,9.739616575766057993e-01,7.956994262541647878e-01,2.958977540558013763e-01,7.800058962560234566e-01,7.605873978308262950e-01,7.415671865531380247e-01,8.655633314618966789e-01,8.624956394761812417e-01,7.319144811285827057e-01,8.058315719749913342e-01,8.881583171163525137e-01,8.782311386580012869e-01,7.508104968167930160e-01,9.103548544510986495e-01,9.084879524400752970e-01,9.042683640361524056e-01,8.395319781371806123e-01,3.321010894953646542e-01,8.183974819744077589e-01,9.527984753680025509e-01,9.129022431668076809e-01,7.955268863058200246e-01,7.858625259475660041e-01,8.242523363075010545e-01,7.537416243894228263e-01,0.000000000000000000e+00,7.737185772339344458e-01,7.549163260987682422e-01,6.768731527155691374e-01,7.123397851552787374e-01,6.903263900263728603e-01,2.445284701978543973e-01,6.138910144940681324e-01,6.086472662971053049e-01,7.468657163236134267e-01,2.813101620091730037e+00
8.692919935051292013e-01,5.876181873927542876e-01,5.175889755160039130e-01,5.917090251181935656e-01,6.338074450712113395e-01,8.185477242031188316e-01,6.112274514375224399e-01,2.327851635040304457e-01,6.217012596455905316e-01,6.137134812519005056e-01,6.028629495742754418e-01,7.289296443145093507e-01,8.043737548208954591e-01,6.429373974555544491e-01,7.833253635028254447e-01,8.119752432214653037e-01,8.965888671021197132e-01,7.475022137689626422e-01,9.507857173821182561e-01,8.990216831368977868e-01,9.393650625314938774e-01,8.249355266728529701e-01,3.443726766485735169e-01,7.990102212214718058e-01,9.366382586675801036e-01,9.170225951627524186e-01,7.987485817560749934e-01,7.907314139507102269e-01,8.300752670262341315e-01,7.554594035827028042e-01,0.000000000000000000e+00,7.721647083157866520e-01,7.541996298467746884e-01,6.766755243866854341e-01,7.131054362807245361e-01,6.915243157931023621e-01,2.451472885999723961e-01,6.153734935766410619e-01,6.095502027467961659e-01,7.390720422373788789e-01,4.282680386875352241e+00
