2,120
1,135
2,167
1,248
2,268
2,253
2,177
0,1000
1,162
2,141
1,175
1,220
2,134
1,94
2,94
1,169
1,150
2,200
2,100
2,210
2,657
1,757
1,151
1,262
1,124
1,116
2,265
2,126
2,211
0,1000
2,159
1,181
2,120
2,102
1,231
2,179
0,1000
1,291
2,94
1,147
1,113
1,207
1,240
2,263
1,147
0,1000
0,1000
2,83
0,1000
1,162
1,174
0,1000
1,105
2,208
2,230
1,98
2,99
2,201
0,1000
1,171
2,83
2,110
1,231
0,1000
1,183
1,148
1,116
2,253
1,108
1,95
2,157
1,108
1,120
1,236
1,168
1,238
2,141
1,94
0,1000
2,256
1,292
1,171
1,139
2,267
1,204
2,165
2,268
1,147
1,164
2,222
0,1000
1,202
1,243
1,190
1,112
2,547
1,407
1,147
2,233
1,761
2,134
1,164
0,1000
2,343
2,143
1,185
2,312
2,127
0,1000
1,250
2,154
1,267
2,117
1,237
0,1000
2,185
0,1000
1,158
2,151
1,172
2,253
2,219
2,175
1,122
0,1000
1,121
2,146
2,34
0,1000
1,247
2,850
2,231
1,401
1,154
1,179
1,452
2,75
2,376
1,243
1,251
1,288
1,95
2,133
2,141
2,121
0,1000
1,237
0,1000
0,1000
1,459
2,156
1,168
2,179
1,168
2,132
2,81
1,191
0,1000
1,129
1,152
1,188
1,155
1,403
1,308
0,1000
1,144
1,115
0,1000
1,119
1,170
1,131
2,200
0,1000
2,183
2,203
2,183
1,277
0,1000
2,79
2,93
2,134
1,150
1,149
0,1000
2,186
1,153
1,73
1,220
2,172
1,79
1,201
0,1000
2,103
0,1000
1,97
1,225
2,162
2,166
0,1000
2,148
0,1000
0,1000
1,158
1,123
0,1000
1,83
2,144
1,112
2,191
1,183
1,172
2,125
1,129
1,117
1,331
0,1000
0,1000
1,150
1,278
2,125
1,158
1,274
1,493
1,207
2,37
0,1000
1,130
0,1000
2,209
2,227
1,282
1,79
1,201
2,221
1,223
2,806
1,228
2,155
2,209
2,202
1,84
1,131
2,260
2,217
2,189
1,164
0,1000
0,1000
0,1000
0,1000
1,204
0,1000
1,176
2,139
1,118
2,167
1,175
1,182
0,1000
1,104
1,134
0,1000
1,115
0,1000
2,172
1,229
2,190
1,124
2,144
2,389
0,1000
0,1000
1,95
1,185
1,132
2,106
2,74
0,1000
1,321
2,176
1,115
2,164
2,150
1,133
2,146
2,369
2,195
0,1000
1,158
1,173
1,615
2,313
2,176
1,139
0,1000
0,1000
1,116
2,123
2,178
2,97
1,147
1,119
0,1000
0,1000
1,147
1,882
1,97
2,138
1,240
2,116
1,573
1,232
1,520
2,136
0,1000
2,137
2,130
1,53
2,132
1,89
0,1000
2,191
2,94
1,112
2,154
2,133
0,1000
1,201
2,239
2,120
1,179
2,178
2,316
2,147
0,1000
1,149
2,260
1,179
1,150
0,1000
2,169
2,220
1,181
2,73
0,1000
2,120
1,186
2,93
1,82
1,113
1,187
0,1000
2,250
2,130
2,112
1,175
1,163
1,547
2,347
0,1000
2,145
2,220
1,107
2,143
1,122
2,437
2,129
1,149
2,188
2,102
2,205
2,189
1,106
1,193
2,214
0,1000
2,318
2,164
1,285
2,258
0,1000
2,142
1,170
2,135
1,148
2,126
2,246
2,163
0,1000
1,112
2,145
1,403
2,106
2,157
1,167
0,1000
2,221
1,183
1,147
1,115
2,207
2,239
2,144
1,152
2,96
2,120
1,194
0,1000
1,133
1,253
2,173
1,139
1,123
2,104
2,280
2,375
2,212
2,189
2,194
0,1000
2,117
0,1000
0,1000
0,1000
2,141
2,123
1,181
1,200
0,1000
2,121
1,155
1,101
2,237
2,286
2,132
1,180
2,194
1,217
2,168
2,659
1,120
0,1000
1,588
1,707
2,165
2,144
2,110
0,1000
1,140
1,103
0,1000
2,125
2,204
1,248
1,139
2,169
0,1000
1,179
2,151
1,246
1,126
2,166
1,186
2,147
2,365
2,175
1,372
2,183
2,369
1,130
1,214
2,220
0,1000
2,206
1,285
2,156
2,83
1,96
1,88
2,166
1,166
2,205
2,465
2,223
0,1000
0,1000
0,1000
2,98
2,171
2,277
1,77
1,205
1,207
1,213
2,293
0,1000
1,108
1,142
1,192
2,131
1,498
2,172
0,1000
2,96
1,795
1,152
2,163
1,224
2,125
1,130
2,183
1,132
1,187
0,1000
1,141
2,82
2,108
0,1000
1,178
0,1000
2,113
0,1000
2,92
1,128
2,248
2,246
1,126
2,168
1,600
1,148
1,180
1,166
2,261
2,87
1,156
2,148
1,149
0,1000
1,122
1,92
1,306
1,248
1,124
1,71
1,140
1,160
2,107
2,303
1,175
2,217
1,247
1,682
2,159
1,324
2,184
1,120
2,170
0,1000
1,146
1,173
2,103
2,110
2,105
1,175
2,219
0,1000
1,127
2,306
1,136
1,142
1,92
2,86
2,112
1,250
2,224
2,149
2,239
1,109
2,181
0,1000
1,115
1,70
2,190
1,220
0,1000
1,125
2,131
1,135
1,219
2,192
2,146
2,146
1,108
1,72
1,127
2,117
2,116
2,142
1,281
2,164
1,102
1,66
2,151
1,135
2,166
2,174
1,132
0,1000
0,1000
1,155
2,180
2,146
2,187
1,121
2,94
2,55
2,94
1,163
0,1000
2,367
2,170
2,386
2,96
2,214
0,1000
1,151
1,130
1,188
1,61
2,188
1,192
0,1000
1,365
1,152
2,179
2,138
2,70
0,1000
2,94
0,1000
0,1000
1,148
2,226
1,173
1,225
2,292
2,195
2,340
1,213
1,54
2,252
1,306
2,334
2,117
1,158
1,146
2,437
2,188
1,202
1,280
1,416
1,155
1,129
1,188
1,137
1,236
1,196
0,1000
1,109
1,103
2,158
1,215
0,1000
0,1000
1,179
1,739
1,86
2,118
1,109
1,164
0,1000
1,101
1,62
2,179
2,97
1,364
1,275
0,1000
2,102
1,133
1,185
2,332
1,156
0,1000
0,1000
2,142
0,1000
2,155
1,190
0,1000
1,158
1,176
1,214
2,154
2,144
1,597
0,1000
1,170
1,766
1,192
2,181
2,163
2,142
1,287
1,186
2,103
1,231
0,1000
1,197
2,138
1,153
1,519
1,218
2,476
2,279
2,126
0,1000
2,170
1,113
2,554
1,99
1,327
1,518
2,107
2,202
2,196
2,161
2,69
0,1000
2,172
2,395
1,88
2,117
2,315
1,142
2,142
1,124
1,123
2,208
1,217
1,99
1,150
1,135
0,1000
2,120
1,130
1,204
2,96
2,79
1,134
2,132
1,271
1,163
2,118
2,159
1,231
0,1000
1,190
1,302
2,151
0,1000
1,205
2,226
2,130
1,160
1,311
2,162
1,329
2,86
2,219
1,79
2,181
0,1000
2,235
2,251
2,173
0,1000
1,160
2,118
1,115
2,175
1,171
1,248
1,227
0,1000
1,142
1,252
1,138
1,207
1,134
0,1000
2,170
2,156
2,140
2,197
2,88
0,1000
2,827
1,143
1,125
1,679
1,198
0,1000
2,317
0,1000
1,98
2,173
1,96
2,301
1,356
1,183
1,551
0,1000
2,182
1,169
2,131
2,209
1,139
1,161
0,1000
1,373
2,413
0,1000
1,176
2,199
1,127
2,194
0,1000
1,132
2,220
1,222
0,1000
1,207
0,1000
2,98
2,226
1,153
1,141
1,179
1,936
1,123
0,1000
2,262
1,135
2,159
1,115
0,1000
1,141
1,571
1,352
1,101
0,1000
2,144
2,123
2,119
2,154
2,105
0,1000
2,198
1,126
1,206
2,126
1,146
2,125
0,1000
1,203
1,150
1,136
1,258
0,1000
1,207
1,191
2,198
2,215
2,125
2,130
2,139
2,128
0,1000
1,198
2,178
2,152
1,104
2,138
0,1000
2,185
2,113
2,102
0,1000
2,306
1,120
1,81
1,160
2,107
0,1000
1,107
2,259
1,145
2,193
2,228
2,109
0,1000
2,130
1,267
1,106
0,1000
1,194
2,517
1,374
1,122
1,178
1,281
1,235
1,182
2,325
0,1000
0,1000
1,180
0,1000
1,282
1,765
2,109
0,1000
2,326
1,717
1,295
2,174
2,169
2,122
1,83
1,314
0,1000
2,188
1,113
2,105
2,195
1,161
0,1000
1,146
2,126
1,153
1,829
2,144
1,154
1,88
2,160
1,615
0,1000
1,124
1,148
0,1000
0,1000
1,117
1,189
2,328
0,1000
2,143
2,198
1,114
2,498
0,1000
2,190
2,328
2,267
1,162
1,213
2,289
2,96
1,161
1,134
2,298
1,179
1,72
1,231
0,1000
2,169
1,159
2,124
1,263
0,1000
1,98
2,165
0,1000
1,204
1,189
1,115
2,71
2,113
0,1000
1,155
1,94
2,247
2,84
1,110
2,125
0,1000
2,91
2,179
1,150
1,106
1,147
2,121
2,103
1,172
2,110
1,280
2,123
2,132
2,303
1,188
0,1000
1,143
1,177
2,176
1,98
1,113
0,1000
1,157
0,1000
1,292
1,196
1,178
2,128
1,145
1,125
2,69
1,116
1,174
1,573
0,1000
1,87
2,118
2,158
1,92
2,458
2,162
0,1000
2,157
0,1000
1,101
1,117
0,1000
2,253
1,131
1,240
1,178
0,1000
2,91
2,725
2,154
0,1000
1,159
2,186
1,78
1,211
1,240
1,103
1,450
2,218
1,326
2,213
1,101
2,73
2,243
2,99
2,113
1,205
1,132
2,177
1,403
1,142
2,129
1,164
1,335
1,120
1,160
2,197
1,141
2,142
2,183
2,133
2,153
1,134
2,124
1,300
2,176
2,236
2,81
1,79
1,188
1,333
0,1000
2,191
1,158
1,305
2,155
1,138
0,1000
2,163
2,115
2,295
1,147
1,252
1,149
1,253
1,177
1,190
1,160
0,1000
1,410
2,301
0,1000
2,84
1,120
0,1000
1,240
0,1000
2,213
1,426
0,1000
1,348
0,1000
1,156
2,161
1,212
2,106
2,164
2,138
2,163
0,1000
1,114
2,405
1,166
1,205
1,88
1,139
2,213
1,156
0,1000
0,1000
2,120
1,206
2,202
0,1000
1,134
2,392
2,480
1,83
2,141
0,1000
2,154
0,1000
2,189
2,148
2,256
1,160
1,211
2,199
2,209
1,145
0,1000
1,98
2,224
2,210
1,116
2,124
2,166
0,1000
0,1000
1,221
2,165
2,107
2,237
0,1000
1,213
2,132
2,155
0,1000
2,148
0,1000
2,99
2,118
1,253
2,574
2,144
1,223
2,409
1,107
0,1000
1,139
0,1000
2,428
2,182
1,73
0,1000
1,130
1,244
2,134
2,679
1,308
2,101
0,1000
1,229
2,109
1,222
1,123
2,263
0,1000
0,1000
0,1000
1,144
0,1000
2,195
2,96
0,1000
1,109
2,119
2,180
0,1000
2,228
1,83
0,1000
2,147
1,177
2,206
1,135
1,131
0,1000
2,80
1,135
0,1000
1,174
2,185
2,173
2,79
0,1000
0,1000
2,126
1,168
2,129
2,166
1,397
1,252
1,78
2,162
2,255
2,161
2,129
2,181
2,446
2,428
1,220
1,244
0,1000
2,119
1,124
0,1000
0,1000
1,208
1,132
2,178
1,271
1,167
1,87
1,191
1,166
1,331
1,190
0,1000
2,132
1,161
2,173
1,156
2,122
2,131
2,160
1,107
0,1000
1,196
1,97
1,173
1,137
2,104
0,1000
1,137
2,285
1,122
0,1000
2,497
2,185
1,74
1,146
1,279
2,215
2,112
2,319
1,162
1,145
1,177
2,167
1,152
2,334
2,173
0,1000
2,117
2,157
2,92
1,128
0,1000
1,97
1,127
2,111
0,1000
1,156
1,248
2,254
1,216
0,1000
1,177
0,1000
1,107
2,123
2,289
1,203
2,471
0,1000
1,234
0,1000
2,185
1,190
0,1000
1,148
2,94
0,1000
2,183
0,1000
0,1000
1,117
1,212
1,89
0,1000
1,211
2,157
1,255
2,883
2,203
0,1000
1,88
1,127
0,1000
2,73
1,227
1,182
2,145
1,115
1,146
1,154
2,130
2,233
1,131
1,105
1,163
1,169
1,172
1,128
2,118
1,134
2,133
2,858
1,145
1,165
1,105
2,119
2,246
2,510
1,118
1,171
2,98
1,227
1,142
2,162
0,1000
2,156
1,154
2,143
1,128
1,368
1,134
1,189
0,1000
0,1000
1,143
0,1000
2,254
1,189
2,197
1,147
2,171
2,302
1,147
1,245
2,163
2,123
1,177
0,1000
2,136
1,909
1,122
1,161
0,1000
1,118
2,96
2,154
1,445
2,165
2,120
1,103
2,242
1,316
0,1000
1,158
2,194
1,156
0,1000
1,223
2,305
2,221
0,1000
0,1000
2,302
1,163
2,379
1,160
2,247
2,165
2,141
2,138
1,274
1,454
2,145
2,227
2,140
2,445
1,107
1,196
1,460
1,328
2,112
2,261
1,155
1,146
2,155
1,117
1,227
0,1000
2,178
0,1000
2,102
1,109
1,307
2,114
1,198
1,175
1,126
2,123
1,199
1,236
1,150
2,174
1,85
0,1000
2,92
1,178
1,113
1,102
0,1000
1,148
1,866
2,142
0,1000
1,124
2,155
0,1000
2,217
1,161
2,119
2,157
1,111
1,740
0,1000
2,461
1,230
2,83
2,324
2,120
1,149
2,141
0,1000
2,214
1,192
2,121
1,95
1,111
0,1000
0,1000
1,109
1,110
1,133
2,230
0,1000
2,135
1,57
2,239
2,348
1,156
2,281
1,511
2,178
1,96
1,158
2,168
2,188
0,1000
1,272
2,181
1,91
1,106
2,97
2,134
2,170
1,185
0,1000
2,154
1,107
1,73
2,138
0,1000
1,306
1,193
2,258
2,141
2,160
1,131
1,190
1,137
2,227
1,133
2,195
1,108
2,112
2,133
2,144
2,545
2,145
2,173
0,1000
2,195
1,109
2,183
1,202
2,228
1,184
0,1000
1,309
1,77
2,135
1,103
1,79
2,161
0,1000
2,232
2,220
1,126
2,167
1,137
1,427
2,221
2,272
0,1000
2,479
1,205
1,141
0,1000
2,151
1,228
2,156
2,200
0,1000
0,1000
2,129
0,1000
0,1000
1,273
1,175
1,242
2,304
2,143
2,238
2,269
2,187
1,103
1,125
2,208
1,151
1,161
1,585
2,153
2,133
0,1000
2,54
2,110
1,481
1,157
1,310
1,182
1,109
2,136
2,117
2,82
2,241
2,186
2,241
2,218
2,177
2,257
2,154
2,244
2,290
2,182
2,251
1,160
1,178
1,224
0,1000
1,153
2,212
1,141
1,164
0,1000
2,94
2,202
1,120
1,152
1,142
0,1000
0,1000
1,250
2,132
1,229
0,1000
2,163
1,288
1,253
1,122
1,246
2,149
1,136
1,179
1,308
2,115
1,247
2,104
1,129
1,202
2,184
1,772
0,1000
2,151
0,1000
1,184
1,185
2,189
1,197
2,118
1,104
1,172
2,116
1,140
2,143
2,93
1,148
1,115
1,265
1,132
1,188
2,138
2,268
2,207
0,1000
1,87
2,138
1,169
1,153
1,159
1,195
1,676
1,213
0,1000
1,172
1,227
2,79
1,124
2,120
2,136
1,388
2,198
2,108
1,156
2,141
1,167
1,139
2,95
2,487
2,204
2,203
2,106
0,1000
1,650
2,166
2,150
2,142
2,341
2,215
2,240
2,97
2,125
1,292
2,251
2,163
1,133
2,140
1,143
2,129
0,1000
1,346
0,1000
2,114
1,143
1,155
0,1000
1,194
1,174
1,133
2,218
2,114
2,182
1,150
2,149
1,220
2,186
0,1000
1,195
2,95
0,1000
1,305
1,139
2,257
1,217
2,132
1,137
2,155
1,122
2,83
0,1000
1,205
0,1000
1,147
2,71
1,68
0,1000
0,1000
2,168
1,250
1,225
1,76
0,1000
0,1000
0,1000
0,1000
2,161
2,84
2,252
1,180
0,1000
1,290
2,163
2,95
0,1000
1,474
2,96
2,184
2,106
0,1000
1,84
2,174
1,110
2,160
2,163
0,1000
1,113
2,78
1,139
1,201
1,129
1,163
1,235
2,152
1,151
2,153
1,363
1,299
2,113
0,1000
2,294
0,1000
2,162
1,145
0,1000
1,129
2,137
1,140
1,129
2,942
2,107
1,143
1,140
2,100
1,125
2,267
1,175
2,262
2,185
1,133
1,172
1,94
0,1000
1,132
0,1000
0,1000
2,129
2,132
1,173
2,318
2,119
0,1000
0,1000
2,137
1,149
1,138
2,154
2,174
2,144
1,135
2,119
1,83
1,126
1,111
1,141
2,146
0,1000
0,1000
1,151
0,1000
2,68
2,180
1,133
0,1000
2,184
2,171
1,68
2,325
0,1000
1,390
0,1000
1,106
1,309
0,1000
2,187
1,137
1,133
1,145
2,130
1,183
1,187
1,97
2,324
2,194
2,171
0,1000
1,288
2,96
2,322
1,77
2,281
2,235
0,1000
2,78
0,1000
1,323
0,1000
0,1000
0,1000
2,165
1,133
1,122
1,118
1,246
0,1000
0,1000
2,176
2,102
0,1000
1,95
0,1000
2,183
1,135
0,1000
2,231
0,1000
2,103
1,278
1,119
1,162
1,161
2,170
1,108
2,117
2,154
1,148
1,156
1,160
2,111
1,174
2,184
2,138
2,157
2,215
2,266
2,78
2,178
2,344
0,1000
2,143
1,199
1,109
2,99
1,96
0,1000
1,204
2,205
1,225
0,1000
1,185
1,129
2,153
1,105
1,161
1,120
1,136
2,388
2,132
0,1000
2,81
1,162
0,1000
0,1000
1,233
2,358
1,176
1,105
1,172
1,131
0,1000
2,156
1,596
1,253
0,1000
2,102
1,278
1,164
2,130
1,430
1,115
2,231
0,1000
2,107
1,134
1,125
0,1000
1,128
2,151
2,104
1,156
1,231
1,125
2,538
0,1000
1,155
2,188
2,128
1,98
1,454
1,95
2,118
2,139
1,155
1,148
2,129
2,109
2,93
1,132
1,94
1,157
2,49
2,124
2,155
2,280
2,145
2,109
2,143
2,96
2,165
1,197
0,1000
2,166
1,192
2,166
1,269
0,1000
2,182
0,1000
2,169
1,109
2,247
2,109
2,151
1,285
0,1000
2,182
2,193
2,60
2,221
1,164
0,1000
2,89
1,72
2,372
0,1000
2,179
1,179
1,371
0,1000
0,1000
1,400
1,110
2,185
1,172
2,112
1,153
1,102
1,160
2,191
1,115
2,266
2,108
2,114
2,118
0,1000
0,1000
2,139
1,144
1,281
0,1000
2,202
0,1000
2,216
0,1000
2,49
0,1000
2,125
1,168
1,206
2,381
1,158
2,144
0,1000
1,173
2,81
1,134
1,332
2,137
1,202
2,265
1,202
2,109
2,133
1,345
1,126
1,529
2,139
1,300
0,1000
1,190
2,297
2,108
2,145
2,143
2,146
2,202
1,520
0,1000
1,367
0,1000
2,223
1,126
1,363
1,131
0,1000
1,259
2,167
0,1000
1,114
1,153
1,192
1,126
1,119
1,405
1,130
2,191
1,796
1,153
1,177
2,161
1,99
2,548
2,161
1,157
2,184
1,93
0,1000
2,134
2,149
2,87
2,111
1,370
2,192
2,93
1,160
1,243
2,145
2,129
1,390
1,157
1,346
1,96
1,126
2,183
2,134
1,255
0,1000
2,142
2,427
0,1000
2,146
2,76
0,1000
1,184
1,131
1,172
1,135
1,90
1,223
2,122
1,183
2,224
1,298
0,1000
2,262
2,190
2,243
1,170
0,1000
2,125
1,145
2,196
2,400
1,169
1,231
2,116
2,158
2,121
2,110
2,115
2,359
1,136
0,1000
2,381
1,388
2,152
0,1000
2,134
1,137
1,142
2,189
2,154
0,1000
1,143
2,147
1,441
1,269
0,1000
1,187
1,139
2,166
0,1000
1,229
1,219
2,106
2,184
2,228
2,257
0,1000
1,63
2,167
2,186
2,138
0,1000
1,141
1,141
1,231
2,128
2,163
2,206
0,1000
1,173
1,159
0,1000
0,1000
0,1000
1,84
1,288
1,90
2,95
0,1000
2,158
2,166
1,103
2,228
2,114
1,138
2,100
2,135
2,166
1,146
2,174
2,118
0,1000
1,62
1,253
2,98
1,289
2,117
1,193
1,106
2,138
1,119
1,189
2,113
1,384
0,1000
1,213
2,125
2,184
1,144
2,197
2,619
1,115
1,283
1,499
1,156
2,80
1,114
2,117
0,1000
2,146
1,107
0,1000
1,134
1,214
0,1000
2,186
1,150
1,119
2,95
0,1000
1,444
1,137
2,46
1,187
2,122
0,1000
1,153
1,160
0,1000
2,195
0,1000
1,231
1,107
1,166
2,252
2,201
2,140
2,226
1,205
1,193
1,224
1,453
0,1000
1,137
2,143
1,242
1,112
1,498
2,401
2,537
2,158
1,154
1,113
1,107
2,174
0,1000
2,253
2,141
1,137
1,137
1,117
1,136
0,1000
2,358
2,507
1,176
1,107
1,186
2,183
2,160
1,188
2,158
1,134
2,141
1,185
2,232
2,147
1,285
2,390
2,183
2,83
2,149
2,88
1,195
2,191
0,1000
0,1000
1,137
0,1000
1,174
2,101
1,97
1,98
0,1000
2,147
1,100
2,165
2,130
2,84
0,1000
1,149
0,1000
1,131
1,137
2,129
2,128
2,185
2,303
1,89
1,47
2,289
0,1000
1,199
2,181
1,251
0,1000
2,130
1,87
1,90
2,144
2,219
2,140
1,244
1,139
2,230
1,185
0,1000
1,162
2,241
1,96
0,1000
1,136
1,138
2,151
2,117
0,1000
0,1000
1,105
0,1000
1,115
2,178
0,1000
1,158
1,194
1,106
1,48
0,1000
1,294
1,186
1,127
1,90
0,1000
1,120
1,186
2,126
1,206
1,177
0,1000
2,234
2,80
1,154
1,216
1,110
1,207
1,101
0,1000
2,135
1,180
0,1000
2,227
2,153
2,119
1,160
1,188
0,1000
1,137
2,227
2,124
1,169
2,270
2,208
2,106
0,1000
1,230
1,175
2,414
1,246
1,141
1,115
1,99
2,149
1,646
1,63
2,189
2,150
2,150
2,192
0,1000
2,159
2,163
2,207
1,87
0,1000
2,130
2,155
2,147
2,371
2,161
2,116
0,1000
0,1000
0,1000
0,1000
0,1000
1,125
1,201
2,180
1,123
1,224
1,116
1,86
1,143
0,1000
1,107
1,150
2,129
0,1000
0,1000
1,333
2,157
2,119
1,140
1,92
2,199
1,149
1,348
1,115
1,292
1,148
1,152
1,117
0,1000
2,188
2,98
2,104
1,129
1,255
2,271
2,248
0,1000
2,165
1,372
2,123
1,150
1,153
2,148
0,1000
2,315
1,143
1,126
1,157
1,236
0,1000
0,1000
2,224
1,344
1,456
2,143
2,126
1,375
1,151
1,132
1,102
1,261
0,1000
0,1000
1,154
2,213
2,138
1,351
1,967
1,101
2,176
1,103
2,257
1,112
2,167
2,186
2,129
0,1000
2,101
2,208
2,150
1,119
2,134
2,180
0,1000
2,127
2,104
1,233
0,1000
1,109
2,113
1,227
0,1000
2,167
2,192
1,264
1,257
0,1000
0,1000
1,196
2,110
1,105
2,286
2,149
2,195
0,1000
1,113
2,195
2,210
0,1000
2,207
1,161
0,1000
2,132
1,171
2,773
2,183
1,556
2,112
2,277
2,198
2,296
2,265
2,514
2,97
1,119
2,115
1,126
2,179
1,148
2,762
1,133
1,174
1,167
2,89
2,103
0,1000
1,158
1,240
0,1000
1,130
2,128
0,1000
0,1000
1,122
1,89
0,1000
1,124
1,104
1,208
1,179
1,170
2,95
2,231
1,186
1,123
2,119
1,150
1,297
2,194
1,191
2,173
1,56
1,88
0,1000
2,435
1,199
2,137
1,128
1,390
2,193
2,143
1,221
2,244
1,167
2,171
2,142
2,213
1,128
2,133
0,1000
2,447
2,130
0,1000
0,1000
2,119
1,187
2,277
2,145
2,134
2,220
2,460
1,195
1,107
2,520
1,171
0,1000
1,187
1,246
1,131
2,156
2,83
1,290
2,142
0,1000
1,206
1,170
2,164
2,644
0,1000
2,114
2,121
1,154
1,227
1,170
1,88
1,164
2,143
2,102
1,277
1,105
2,204
1,574
2,96
0,1000
0,1000
1,222
1,300
2,116
2,120
2,90
1,120
0,1000
2,425
1,147
2,147
1,170
1,152
1,176
0,1000
1,186
1,142
2,61
0,1000
1,154
1,402
1,129
1,142
1,127
1,238
0,1000
1,157
1,187
2,178
2,146
2,114
0,1000
0,1000
1,268
1,100
0,1000
1,150
1,154
0,1000
2,96
0,1000
2,130
2,110
2,440
0,1000
1,157
1,113
2,130
2,269
2,133
0,1000
2,146
1,170
1,127
1,258
1,120
1,743
2,207
1,187
2,141
2,128
2,38
2,105
1,249
1,150
1,133
0,1000
2,139
1,154
0,1000
2,250
1,252
1,94
2,160
2,187
1,166
1,127
1,156
1,151
2,115
2,452
2,161
2,148
2,115
0,1000
2,226
2,78
1,181
1,961
0,1000
1,220
1,171
2,112
0,1000
2,154
2,297
2,96
2,142
1,137
2,123
0,1000
2,138
1,493
1,129
1,194
1,136
0,1000
1,139
1,96
1,461
2,140
1,94
2,352
2,182
2,239
2,244
1,117
1,135
2,122
2,122
1,160
1,165
1,86
1,128
2,98
2,111
1,166
1,110
2,151
0,1000
2,353
0,1000
1,76
2,101
1,197
1,229
1,139
1,85
2,102
2,253
0,1000
1,129
0,1000
1,112
2,224
1,97
1,238
0,1000
1,132
1,87
2,236
1,137
1,334
0,1000
2,152
2,113
1,183
1,335
2,144
2,223
1,122
2,193
1,106
1,128
2,152
0,1000
1,286
2,147
2,130
2,210
2,366
1,161
1,157
1,91
1,398
2,105
0,1000
1,123
1,735
2,181
2,147
0,1000
1,148
2,81
1,117
0,1000
1,135
2,192
2,136
2,111
0,1000
1,114
2,111
1,94
1,185
1,109
0,1000
1,137
1,197
2,261
2,122
1,144
2,103
2,125
2,125
0,1000
0,1000
0,1000
2,137
0,1000
2,198
1,106
1,162
2,76
0,1000
1,337
0,1000
0,1000
0,1000
2,257
2,174
1,95
1,148
2,255
2,251
1,770
1,140
2,258
2,127
2,375
2,137
2,205
1,56
1,139
1,435
2,285
1,108
2,164
1,114
1,227
2,233
1,181
2,152
2,129
1,657
1,140
2,144
1,140
2,150
2,92
0,1000
2,115
1,113
1,107
2,205
2,82
1,102
2,90
1,361
1,253
1,160
2,91
0,1000
2,261
2,94
1,126
1,169
2,127
0,1000
1,148
1,179
1,175
1,171
1,107
1,99
1,138
1,126
0,1000
2,126
2,170
2,296
1,89
1,123
1,111
1,64
1,155
2,129
1,156
1,165
1,485
1,107
0,1000
0,1000
1,77
2,195
0,1000
1,118
2,100
1,321
0,1000
1,116
2,282
2,143
2,120
0,1000
0,1000
2,228
2,147
0,1000
2,174
0,1000
1,222
0,1000
2,152
2,131
1,132
1,192
1,161
2,277
2,144
0,1000
0,1000
1,312
2,212
1,101
1,115
2,125
1,141
2,157
1,131
1,111
1,178
0,1000
2,243
0,1000
2,173
1,108
0,1000
2,173
1,570
0,1000
2,136
2,119
2,153
0,1000
1,161
1,181
0,1000
1,132
2,252
2,123
2,411
1,149
2,194
0,1000
0,1000
2,244
0,1000
1,398
1,184
2,113
2,186
2,126
2,156
2,130
1,602
0,1000
1,573
1,139
2,124
1,137
0,1000
1,139
2,186
1,147
1,114
2,142
1,183
0,1000
1,233
1,165
1,265
2,144
2,213
0,1000
0,1000
1,305
2,249
2,179
2,149
2,128
1,134
0,1000
2,158
1,75
1,109
1,154
1,295
2,396
1,185
1,239
0,1000
2,167
2,102
1,780
2,203
1,128
2,152
1,117
0,1000
1,160
1,135
2,145
2,164
0,1000
1,190
1,167
1,199
1,151
2,150
2,198
2,301
2,154
1,145
2,262
2,171
1,127
2,191
0,1000
1,340
2,87
2,193
1,97
1,279
1,423
1,93
1,403
1,111
2,267
2,159
1,298
2,148
1,145
1,158
1,139
1,126
1,273
2,113
1,132
0,1000
0,1000
1,115
2,680
1,197
1,152
0,1000
0,1000
2,168
1,151
1,132
2,205
1,351
2,111
1,169
0,1000
0,1000
1,170
1,115
2,92
1,168
1,188
1,201
1,123
1,143
2,200
0,1000
1,144
2,119
1,197
2,197
2,132
0,1000
1,90
1,103
2,191
1,155
1,104
1,390
0,1000
1,178
0,1000
0,1000
1,219
2,178
0,1000
2,270
1,223
2,433
0,1000
1,161
2,161
2,139
2,203
2,131
1,93
0,1000
1,110
1,142
1,121
2,159
1,206
1,100
2,316
2,187
1,192
2,121
0,1000
2,332
0,1000
2,151
0,1000
1,191
2,87
0,1000
2,112
2,155
2,231
0,1000
2,128
0,1000
2,144
1,72
2,91
0,1000
1,188
0,1000
2,198
2,255
1,277
1,137
2,182
1,94
2,195
0,1000
2,86
0,1000
2,119
1,183
2,181
1,248
1,130
2,125
1,148
0,1000
2,104
2,191
1,95
2,185
0,1000
1,132
2,110
2,140
2,79
2,141
1,185
1,137
1,168
1,159
1,181
1,133
2,125
1,126
1,140
1,260
1,151
1,139
1,127
1,166
2,178
0,1000
0,1000
2,138
0,1000
0,1000
1,232
0,1000
1,148
1,176
1,140
2,129
1,109
1,110
2,223
2,173
0,1000
1,155
1,402
2,156
0,1000
1,172
1,188
1,338
1,427
2,121
1,195
2,193
2,141
1,272
0,1000
1,130
2,128
2,116
0,1000
0,1000
1,124
1,193
2,106
2,101
1,505
2,173
1,134
1,101
1,175
1,114
2,327
1,162
0,1000
1,760
1,148
1,151
1,148
0,1000
2,148
1,36
1,115
1,134
2,221
0,1000
0,1000
1,149
2,215
2,260
2,162
0,1000
2,140
2,229
1,121
1,192
1,249
2,159
0,1000
2,127
2,87
1,154
1,181
2,154
2,246
1,294
2,171
2,158
2,143
0,1000
1,150
1,159
2,296
2,157
2,276
0,1000
2,153
2,135
2,114
0,1000
1,98
1,412
1,297
1,962
1,137
2,170
1,84
2,261
2,237
2,449
1,785
0,1000
2,289
1,204
1,81
1,211
1,197
1,120
1,207
0,1000
0,1000
2,175
2,130
2,134
1,114
1,171
2,563
1,203
1,134
1,94
0,1000
2,122
2,131
2,101
2,187
2,151
1,160
2,218
1,259
0,1000
2,258
1,596
2,219
2,128
1,99
1,190
2,94
0,1000
2,132
1,84
2,136
2,239
2,215
1,82
2,204
2,134
1,173
2,101
0,1000
1,156
2,158
2,187
2,212
1,171
2,169
1,417
2,116
2,104
1,151
1,146
1,443
2,137
2,226
2,274
1,121
1,100
1,94
2,141
2,115
0,1000
1,123
1,164
2,121
2,218
2,122
1,221
0,1000
2,114
0,1000
0,1000
2,202
1,236
2,172
2,162
1,130
1,119
1,228
1,162
2,206
0,1000
0,1000
1,190
2,123
1,122
1,146
0,1000
2,147
0,1000
1,320
1,166
0,1000
2,136
2,122
2,178
0,1000
0,1000
1,161
1,79
2,147
1,116
1,113
1,470
0,1000
1,168
2,128
2,195
2,99
1,668
2,142
1,112
1,163
2,147
0,1000
1,113
1,167
2,145
1,489
2,159
1,87
1,220
2,219
1,99
0,1000
0,1000
0,1000
1,170
2,173
2,232
1,217
2,221
2,286
0,1000
2,224
1,206
1,176
2,151
2,226
0,1000
2,119
0,1000
1,151
2,126
2,906
0,1000
0,1000
2,107
1,180
0,1000
2,104
2,87
1,191
1,175
1,110
1,140
1,330
1,83
0,1000
0,1000
1,289
1,113
1,99
2,313
1,123
1,215
2,158
1,137
1,138
1,106
2,91
2,139
1,183
2,544
2,296
2,75
2,129
1,163
2,86
2,124
1,133
0,1000
2,170
2,214
1,124
1,389
2,107
2,176
2,144
0,1000
2,165
2,138
2,214
2,147
2,101
2,492
1,154
0,1000
1,77
1,161
2,114
1,130
1,157
2,115
2,173
2,139
2,96
1,97
2,208
0,1000
2,133
2,213
1,444
1,455
2,151
0,1000
2,417
0,1000
2,104
0,1000
0,1000
2,106
2,265
2,126
1,177
1,132
1,134
1,124
1,117
2,168
1,123
2,148
1,229
1,74
0,1000
1,86
0,1000
2,243
0,1000
2,139
2,147
1,160
2,155
1,149
1,416
2,165
1,174
2,163
0,1000
2,114
1,262
2,243
1,168
1,157
2,126
1,110
0,1000
2,90
2,247
1,81
2,187
0,1000
0,1000
2,150
1,188
1,291
1,184
1,170
1,218
1,85
0,1000
1,228
2,104
2,166
0,1000
1,175
1,168
1,102
1,142
2,92
0,1000
0,1000
0,1000
2,364
1,106
0,1000
1,113
1,327
2,103
1,140
1,96
1,195
2,128
1,275
2,140
2,78
2,155
2,167
1,293
1,129
2,138
2,77
2,223
2,135
1,331
2,174
0,1000
1,200
2,136
1,79
1,141
1,163
2,133
2,215
2,142
1,118
1,138
0,1000
1,197
1,92
2,407
2,176
1,535
1,155
2,168
1,104
2,181
1,116
1,133
1,79
1,191
0,1000
2,227
2,184
1,123
2,113
2,118
1,143
2,308
1,181
1,99
2,210
1,205
2,280
1,93
1,104
2,80
2,90
1,383
2,478
2,269
1,218
2,136
0,1000
1,223
0,1000
1,361
0,1000
2,135
2,136
1,549
1,148
2,105
1,111
2,111
2,123
1,127
1,86
2,146
2,184
1,121
1,150
2,603
1,270
0,1000
0,1000
2,150
1,275
2,156
1,160
1,124
0,1000
2,109
2,81
2,74
2,181
1,197
0,1000
1,162
1,203
1,141
0,1000
1,286
2,131
2,171
1,195
2,263
2,196
2,116
2,145
1,225
1,229
0,1000
1,142
2,228
0,1000
0,1000
2,217
0,1000
2,162
2,127
1,449
2,167
1,134
1,165
2,209
2,183
2,249
1,116
1,165
1,81
2,150
2,189
0,1000
1,259
1,190
2,142
1,145
2,647
0,1000
2,184
0,1000
1,197
2,88
2,126
0,1000
1,154
2,193
1,102
1,212
1,122
1,116
2,146
1,48
1,245
2,115
2,110
1,134
1,130
1,165
2,399
1,145
1,199
2,144
1,123
2,132
1,74
0,1000
2,152
1,388
2,134
1,177
2,132
0,1000
2,169
2,523
1,167
0,1000
2,172
2,130
2,192
2,113
1,186
1,282
2,104
1,686
0,1000
2,204
2,157
2,129
1,143
2,103
1,155
2,336
2,120
1,124
0,1000
0,1000
1,245
2,140
2,148
1,192
2,133
1,246
1,166
2,147
2,123
1,167
2,194
2,168
2,110
1,113
1,447
2,115
1,96
1,108
1,186
1,148
2,157
2,161
0,1000
2,176
1,559
0,1000
1,170
1,194
2,208
2,143
2,223
1,558
1,176
2,76
2,693
2,211
1,122
1,251
2,142
1,249
2,319
2,436
1,125
2,186
1,370
2,206
1,149
2,133
2,132
0,1000
2,120
2,397
0,1000
2,190
1,150
0,1000
2,175
1,82
2,90
2,268
1,246
0,1000
1,141
1,189
1,140
1,107
1,257
2,160
2,137
0,1000
1,111
2,444
2,183
2,193
1,78
1,127
1,252
1,203
0,1000
1,176
2,176
2,215
2,133
1,183
0,1000
1,148
2,148
1,181
1,122
1,188
2,136
2,187
2,169
2,221
1,146
2,217
2,59
2,286
2,85
2,152
2,790
0,1000
2,97
2,163
1,115
2,181
1,143
1,169
2,134
2,50
2,97
1,154
1,99
2,174
0,1000
0,1000
2,140
2,246
1,143
2,547
0,1000
1,171
1,295
1,192
1,129
2,236
1,111
2,152
2,173
2,136
1,628
2,262
1,103
2,152
2,93
1,80
0,1000
2,551
2,329
2,140
2,96
0,1000
1,82
2,172
1,155
0,1000
2,236
1,269
0,1000
1,142
2,155
0,1000
2,79
2,173
1,141
1,125
0,1000
2,99
0,1000
2,196
1,124
1,283
1,127
1,150
2,125
2,391
2,105
2,195
1,99
1,136
2,214
2,227
0,1000
2,144
2,157
1,166
2,223
2,132
1,219
2,102
1,98
0,1000
2,151
1,147
2,316
2,251
2,146
2,211
2,81
2,209
2,142
2,169
2,130
1,152
0,1000
1,441
2,175
2,343
2,153
1,136
2,185
1,83
1,142
1,126
1,165
1,174
1,309
2,212
0,1000
2,179
1,202
2,114
2,210
1,111
1,94
2,89
1,131
2,207
0,1000
1,142
1,204
2,155
2,138
2,164
1,171
2,122
2,163
2,232
1,104
2,148
2,296
2,198
0,1000
2,129
1,137
2,163
2,111
1,106
2,370
1,165
1,101
2,198
2,142
1,197
2,163
2,166
2,80
2,160
2,219
1,100
1,96
2,92
2,126
1,175
1,139
2,144
1,322
2,136
2,409
1,105
1,116
1,108
2,285
1,122
1,274
1,242
2,141
1,128
1,81
0,1000
1,91
0,1000
0,1000
1,98
2,136
2,208
1,155
1,100
1,148
2,87
2,161
1,123
1,184
2,176
1,225
2,84
0,1000
2,196
0,1000
2,132
2,271
2,121
2,130
1,100
0,1000
2,197
0,1000
2,300
2,106
0,1000
2,149
0,1000
1,155
2,187
2,97
0,1000
0,1000
1,96
1,104
2,156
2,92
0,1000
0,1000
1,160
2,88
2,251
1,364
2,150
1,176
1,144
2,194
2,282
1,186
1,177
0,1000
0,1000
1,101
2,188
1,172
1,185
1,132
2,193
1,99
0,1000
0,1000
1,143
2,173
2,108
2,384
1,201
2,137
1,83
1,72
2,129
1,157
2,95
2,216
1,144
1,116
2,169
2,395
1,178
2,135
1,171
1,132
2,203
2,178
1,192
2,143
1,127
2,159
1,181
1,114
1,102
1,434
2,141
1,210
2,130
2,575
1,162
2,168
2,210
2,128
1,135
2,147
2,102
2,154
2,321
2,92
2,131
0,1000
2,170
1,464
1,94
1,174
1,126
1,119
1,177
1,197
1,199
2,168
2,171
1,163
1,140
1,102
1,125
1,174
0,1000
1,190
2,230
1,161
1,166
1,150
1,174
2,241
2,261
1,271
1,841
1,113
2,333
2,183
2,137
1,160
1,143
2,133
1,106
2,623
0,1000
2,497
1,230
0,1000
1,280
1,154
2,168
1,142
1,267
0,1000
2,153
2,173
1,114
0,1000
2,104
1,122
2,81
1,224
1,137
2,161
1,138
1,98
1,100
1,564
2,310
2,226
1,199
1,100
2,111
1,162
1,103
2,555
0,1000
1,448
2,210
0,1000
2,116
2,144
2,75
1,129
2,173
2,180
2,435
2,259
1,173
1,93
2,102
1,135
2,453
1,399
0,1000
2,109
2,121
1,153
1,190
2,106
1,249
2,111
0,1000
1,357
0,1000
2,257
0,1000
1,257
1,239
1,73
2,311
2,269
1,96
1,140
2,238
0,1000
1,186
2,140
1,253
1,154
1,179
2,140
1,150
0,1000
2,62
2,169
1,165
2,93
2,222
1,152
0,1000
1,300
0,1000
2,180
2,148
0,1000
1,202
0,1000
2,104
2,90
1,159
2,45
2,139
2,174
1,115
1,116
2,220
2,67
1,145
2,190
1,191
2,141
2,195
2,296
2,146
1,159
1,253
1,159
2,117
2,148
0,1000
2,165
1,225
2,149
1,627
1,181
2,123
1,98
2,141
0,1000
1,233
1,282
2,103
2,162
0,1000
2,139
1,133
2,189
2,158
2,210
2,253
2,98
1,161
1,120
1,217
0,1000
1,184
1,174
1,214
2,181
1,115
1,201
1,248
0,1000
2,130
2,101
2,147
1,175
0,1000
2,702
1,141
2,242
1,109
0,1000
2,104
1,113
2,111
2,305
1,210
2,77
2,60
2,151
1,268
2,108
1,353
2,166
2,155
1,157
0,1000
2,420
2,103
0,1000
1,169
1,149
2,196
1,555
2,130
2,236
2,277
0,1000
1,177
1,108
2,94
1,111
1,134
1,334
2,438
1,196
2,299
1,165
1,135
2,77
2,370
0,1000
0,1000
1,190
1,108
2,189
2,108
2,69
2,225
1,198
0,1000
1,231
2,137
1,246
2,153
1,331
1,87
0,1000
2,266
1,149
2,175
0,1000
2,903
2,122
2,138
1,156
1,292
1,172
1,247
1,242
1,164
1,161
1,189
2,493
0,1000
2,190
2,64
2,133
1,209
2,132
1,174
1,192
0,1000
2,133
1,183
1,139
1,106
1,341
2,251
0,1000
1,259
2,214
2,133
1,136
0,1000
2,226
1,214
0,1000
1,157
1,100
2,150
2,188
2,187
2,162
2,248
1,150
2,354
1,286
1,98
2,200
1,192
2,143
1,116
2,307
1,207
1,392
2,223
1,194
1,195
0,1000
1,166
1,178
1,314
1,139
0,1000
0,1000
1,129
0,1000
1,208
2,109
2,156
1,136
1,121
2,138
2,241
1,167
2,944
1,137
2,94
2,98
1,230
2,230
1,172
2,141
1,269
0,1000
2,405
2,103
1,152
1,109
1,105
2,99
2,77
2,139
2,154
2,139
2,107
2,223
2,295
2,125
1,274
1,287
1,732
1,574
2,95
2,154
2,123
0,1000
2,123
2,91
2,219
1,79
1,262
1,200
1,347
2,708
1,107
1,98
2,166
1,606
2,89
1,141
1,139
1,155
0,1000
2,91
1,162
1,118
2,105
2,457
2,125
2,198
2,467
0,1000
2,123
1,169
1,165
2,149
2,178
1,126
1,130
0,1000
2,220
2,122
2,362
2,119
1,201
2,107
1,101
2,119
2,86
2,148
0,1000
0,1000
0,1000
1,125
1,149
2,221
2,147
2,230
2,123
1,79
2,111
0,1000
2,773
2,124
0,1000
2,372
2,141
1,149
1,96
2,193
1,182
1,348
1,156
0,1000
2,101
2,243
0,1000
1,177
2,188
2,161
2,97
0,1000
1,139
1,153
2,161
2,433
1,193
1,99
2,124
1,136
2,723
2,107
2,192
1,278
2,153
2,132
1,155
2,125
1,105
1,102
0,1000
1,140
2,145
0,1000
2,102
1,120
2,142
1,180
0,1000
2,111
2,258
2,158
0,1000
2,159
2,177
1,114
1,125
1,140
1,189
0,1000
1,154
2,147
1,145
2,259
0,1000
2,177
2,128
2,314
1,347
1,156
2,108
2,101
1,136
1,107
2,133
1,474
2,129
0,1000
0,1000
2,153
2,174
1,121
0,1000
2,113
2,116
1,245
1,291
2,129
2,231
2,225
1,74
1,152
1,161
1,123
1,165
2,149
1,188
2,494
2,195
1,125
1,197
1,158
1,139
0,1000
1,205
1,84
2,121
1,123
2,150
1,107
0,1000
2,77
0,1000
1,127
0,1000
2,161
2,342
2,182
1,114
1,108
0,1000
1,315
2,99
2,317
0,1000
1,166
1,141
1,74
0,1000
2,643
1,135
1,123
2,108
2,191
2,103
2,103
1,204
2,189
0,1000
1,154
1,222
2,367
2,170
2,86
0,1000
0,1000
1,177
1,156
2,114
2,317
2,127
0,1000
1,112
2,81
2,113
1,711
1,154
2,124
1,164
2,159
1,170
1,190
1,120
2,170
1,318
2,155
1,182
1,143
1,175
2,110
1,134
2,56
1,216
2,309
1,148
2,549
2,94
1,398
2,177
0,1000
1,117
1,414
1,183
2,530
1,137
0,1000
2,177
2,150
2,91
2,135
2,419
2,187
2,136
2,123
2,167
2,206
1,300
2,288
0,1000
2,256
2,164
2,110
2,169
2,218
1,265
2,195
0,1000
0,1000
2,224
1,589
2,153
1,114
2,171
2,88
1,321
1,145
1,221
0,1000
2,136
1,194
2,182
2,920
1,62
1,132
1,127
1,88
1,606
2,106
0,1000
1,231
1,409
2,110
2,159
1,186
0,1000
2,99
2,166
1,173
1,126
1,120
0,1000
2,155
1,104
1,124
1,87
1,210
0,1000
1,365
2,212
1,286
2,180
1,163
0,1000
2,122
1,205
2,173
1,201
1,151
2,202
0,1000
1,73
1,221
1,171
2,106
2,98
1,697
2,225
2,228
2,257
1,100
1,105
2,101
1,150
2,118
2,190
1,179
2,216
0,1000
2,304
1,132
2,317
2,209
2,142
1,129
1,57
2,164
0,1000
0,1000
2,290
2,222
1,194
2,115
0,1000
2,111
1,205
2,132
2,192
1,134
1,180
1,225
1,154
1,144
2,248
1,223
1,209
1,197
2,153
1,215
1,90
0,1000
1,167
2,316
1,167
1,319
1,405
2,162
0,1000
2,383
2,130
2,103
1,105
2,106
1,136
2,119
1,120
2,126
1,465
2,167
1,117
2,278
2,345
2,267
2,257
0,1000
2,183
2,119
1,515
1,155
1,197
2,161
1,152
0,1000
2,205
1,201
1,273
1,125
2,156
0,1000
2,95
2,161
1,185
0,1000
0,1000
1,180
0,1000
2,168
1,211
1,158
1,111
2,76
0,1000
2,138
1,137
1,85
1,148
2,185
1,564
2,99
1,134
2,89
2,77
2,260
0,1000
2,249
2,152
1,131
2,172
0,1000
2,100
1,171
0,1000
2,211
1,219
1,179
1,470
2,160
2,149
1,202
1,112
1,202
2,286
2,127
1,197
2,264
2,121
1,150
2,73
1,130
2,125
1,121
1,213
2,171
0,1000
1,219
2,243
1,232
2,140
1,149
2,140
1,276
2,360
1,204
1,113
1,637
0,1000
0,1000
1,97
2,313
1,239
2,299
2,82
2,194
2,93
2,119
1,160
1,212
2,165
1,142
0,1000
2,520
2,183
1,311
1,177
2,196
2,99
0,1000
2,251
1,88
1,141
0,1000
2,92
2,136
1,141
1,265
0,1000
2,79
1,113
2,158
1,143
2,90
2,124
0,1000
0,1000
2,128
1,231
1,121
2,217
1,230
2,166
1,102
2,130
2,124
0,1000
1,139
1,68
1,209
1,197
1,138
1,247
2,87
1,196
1,150
0,1000
0,1000
1,128
1,158
2,186
2,189
1,115
2,206
1,79
2,137
2,143
1,217
1,170
2,139
2,128
1,835
1,154
2,93
0,1000
1,325
2,118
2,231
0,1000
1,163
2,157
1,92
0,1000
2,129
0,1000
2,380
2,320
1,103
2,136
2,160
2,151
1,109
0,1000
1,140
1,92
2,141
1,101
1,216
2,170
0,1000
2,115
1,216
1,96
2,156
0,1000
0,1000
1,142
2,122
2,198
1,255
2,105
2,190
0,1000
1,206
1,108
2,401
2,183
1,173
2,106
0,1000
1,361
1,149
2,164
0,1000
2,185
0,1000
1,162
2,169
2,92
1,179
1,81
1,179
1,93
2,88
2,167
2,248
2,165
2,210
1,249
1,132
2,381
0,1000
1,256
2,146
0,1000
2,303
2,111
2,148
1,408
2,171
1,206
2,154
2,138
1,461
2,414
1,224
2,173
2,837
2,216
1,235
2,137
1,201
2,191
0,1000
2,245
2,164
1,223
1,171
1,122
2,102
0,1000
0,1000
2,224
2,155
0,1000
2,201
2,78
2,577
0,1000
2,138
1,80
1,110
1,157
1,123
0,1000
1,145
1,547
1,277
2,104
1,140
2,182
1,116
1,70
2,144
1,90
2,191
2,314
2,136
2,235
2,101
0,1000
1,297
1,98
1,403
1,217
0,1000
1,131
1,251
2,88
2,133
1,129
2,155
2,367
2,144
2,221
1,149
2,108
0,1000
2,145
2,171
1,158
1,258
0,1000
1,153
2,250
2,148
1,115
1,165
2,71
2,391
2,133
1,104
2,117
1,129
2,419
2,121
2,130
1,203
1,131
2,111
2,327
2,64
2,256
1,182
1,169
2,40
1,300
2,116
1,139
1,248
2,153
1,202
1,115
2,166
0,1000
2,82
2,275
2,184
0,1000
2,135
2,143
1,101
2,164
2,126
2,117
0,1000
1,148
1,218
0,1000
1,187
2,100
2,173
2,92
2,150
2,143
1,155
2,246
1,69
0,1000
2,128
1,210
2,226
1,218
1,134
2,156
2,146
1,197
2,134
1,186
2,188
0,1000
2,99
2,187
0,1000
2,143
0,1000
2,95
1,115
2,187
1,141
1,67
2,282
1,86
2,235
0,1000
1,142
2,176
0,1000
1,143
1,91
0,1000
2,238
2,80
1,141
1,142
1,94
2,199
1,126
1,164
2,131
2,336
1,142
1,147
2,262
1,673
1,151
2,246
1,519
2,235
1,119
2,168
2,248
0,1000
1,107
2,96
2,169
2,83
2,225
0,1000
0,1000
0,1000
0,1000
2,209
2,110
0,1000
1,169
1,142
2,175
2,217
0,1000
2,86
2,272
1,245
1,165
2,94
2,196
1,138
2,167
0,1000
1,182
2,107
0,1000
2,76
2,138
2,141
1,293
0,1000
2,133
1,169
2,188
0,1000
2,304
1,146
1,493
2,167
2,98
2,748
2,186
2,136
2,142
2,178
1,228
0,1000
2,135
2,136
1,116
2,189
2,178
2,264
2,123
2,144
1,310
1,322
2,177
2,106
1,187
1,191
1,90
2,233
1,195
2,127
0,1000
2,107
1,82
2,201
0,1000
1,502
2,128
2,150
1,208
2,242
2,132
1,117
1,115
1,150
1,311
1,157
2,141
1,301
0,1000
1,96
2,143
0,1000
2,124
1,190
1,157
2,104
0,1000
2,180
2,121
1,196
0,1000
2,171
1,162
1,178
1,173
2,104
2,157
0,1000
1,203
2,196
1,166
2,163
1,552
1,190
1,65
0,1000
2,145
1,165
2,103
1,327
2,121
2,130
1,158
2,344
0,1000
0,1000
1,156
1,199
2,115
0,1000
2,158
2,170
1,340
1,280
2,67
2,70
1,182
1,133
2,58
1,127
1,283
2,294
1,124
1,96
2,204
2,179
1,185
1,150
0,1000
2,189
2,247
1,139
1,142
1,320
2,109
1,134
0,1000
0,1000
2,150
2,234
1,218
1,288
1,115
2,113
1,182
0,1000
2,211
2,205
2,176
1,396
1,133
1,130
2,487
0,1000
2,141
1,165
2,160
2,87
1,297
2,320
2,111
0,1000
1,126
1,265
1,116
2,122
2,130
2,153
1,93
2,263
2,80
2,122
2,181
2,582
2,160
1,167
2,213
1,976
0,1000
2,127
2,136
2,212
2,641
0,1000
1,139
1,152
0,1000
1,151
2,280
0,1000
2,96
2,875
1,206
1,224
0,1000
2,223
1,265
1,169
1,148
1,798
0,1000
2,226
1,741
1,620
2,461
1,84
1,224
2,134
2,102
1,290
2,152
2,100
2,246
2,111
1,109
1,168
0,1000
1,144
2,158
1,183
1,186
2,143
2,492
1,249
2,153
2,153
1,111
1,142
0,1000
2,213
1,257
2,139
2,98
0,1000
0,1000
2,286
1,185
2,97
1,263
2,110
1,782
1,162
2,136
1,161
1,167
0,1000
2,122
2,90
2,164
2,164
2,106
0,1000
2,205
1,212
2,197
2,112
1,167
2,495
1,260
2,117
2,189
2,309
1,141
1,251
1,151
2,264
1,164
0,1000
1,229
2,187
2,259
2,221
1,155
2,130
0,1000
2,130
2,147
0,1000
2,152
2,159
2,555
2,167
1,228
1,73
2,78
2,125
1,122
2,108
2,256
2,108
2,216
2,131
1,145
2,127
2,105
1,422
2,188
0,1000
1,98
1,199
1,160
1,129
0,1000
1,130
0,1000
1,122
0,1000
2,582
2,168
0,1000
2,202
1,143
1,98
0,1000
2,240
1,329
2,137
2,142
1,160
1,132
2,118
1,362
2,140
2,154
0,1000
2,214
1,148
1,110
1,417
2,196
2,115
2,128
1,103
2,155
1,168
2,63
1,206
1,182
2,196
2,244
1,349
1,171
0,1000
2,121
2,129
0,1000
0,1000
1,118
2,173
1,230
1,156
0,1000
1,116
1,139
1,226
1,569
2,227
2,272
1,105
2,130
1,133
0,1000
2,149
2,207
2,155
1,141
1,109
2,98
2,181
1,234
1,202
1,251
1,153
2,105
1,191
2,133
0,1000
1,489
2,109
2,245
1,109
1,112
2,129
1,110
0,1000
2,265
2,306
1,226
0,1000
2,107
2,485
0,1000
1,192
2,71
2,110
1,146
1,144
1,134
1,174
2,161
2,118
2,266
1,173
1,196
2,89
2,154
2,132
1,207
2,225
1,274
2,270
2,142
2,233
2,143
1,118
2,129
2,253
1,244
1,140
2,97
2,102
1,391
1,116
1,127
2,113
1,692
2,766
2,254
2,103
0,1000
2,157
2,95
2,432
1,294
1,171
1,115
1,144
2,222
2,176
2,117
2,113
2,272
1,247
2,126
2,161
1,125
2,137
2,134
1,204
0,1000
1,138
0,1000
0,1000
2,171
2,145
1,204
1,340
1,101
0,1000
1,146
2,118
2,557
0,1000
0,1000
1,212
1,119
1,183
1,110
2,325
2,143
2,133
1,130
2,114
2,185
0,1000
2,133
1,187
2,369
0,1000
0,1000
2,154
2,237
1,171
2,172
2,141
2,230
1,464
2,76
1,138
1,180
2,192
0,1000
1,189
2,251
2,696
1,278
1,154
1,555
1,143
1,365
1,78
1,177
2,113
2,471
2,429
2,383
2,217
1,139
0,1000
2,204
1,928
2,137
2,160
1,173
0,1000
1,98
0,1000
1,203
2,90
1,169
1,141
1,232
2,198
1,235
2,140
1,132
1,170
2,205
1,110
2,179
0,1000
1,157
1,157
1,191
2,161
0,1000
0,1000
2,323
1,145
2,179
1,168
2,219
2,124
2,95
2,231
1,160
0,1000
2,187
2,105
0,1000
1,126
1,161
2,145
1,159
2,88
1,201
2,181
1,142
2,140
2,160
1,247
0,1000
1,195
2,190
2,148
0,1000
2,274
1,122
2,171
0,1000
2,115
0,1000
2,125
1,394
2,245
2,250
2,241
0,1000
0,1000
1,124
2,215
1,156
2,135
1,105
2,249
1,76
2,209
1,284
0,1000
1,100
2,114
2,247
2,144
2,232
0,1000
2,530
2,249
2,356
1,112
1,340
2,138
1,168
1,245
2,147
1,285
2,129
1,164
1,136
1,183
1,144
1,187
1,214
0,1000
1,346
0,1000
1,139
1,151
1,436
1,87
0,1000
0,1000
2,200
0,1000
1,190
1,121
2,81
1,132
1,292
2,369
2,302
0,1000
2,335
1,163
0,1000
2,188
1,156
1,502
1,90
2,132
2,84
1,189
1,116
2,109
2,175
0,1000
0,1000
1,228
1,428
1,185
2,259
1,130
2,147
1,143
2,138
1,185
1,140
1,136
1,151
1,180
1,131
2,218
0,1000
1,114
2,85
2,103
2,161
0,1000
2,131
2,211
2,135
2,103
1,94
1,113
2,189
2,127
1,380
0,1000
1,177
1,321
1,71
1,124
1,262
2,324
2,232
1,235
1,123
1,212
0,1000
1,189
2,188
2,71
1,119
2,100
2,157
1,101
1,356
2,153
1,116
0,1000
1,81
2,202
2,188
1,192
2,156
1,164
2,185
2,225
1,131
0,1000
1,184
2,375
1,125
1,188
2,193
1,174
1,297
1,144
0,1000
2,159
2,110
1,276
2,149
2,124
1,176
1,277
2,279
0,1000
1,198
1,165
2,201
1,293
1,152
1,108
1,263
2,190
2,109
2,113
1,162
1,100
2,341
1,148
0,1000
1,182
2,120
2,254
2,121
1,181
1,215
0,1000
2,465
2,164
1,75
0,1000
2,233
1,211
1,177
2,201
0,1000
2,875
2,103
1,116
1,190
1,180
2,317
2,149
2,330
0,1000
2,139
1,208
2,348
0,1000
1,289
2,190
2,154
1,161
1,174
0,1000
2,136
1,212
2,130
1,239
2,188
1,154
2,122
2,296
0,1000
0,1000
1,105
1,161
2,186
0,1000
2,186
1,80
1,244
2,132
1,242
1,124
2,60
2,158
0,1000
2,138
1,181
1,161
1,228
2,182
0,1000
1,288
1,162
1,141
2,137
1,243
1,566
1,102
0,1000
2,157
0,1000
0,1000
1,244
1,93
0,1000
1,83
1,236
2,106
2,280
2,130
1,126
2,123
1,202
1,134
0,1000
1,125
1,161
1,222
1,82
2,206
2,150
2,102
2,146
2,166
2,190
1,89
1,298
2,194
0,1000
2,358
2,135
1,79
2,291
1,100
2,140
2,198
2,92
1,207
1,133
1,141
2,153
2,112
1,98
0,1000
2,118
2,142
1,157
0,1000
2,141
0,1000
1,496
1,149
2,194
1,398
1,162
1,184
0,1000
1,148
1,169
1,182
1,123
0,1000
1,101
2,170
1,110
1,168
1,124
2,127
2,444
2,165
2,166
0,1000
0,1000
2,183
2,441
2,251
2,129
1,158
1,176
0,1000
1,299
2,128
2,125
1,197
2,95
1,127
1,255
1,132
1,294
2,157
2,87
1,146
1,122
2,184
1,177
1,419
1,158
1,162
1,128
2,196
2,109
0,1000
1,175
2,193
2,135
2,174
1,118
2,323
1,160
1,143
2,166
2,186
1,433
2,111
0,1000
2,87
2,105
1,124
1,68
2,148
1,371
2,161
0,1000
2,118
1,96
2,156
2,145
1,641
0,1000
1,526
1,178
1,402
1,191
1,226
1,230
1,238
2,150
2,191
2,154
0,1000
0,1000
1,150
2,112
1,178
2,88
2,111
2,181
2,50
1,211
2,175
1,178
1,268
2,144
2,162
1,458
2,95
2,101
0,1000
0,1000
1,139
1,186
2,141
1,168
2,60
2,128
1,113
0,1000
0,1000
2,168
1,116
2,258
1,112
1,282
1,150
1,140
2,118
2,161
1,117
1,165
1,160
2,158
1,53
2,515
0,1000
1,170
0,1000
2,162
2,160
1,157
2,235
1,128
2,113
2,474
1,156
2,148
2,196
2,82
2,327
0,1000
2,457
1,161
0,1000
1,440
1,119
1,90
1,138
0,1000
2,272
2,171
0,1000
1,122
2,144
1,652
1,246
0,1000
1,131
2,152
1,174
2,96
1,106
0,1000
1,195
0,1000
2,109
1,187
1,123
0,1000
1,116
2,151
2,91
2,924
2,780
1,110
2,173
2,155
2,184
1,105
2,147
2,146
1,142
2,824
1,220
1,74
1,104
1,98
1,109
2,195
1,299
2,237
1,146
1,102
2,465
2,171
2,133
1,77
1,177
2,138
1,193
0,1000
1,105
2,78
2,70
1,326
1,168
2,95
1,422
2,114
2,102
1,239
1,216
1,87
0,1000
2,113
2,164
2,178
1,90
1,107
2,124
1,86
1,99
0,1000
2,226
1,234
1,122
1,128
2,131
2,148
0,1000
2,197
2,162
1,110
2,395
2,123
2,188
0,1000
2,123
2,258
2,348
2,152
2,146
2,162
1,220
2,100
2,252
1,674
2,135
1,94
2,110
2,291
0,1000
2,181
2,247
2,87
2,147
2,113
2,810
0,1000
2,102
2,288
1,710
2,113
2,183
1,187
1,80
2,292
2,233
1,142
2,283
1,132
0,1000
2,158
1,84
1,375
0,1000
2,85
1,104
0,1000
2,153
1,237
2,179
0,1000
0,1000
1,166
1,133
0,1000
1,76
1,86
1,103
2,405
2,178
1,162
0,1000
1,82
1,148
2,192
0,1000
1,72
2,102
1,84
2,106
1,127
1,636
1,179
1,117
1,138
2,118
1,123
2,384
1,188
2,116
2,127
0,1000
2,161
2,385
2,202
1,167
1,183
2,108
0,1000
2,156
2,128
1,147
1,92
0,1000
2,167
2,315
1,180
1,87
1,113
1,109
2,102
2,151
2,218
2,202
1,161
0,1000
1,77
2,247
0,1000
1,165
1,136
2,142
0,1000
1,192
1,151
1,101
1,370
1,234
1,221
1,165
2,77
1,110
1,361
2,149
1,513
1,911
0,1000
1,49
2,178
2,151
2,203
2,428
2,677
1,160
1,228
1,154
1,257
1,172
1,726
1,119
0,1000
1,210
2,134
0,1000
1,70
0,1000
1,134
2,239
2,174
1,172
2,112
1,243
1,139
0,1000
1,90
2,109
1,124
2,186
2,138
2,166
0,1000
1,170
2,210
2,307
1,164
1,106
2,579
2,278
2,181
2,100
1,152
1,525
0,1000
2,332
2,890
1,176
2,326
2,196
1,124
2,79
1,95
2,539
2,246
2,80
1,148
2,103
2,192
2,189
2,104
2,113
1,118
2,161
2,183
0,1000
2,266
0,1000
0,1000
1,136
1,199
2,179
2,147
1,94
0,1000
2,107
0,1000
2,104
1,148
1,130
1,166
1,210
1,162
2,220
2,98
1,88
1,129
1,135
1,128
1,161
0,1000
2,162
2,199
0,1000
1,186
2,457
0,1000
1,164
0,1000
2,162
0,1000
0,1000
1,106
1,124
2,144
1,388
2,118
1,129
1,291
1,138
1,324
0,1000
2,135
2,266
0,1000
2,172
2,181
0,1000
1,133
2,426
0,1000
1,169
1,375
0,1000
2,135
2,145
2,130
2,75
1,100
1,308
2,101
1,242
2,222
1,119
2,168
1,184
1,122
1,149
1,207
0,1000
1,147
1,143
2,122
1,418
2,354
2,292
2,267
2,150
0,1000
1,198
2,110
2,410
2,132
2,172
1,100
2,161
1,135
2,121
0,1000
2,120
1,133
1,299
1,296
1,91
1,146
1,174
2,131
1,276
1,297
2,144
2,128
2,127
1,113
2,225
1,164
1,104
2,112
1,125
2,247
1,533
2,114
2,142
1,179
1,147
2,228
2,172
2,142
1,144
2,266
0,1000
1,63
2,180
2,105
2,101
0,1000
2,135
1,133
2,115
1,94
1,153
2,255
1,860
1,182
2,170
0,1000
0,1000
1,255
2,185
2,142
2,143
1,199
1,202
2,131
1,148
1,98
1,125
0,1000
1,119
1,159
1,263
2,168
2,143
2,96
2,166
1,161
2,201
0,1000
1,162
1,103
2,246
2,134
2,171
1,141
2,139
2,244
2,122
2,123
2,254
2,91
2,171
2,132
2,157
0,1000
2,241
2,144
2,395
1,140
2,122
2,182
1,168
2,130
2,191
2,176
2,172
2,150
2,98
2,836
1,89
1,135
1,248
1,106
2,149
2,137
1,160
1,153
0,1000
1,166
2,290
2,102
2,184
0,1000
2,295
1,88
1,376
2,123
1,360
2,99
1,119
0,1000
2,137
2,194
1,518
2,120
2,197
1,367
2,162
1,107
1,124
1,136
2,124
1,153
1,106
2,136
2,147
1,116
1,173
1,881
1,187
2,202
2,94
1,130
0,1000
2,179
2,135
1,261
2,114
2,192
1,203
2,155
1,193
0,1000
1,110
1,134
2,122
0,1000
0,1000
1,362
2,253
2,170
0,1000
1,175
1,219
0,1000
2,98
1,128
1,223
1,99
2,229
2,188
1,222
1,261
2,455
1,164
2,181
2,90
2,109
1,208
1,257
2,143
2,98
2,801
2,211
2,153
1,303
2,175
1,136
1,160
1,458
2,290
2,96
0,1000
1,123
2,262
0,1000
0,1000
1,147
0,1000
2,93
2,124
1,336
2,134
2,148
2,237
1,101
1,104
1,88
2,152
0,1000
1,104
0,1000
0,1000
2,72
1,136
0,1000
1,136
0,1000
0,1000
1,120
1,129
1,114
2,119
1,108
2,113
1,112
2,293
1,348
2,143
1,107
0,1000
1,270
2,130
0,1000
2,118
2,139
2,211
1,129
1,124
1,152
1,236
1,130
2,57
1,324
0,1000
1,180
0,1000
1,154
1,391
2,119
0,1000
0,1000
1,233
2,166
2,303
0,1000
1,114
2,96
1,126
1,190
2,617
0,1000
1,97
2,267
0,1000
0,1000
2,212
1,211
1,129
1,178
1,117
2,133
1,179
0,1000
1,106
2,102
0,1000
1,124
2,110
2,187
1,128
2,136
2,132
1,471
2,129
1,155
0,1000
2,179
0,1000
1,806
2,118
2,140
0,1000
0,1000
0,1000
1,194
1,126
2,181
1,124
1,160
1,158
0,1000
0,1000
2,112
2,128
2,878
1,194
1,152
0,1000
0,1000
1,118
0,1000
1,101
1,143
1,178
2,975
2,291
2,100
2,124
1,231
2,126
2,150
2,118
2,152
1,154
0,1000
2,65
1,254
2,182
1,186
1,181
1,243
0,1000
1,123
0,1000
1,110
1,103
2,173
1,117
1,129
1,189
1,318
1,128
1,268
2,323
0,1000
2,124
1,265
1,191
2,200
0,1000
2,81
0,1000
1,264
2,142
1,189
1,113
1,114
2,636
2,316
2,71
1,254
2,201
2,129
1,134
2,141
2,139
2,195
2,130
2,268
2,89
1,122
2,336
1,204
2,171
2,321
1,207
2,365
0,1000
0,1000
1,138
1,195
0,1000
2,313
2,103
1,123
2,163
2,162
2,123
0,1000
1,203
2,185
0,1000
2,133
2,220
1,151
2,260
1,144
2,174
2,332
1,86
1,157
2,170
1,110
2,294
0,1000
2,142
2,98
0,1000
1,102
2,180
2,121
1,273
1,163
2,205
0,1000
1,112
0,1000
1,199
0,1000
2,187
1,134
2,146
1,112
2,167
1,95
0,1000
1,125
0,1000
1,233
0,1000
1,209
0,1000
2,104
2,86
2,171
1,92
2,166
2,588
0,1000
2,342
1,141
1,152
1,390
2,95
1,101
1,152
0,1000
0,1000
2,339
2,195
2,88
2,119
0,1000
2,102
2,111
1,87
1,121
1,179
2,143
2,151
0,1000
2,193
1,151
2,115
2,78
1,173
0,1000
1,156
1,273
0,1000
2,171
2,213
2,285
0,1000
0,1000
1,132
2,126
2,195
2,135
1,169
1,223
1,169
2,100
0,1000
1,196
0,1000
2,165
1,123
1,118
2,123
1,93
2,130
2,125
1,140
2,227
1,109
1,141
1,130
2,217
1,196
2,67
0,1000
1,481
1,92
0,1000
2,335
2,102
2,137
1,195
1,105
0,1000
2,226
1,128
2,145
0,1000
2,105
2,277
2,573
2,126
1,281
1,190
2,100
0,1000
2,98
1,254
2,132
0,1000
2,278
2,147
2,91
1,180
2,110
2,118
2,136
0,1000
2,86
0,1000
2,597
2,131
0,1000
0,1000
2,166
2,145
1,185
2,274
1,153
2,121
1,251
2,376
2,140
1,167
2,175
0,1000
1,258
2,103
1,180
1,241
1,106
2,145
2,164
2,134
2,124
2,113
1,210
2,121
2,108
1,348
2,100
2,187
1,149
2,145
0,1000
1,171
2,282
1,322
1,116
1,228
1,144
1,151
1,207
2,168
0,1000
1,170
1,132
2,101
2,111
1,91
2,87
2,138
2,129
2,123
1,97
1,77
2,156
1,90
0,1000
0,1000
2,207
2,110
1,108
1,179
1,137
1,203
2,218
2,139
1,261
1,71
2,291
2,180
2,151
1,160
0,1000
2,174
2,180
2,432
1,224
1,219
2,411
0,1000
1,491
1,166
1,377
1,84
0,1000
0,1000
2,91
0,1000
1,116
2,159
2,96
1,211
2,178
2,100
2,280
1,124
2,120
1,145
1,100
0,1000
2,132
2,90
0,1000
2,125
0,1000
2,183
2,128
2,123
1,257
2,166
1,124
2,87
2,212
1,119
1,140
1,113
2,192
2,120
2,240
1,188
2,513
0,1000
2,125
1,218
1,137
0,1000
2,123
2,176
2,415
2,140
0,1000
2,330
0,1000
2,180
2,214
2,374
0,1000
1,106
1,136
1,296
2,252
1,247
1,149
2,148
0,1000
1,95
2,323
1,169
1,130
2,94
1,166
2,282
2,291
2,139
1,703
2,122
0,1000
1,141
0,1000
2,109
2,62
2,122
1,152
1,304
2,115
0,1000
2,182
1,149
2,93
0,1000
2,348
1,181
1,112
2,164
2,180
0,1000
1,144
2,132
2,178
2,183
2,143
0,1000
1,130
2,163
2,156
2,318
1,124
1,116
0,1000
1,133
1,94
2,169
1,100
2,120
2,218
0,1000
2,129
1,204
2,212
2,276
2,108
1,195
0,1000
2,388
1,215
0,1000
1,175
2,111
1,401
2,81
0,1000
2,67
2,171
1,200
2,107
2,147
0,1000
2,271
2,125
1,123
0,1000
2,269
2,225
1,199
1,284
1,109
1,168
2,171
2,193
1,150
1,121
2,126
1,140
2,242
1,144
0,1000
0,1000
2,87
2,103
1,274
1,114
1,237
1,219
0,1000
2,225
2,126
1,116
2,141
1,274
2,107
1,104
1,171
1,203
0,1000
0,1000
2,381
1,218
0,1000
2,160
2,167
2,262
2,91
2,161
2,534
2,184
2,97
0,1000
2,311
1,299
1,292
1,214
1,221
0,1000
1,181
0,1000
2,597
2,124
2,130
2,130
2,161
1,354
0,1000
1,124
1,109
2,168
1,115
2,735
0,1000
2,111
2,85
0,1000
0,1000
2,113
2,145
2,268
1,592
2,142
2,196
1,126
1,115
1,136
1,165
1,196
2,222
0,1000
1,157
1,294
2,139
1,179
0,1000
2,113
2,79
2,185
0,1000
2,156
1,120
1,173
2,94
1,424
2,123
2,360
1,185
0,1000
2,136
0,1000
2,140
2,247
2,164
1,635
1,197
1,186
2,372
2,128
1,124
2,127
1,196
2,117
1,117
1,203
2,960
1,183
1,217
1,129
1,249
2,108
2,174
2,107
2,55
1,165
1,136
2,264
2,144
2,119
0,1000
2,471
2,74
2,185
2,142
1,142
2,445
1,214
1,305
2,104
1,209
0,1000
1,221
1,72
1,110
2,112
1,92
2,142
1,139
1,297
2,112
2,224
2,113
0,1000
2,156
1,339
2,109
2,281
1,135
0,1000
1,190
1,163
0,1000
1,175
2,192
1,248
2,146
2,125
2,159
1,215
2,105
2,90
1,116
0,1000
1,98
1,127
1,189
2,128
1,192
2,60
0,1000
1,142
1,245
2,151
0,1000
1,131
1,99
1,209
2,111
1,159
0,1000
1,111
1,173
1,137
2,231
1,195
0,1000
2,165
1,134
1,142
0,1000
1,108
1,156
2,186
1,170
1,220
1,92
1,98
2,90
0,1000
2,186
2,84
1,185
0,1000
1,135
0,1000
0,1000
1,228
1,161
1,98
1,120
1,201
1,128
2,195
1,95
0,1000
2,107
1,236
1,133
1,107
2,140
2,107
2,143
1,212
1,204
1,122
1,102
2,117
2,120
2,130
2,71
1,181
2,277
2,183
1,163
1,165
2,285
2,156
0,1000
1,151
2,358
1,171
1,237
1,155
0,1000
2,111
2,156
2,659
2,122
1,339
1,114
2,111
2,109
1,267
2,124
2,197
1,186
1,211
2,125
1,249
1,261
2,458
2,102
1,191
2,67
0,1000
0,1000
1,193
1,190
0,1000
0,1000
2,100
2,118
2,130
2,337
2,142
2,107
2,152
1,150
2,168
2,168
0,1000
1,185
1,142
2,131
1,190
1,219
2,534
2,188
2,108
2,223
1,206
1,107
1,213
1,148
2,230
2,120
1,110
1,144
1,433
2,205
0,1000
2,101
2,373
1,194
1,153
2,101
1,127
1,238
0,1000
2,147
2,487
2,116
0,1000
1,181
2,120
1,132
1,101
0,1000
1,143
1,151
1,168
2,108
0,1000
2,768
2,141
2,182
1,215
1,125
2,234
2,969
2,175
0,1000
1,552
0,1000
1,174
0,1000
1,186
2,431
2,251
1,114
2,101
1,321
1,84
1,116
2,188
2,92
2,104
2,696
2,121
2,188
2,172
1,159
2,155
1,133
1,161
0,1000
1,116
1,191
0,1000
2,113
2,152
2,133
2,140
1,57
2,221
1,175
2,186
1,135
1,114
1,121
2,99
0,1000
2,101
0,1000
0,1000
0,1000
2,243
1,134
1,138
1,106
0,1000
2,125
2,119
1,81
0,1000
0,1000
1,88
2,85
1,201
1,118
2,85
2,141
1,162
1,120
2,290
0,1000
2,152
1,156
0,1000
0,1000
1,121
2,130
1,286
2,176
1,203
2,81
2,144
1,214
1,130
1,469
2,323
1,92
1,144
2,252
0,1000
2,84
0,1000
2,185
1,399
2,146
2,198
2,100
0,1000
1,321
2,114
1,72
0,1000
2,191
2,150
2,92
1,212
1,284
1,219
1,134
2,141
1,106
2,168
1,120
1,127
0,1000
1,123
2,272
1,192
1,166
2,128
2,106
0,1000
1,149
2,119
2,176
2,136
1,187
1,180
2,121
1,155
1,98
2,64
0,1000
1,134
1,94
1,367
2,183
2,220
2,307
0,1000
2,241
2,243
1,92
2,199
1,173
1,160
2,95
2,108
2,87
1,309
2,131
2,115
0,1000
2,190
1,102
1,147
2,132
1,163
2,203
1,112
2,254
1,359
1,281
2,180
2,170
1,171
1,209
1,162
1,179
1,133
1,202
1,89
1,191
0,1000
0,1000
1,132
1,170
2,154
1,130
2,107
1,211
0,1000
1,215
2,94
1,130
1,220
1,719
1,131
2,327
2,245
2,225
1,184
2,158
0,1000
1,128
0,1000
1,658
0,1000
2,510
1,262
2,129
2,189
0,1000
1,123
2,210
2,212
2,238
2,115
1,148
0,1000
1,138
2,116
1,100
0,1000
1,201
1,242
2,225
1,149
2,158
2,281
2,154
0,1000
1,230
1,106
1,180
2,126
1,154
1,177
1,178
2,128
1,188
1,140
0,1000
0,1000
0,1000
1,652
1,91
0,1000
2,191
1,92
2,130
2,414
1,315
2,206
1,231
0,1000
1,183
1,108
2,109
2,118
1,277
1,259
2,142
2,134
2,200
1,104
1,351
2,538
2,447
2,187
1,257
1,83
1,322
0,1000
2,146
0,1000
0,1000
1,152
2,151
2,147
1,212
0,1000
1,529
2,166
2,65
2,108
0,1000
1,299
1,159
1,297
2,146
2,86
2,252
2,135
1,62
1,148
0,1000
2,148
2,117
1,205
1,123
2,190
2,236
2,164
1,103
1,145
0,1000
1,185
1,163
1,117
1,132
0,1000
2,210
1,119
1,128
0,1000
1,93
2,443
2,261
1,182
1,130
0,1000
2,252
0,1000
2,147
1,172
1,183
2,122
0,1000
0,1000
2,142
2,287
1,158
2,135
1,157
1,128
1,149
0,1000
2,140
2,114
2,191
2,133
1,182
1,190
2,86
2,160
1,115
2,73
2,134
1,191
2,176
1,208
2,119
2,170
2,211
1,233
1,91
1,297
0,1000
1,169
2,281
2,139
1,100
1,115
2,393
2,110
2,856
1,680
2,305
1,116
1,107
2,119
1,135
2,117
1,196
2,179
1,187
1,143
1,139
1,182
0,1000
0,1000
1,272
1,112
1,123
1,154
2,63
2,175
2,97
2,63
2,196
1,240
2,106
2,207
0,1000
0,1000
1,150
0,1000
2,160
2,90
1,128
0,1000
2,162
2,303
2,217
2,121
0,1000
2,154
0,1000
2,377
0,1000
1,349
0,1000
2,146
1,177
0,1000
2,182
1,172
1,459
2,106
2,184
0,1000
0,1000
1,122
1,251
2,131
2,200
1,150
1,171
1,99
2,218
1,172
1,212
1,347
2,271
2,125
0,1000
2,673
1,328
0,1000
0,1000
2,462
2,134
0,1000
2,132
0,1000
2,197
1,225
2,159
2,134
1,131
0,1000
1,185
1,190
1,160
0,1000
1,78
1,152
2,159
1,84
0,1000
2,146
2,213
2,144
1,223
1,117
2,161
0,1000
0,1000
1,114
2,330
1,125
2,169
0,1000
1,307
1,124
0,1000
2,224
2,168
2,128
1,103
2,117
1,169
2,223
2,140
0,1000
0,1000
2,128
2,122
1,182
1,209
2,91
2,115
2,659
2,197
0,1000
1,92
2,118
1,175
2,124
1,278
2,372
0,1000
2,177
2,130
0,1000
1,102
1,147
2,127
2,93
1,165
2,192
2,108
0,1000
2,172
1,196
1,95
1,141
1,248
1,372
2,296
0,1000
1,124
1,213
1,151
1,149
1,141
1,171
1,167
2,194
1,152
2,551
2,124
1,192
2,161
2,136
0,1000
1,89
2,124
1,172
1,149
1,152
2,186
1,137
1,257
1,145
0,1000
2,129
2,647
0,1000
0,1000
1,235
2,138
2,200
1,291
1,152
1,85
0,1000
1,243
2,179
1,156
1,157
1,204
2,218
2,392
2,184
2,91
1,172
2,134
2,135
2,143
2,185
1,110
1,185
0,1000
1,110
2,179
1,250
2,233
1,196
0,1000
1,127
2,185
1,302
2,446
1,150
2,100
2,175
1,268
0,1000
2,68
1,154
1,140
2,201
1,163
1,283
2,191
1,356
1,103
0,1000
0,1000
1,172
1,237
2,212
2,234
0,1000
2,272
0,1000
2,196
1,132
1,164
1,110
1,116
2,141
1,398
2,158
2,148
2,214
0,1000
2,338
1,181
0,1000
1,155
0,1000
2,135
0,1000
0,1000
1,101
2,442
2,229
2,164
2,119
1,129
2,291
1,133
2,105
1,144
1,181
1,266
2,372
2,169
2,129
1,102
2,150
1,132
1,151
1,109
0,1000
2,229
0,1000
2,111
0,1000
2,204
1,413
0,1000
2,129
1,211
2,93
2,246
1,141
1,150
1,81
2,49
1,202
2,749
1,452
1,221
1,143
1,102
2,316
1,155
2,193
2,160
2,274
1,93
2,224
0,1000
2,151
1,152
2,125
1,233
2,152
1,209
2,121
2,122
0,1000
1,219
2,167
2,151
0,1000
2,170
2,418
2,344
1,133
2,137
0,1000
1,149
1,117
2,131
2,149
2,144
1,83
1,114
2,137
1,147
2,135
0,1000
1,116
1,111
2,153
2,73
0,1000
1,294
2,66
2,91
1,501
2,171
2,142
1,220
2,788
2,206
2,217
1,107
2,120
1,191
2,207
1,267
1,213
1,159
1,121
2,203
1,94
2,157
2,184
2,163
1,189
2,134
1,166
2,112
2,387
1,148
2,245
2,116
2,137
2,238
2,198
0,1000
1,197
2,232
1,175
0,1000
1,128
0,1000
2,171
1,636
2,241
2,303
1,130
2,183
2,224
2,198
0,1000
2,88
2,232
0,1000
2,366
2,438
1,198
0,1000
2,130
2,225
1,595
0,1000
2,176
2,354
2,111
1,186
1,188
1,255
2,188
1,474
2,147
2,117
1,99
2,408
2,142
1,377
0,1000
2,229
2,109
2,139
1,339
1,144
1,221
1,501
1,190
1,197
1,106
2,126
1,141
1,176
1,51
2,103
0,1000
1,115
2,247
0,1000
1,658
2,87
2,60
1,97
1,181
1,357
0,1000
1,104
1,115
2,205
2,178
2,152
0,1000
0,1000
2,193
1,77
2,82
2,152
2,449
1,137
2,128
1,112
0,1000
1,168
2,144
2,524
0,1000
1,134
2,137
2,245
1,246
1,135
1,131
1,227
1,99
2,159
2,145
2,141
2,303
1,86
2,237
1,226
1,148
0,1000
2,139
2,100
0,1000
1,167
0,1000
2,329
2,176
0,1000
1,167
2,225
0,1000
0,1000
2,174
0,1000
1,152
2,82
2,129
1,195
2,181
1,97
1,258
0,1000
2,110
2,126
2,142
1,126
2,159
2,166
2,165
2,695
1,151
2,213
2,166
2,299
2,128
2,997
1,145
2,184
2,146
2,141
1,214
2,137
1,209
1,132
1,231
2,368
2,227
1,148
1,371
1,191
1,131
2,177
1,162
1,254
1,120
1,117
0,1000
2,129
2,164
1,121
0,1000
1,155
2,97
1,111
2,152
0,1000
2,156
1,553
1,158
1,206
1,179
0,1000
2,157
0,1000
1,156
1,165
1,147
0,1000
2,104
0,1000
2,511
1,166
2,99
1,104
2,364
1,171
0,1000
2,134
2,173
1,247
0,1000
2,366
2,158
1,174
0,1000
1,142
2,237
0,1000
2,143
1,188
1,101
2,138
1,114
0,1000
0,1000
2,221
2,212
1,225
2,331
1,649
1,73
1,233
1,173
1,200
2,406
2,129
0,1000
1,797
2,161
2,117
2,237
2,119
0,1000
0,1000
0,1000
0,1000
1,135
2,84
1,123
2,118
2,240
1,78
2,116
0,1000
1,122
2,161
1,134
2,269
2,68
2,139
1,147
2,106
1,108
2,191
0,1000
0,1000
2,247
2,159
1,163
2,121
1,151
2,195
2,205
1,113
1,93
0,1000
2,164
1,256
0,1000
2,101
1,129
0,1000
1,141
1,146
2,175
1,194
1,163
1,206
2,132
0,1000
0,1000
1,229
1,276
1,139
1,257
0,1000
0,1000
2,101
2,167
2,154
2,131
0,1000
1,121
1,129
2,195
2,697
0,1000
2,230
1,126
2,149
2,194
2,131
2,162
0,1000
2,84
2,283
2,200
2,131
2,102
1,150
1,124
1,572
2,146
1,87
2,171
2,220
0,1000
2,374
2,544
2,146
1,127
1,167
1,179
1,207
2,251
2,160
2,276
0,1000
2,84
2,194
2,147
1,250
2,411
2,153
1,97
1,104
1,293
1,184
2,146
2,107
2,97
2,123
2,120
1,120
1,140
1,171
1,141
1,229
0,1000
1,334
1,151
0,1000
2,195
1,196
2,188
2,167
2,522
0,1000
2,100
1,195
2,166
2,106
1,257
1,189
1,216
2,825
1,124
1,95
2,212
0,1000
1,146
1,72
1,169
2,188
2,142
2,318
2,249
0,1000
1,142
1,141
1,146
2,139
2,221
1,128
2,429
0,1000
1,187
2,368
2,128
1,141
1,112
1,244
0,1000
2,229
1,68
1,179
1,129
2,302
0,1000
2,136
2,117
1,195
1,104
2,123
2,396
1,138
2,157
0,1000
1,229
1,274
1,159
2,196
1,207
2,260
0,1000
1,168
2,140
1,227
1,117
2,97
2,85
2,248
1,90
1,292
1,115
2,161
2,189
2,348
2,265
2,218
1,173
0,1000
2,373
1,123
0,1000
1,153
1,179
1,89
2,93
1,499
1,201
1,117
1,117
2,223
0,1000
2,137
2,153
1,158
1,147
2,124
2,210
2,79
1,122
1,90
2,94
0,1000
0,1000
1,119
1,103
1,69
0,1000
1,116
2,128
2,76
1,516
2,133
2,131
1,174
1,184
0,1000
2,133
1,214
1,164
2,146
1,161
1,164
2,155
1,107
1,125
0,1000
2,168
1,249
1,137
2,272
0,1000
1,112
1,132
1,348
0,1000
2,256
2,156
0,1000
0,1000
1,153
1,135
1,667
1,116
1,445
2,206
1,167
2,130
1,331
0,1000
2,125
2,89
0,1000
2,262
2,199
1,164
2,103
1,90
0,1000
2,207
2,133
2,93
1,172
0,1000
2,265
2,164
1,442
1,207
1,194
2,233
2,123
1,126
0,1000
1,142
1,161
2,259
0,1000
2,76
1,115
1,103
0,1000
2,144
1,158
2,224
2,92
2,151
2,136
2,158
2,237
1,635
1,91
0,1000
2,152
1,155
1,112
1,174
2,150
2,223
2,144
2,235
1,265
2,127
0,1000
1,128
0,1000
2,192
2,240
2,283
1,166
2,171
2,319
1,136
1,102
2,163
2,189
2,130
1,135
0,1000
0,1000
2,159
2,113
2,115
2,126
1,161
1,299
2,355
2,90
1,211
2,206
2,240
0,1000
0,1000
2,158
2,146
1,154
1,94
2,139
0,1000
1,132
1,177
2,86
1,555
2,218
1,162
2,164
2,131
1,140
1,195
1,166
1,137
2,81
1,170
1,138
2,125
2,320
1,108
2,96
1,163
1,381
2,204
0,1000
0,1000
1,158
2,395
1,94
2,118
1,106
1,88
2,151
2,163
0,1000
1,121
0,1000
2,160
2,151
2,157
2,168
1,120
2,249
1,127
1,166
1,70
0,1000
1,127
1,263
1,169
2,181
1,114
2,130
1,173
2,108
2,138
1,176
1,123
2,86
0,1000
0,1000
2,97
1,182
0,1000
2,89
0,1000
1,134
1,80
2,88
2,202
2,415
0,1000
2,279
1,152
1,78
0,1000
2,115
1,187
2,136
1,336
1,135
2,117
1,171
2,441
2,121
0,1000
2,327
2,139
2,121
0,1000
2,244
2,226
1,572
1,95
1,168
1,121
1,122
0,1000
2,204
2,519
1,263
0,1000
0,1000
2,98
2,166
2,169
2,165
2,113
2,256
2,198
1,154
2,172
2,159
1,137
0,1000
2,141
1,162
0,1000
2,243
1,177
2,106
0,1000
2,792
1,167
2,81
2,107
1,116
1,84
2,113
0,1000
1,189
2,201
2,192
0,1000
2,292
0,1000
2,139
2,127
2,138
0,1000
1,210
2,127
1,174
2,380
0,1000
2,157
2,134
1,149
2,128
1,255
1,112
0,1000
1,118
2,182
2,152
1,275
1,174
1,130
1,351
2,115
2,118
0,1000
1,214
1,162
0,1000
0,1000
1,97
0,1000
2,97
0,1000
1,156
0,1000
2,123
2,107
1,207
1,206
2,624
2,123
2,146
1,239
2,119
2,126
1,164
1,248
2,130
2,149
2,210
1,157
2,168
2,94
2,94
0,1000
2,107
2,153
2,87
0,1000
2,181
1,182
1,188
1,903
1,193
2,153
2,182
2,118
2,220
2,118
0,1000
1,130
1,425
2,187
2,124
2,116
1,215
1,127
2,157
1,408
2,132
2,347
1,108
2,263
2,100
0,1000
1,87
2,152
1,307
1,155
1,206
1,165
2,425
2,188
2,128
1,168
2,224
1,314
0,1000
2,385
2,231
0,1000
1,118
1,130
1,176
1,108
1,142
2,164
2,196
1,210
1,119
2,182
2,126
2,102
1,133
1,85
2,368
2,125
1,440
2,125
2,189
1,168
1,182
1,115
1,266
2,206
0,1000
1,104
1,210
1,127
0,1000
2,150
1,99
0,1000
1,156
2,172
1,74
1,168
1,281
2,144
2,114
1,168
1,50
2,100
2,276
2,252
1,359
2,91
1,84
2,131
2,144
2,106
1,346
1,148
2,160
1,134
1,400
1,156
2,160
2,165
0,1000
1,108
1,120
0,1000
1,168
2,208
1,322
2,156
2,105
2,149
2,92
0,1000
1,207
2,134
2,115
1,144
1,137
1,126
1,127
1,101
1,83
2,96
1,177
2,184
1,40
1,107
0,1000
1,98
2,321
1,85
1,138
1,198
1,202
1,161
2,106
2,164
1,118
2,37
1,154
1,142
1,141
1,303
1,206
0,1000
2,194
1,100
2,110
2,375
2,266
2,223
1,92
0,1000
1,97
1,124
2,118
1,214
1,122
1,122
2,230
1,73
2,169
0,1000
1,642
1,339
1,164
2,153
1,171
1,320
2,377
1,103
2,111
1,133
1,369
1,220
2,192
2,164
0,1000
2,178
2,106
2,192
2,168
2,100
1,68
1,123
0,1000
1,89
2,117
1,60
2,133
2,103
2,297
1,135
1,176
1,129
1,422
2,110
2,132
2,206
2,140
1,168
1,168
2,139
2,143
0,1000
2,168
1,86
1,175
2,175
1,87
2,164
2,149
2,146
2,210
2,117
2,136
2,136
2,119
2,145
2,120
2,126
1,166
2,250
2,114
2,170
2,700
2,184
1,150
0,1000
0,1000
2,119
2,181
1,135
2,135
2,260
1,174
1,231
0,1000
1,134
1,173
2,111
2,239
2,211
1,109
2,219
2,91
2,159
1,124
1,438
0,1000
2,96
2,94
1,154
2,181
2,118
1,219
0,1000
1,229
2,276
1,264
2,163
0,1000
0,1000
2,136
2,168
1,164
1,801
2,125
1,186
2,179
2,99
1,150
0,1000
2,105
2,178
2,93
1,122
2,130
1,180
2,178
1,145
2,108
0,1000
2,84
0,1000
0,1000
0,1000
2,418
2,134
1,292
2,80
1,127
2,193
0,1000
2,131
1,134
1,199
2,112
0,1000
2,281
2,132
1,196
2,124
1,285
2,122
2,262
1,103
2,139
2,141
0,1000
1,747
2,97
2,858
0,1000
2,283
0,1000
1,79
2,112
1,175
1,790
2,83
0,1000
2,184
2,154
1,137
1,266
1,123
1,270
1,236
2,196
1,425
1,125
2,139
0,1000
1,145
1,146
1,448
1,145
0,1000
2,238
1,469
2,119
2,119
2,150
1,134
2,243
1,210
1,515
2,106
2,178
2,171
1,164
2,117
1,296
2,526
1,176
1,223
2,223
1,234
2,146
1,225
1,166
1,176
0,1000
2,234
1,210
2,221
1,139
1,124
2,89
2,168
2,461
1,120
2,216
2,140
2,182
0,1000
2,166
2,211
2,354
2,61
2,118
2,99
1,85
2,95
1,135
1,262
1,100
1,51
0,1000
2,180
2,286
2,158
0,1000
0,1000
2,163
1,130
0,1000
1,158
1,124
1,152
1,231
1,268
0,1000
1,132
1,138
1,148
2,129
1,147
2,140
1,96
1,309
1,457
1,185
2,175
0,1000
2,137
2,286
2,170
2,285
1,136
0,1000
1,131
2,148
2,134
1,577
1,145
1,99
2,77
1,110
2,104
0,1000
2,150
2,175
2,120
1,155
1,133
2,322
2,142
2,280
2,192
1,110
1,80
2,128
2,161
0,1000
2,206
0,1000
0,1000
2,223
1,184
1,226
1,536
2,96
2,149
1,100
2,74
2,125
1,118
2,247
0,1000
2,242
0,1000
2,63
0,1000
2,131
1,148
2,77
2,135
2,931
1,136
1,214
0,1000
1,106
2,127
1,115
2,203
0,1000
1,343
1,145
1,296
2,232
0,1000
2,143
2,130
1,289
0,1000
2,209
2,264
2,104
2,242
0,1000
1,160
0,1000
1,208
1,470
2,187
2,202
2,125
2,151
1,255
1,316
1,114
0,1000
1,303
1,229
2,125
2,148
1,114
0,1000
2,177
1,199
2,175
2,162
1,205
1,228
0,1000
2,156
1,117
2,216
1,258
1,107
1,132
2,92
1,159
2,164
2,532
2,86
1,277
2,397
1,165
