1,496
1,103
1,214
1,147
0,1000
0,1000
2,166
1,229
2,210
2,210
2,169
1,157
2,140
1,201
1,171
1,180
1,133
0,1000
1,178
1,177
2,489
1,156
2,143
2,237
1,124
1,341
2,154
1,133
2,146
2,251
1,169
2,210
2,181
2,175
2,101
2,218
1,177
2,127
1,181
1,166
1,158
0,1000
1,245
2,189
1,182
2,232
2,121
2,308
2,164
2,93
2,148
1,190
2,504
1,87
2,179
1,231
1,123
1,423
2,140
1,303
2,118
1,225
0,1000
0,1000
1,170
2,151
1,168
1,342
0,1000
2,568
2,159
2,206
2,169
2,189
2,375
0,1000
1,190
2,762
0,1000
0,1000
1,162
0,1000
1,121
1,110
1,150
1,128
2,78
1,139
1,106
2,235
1,72
1,113
1,169
1,151
2,168
0,1000
1,181
2,185
2,513
1,196
1,207
2,233
2,197
2,142
1,143
2,203
1,140
0,1000
1,245
2,102
2,160
1,158
1,123
0,1000
1,146
1,129
2,80
2,101
2,302
1,228
2,112
2,313
1,180
2,307
0,1000
1,86
1,168
1,195
1,209
2,130
2,161
1,160
2,875
2,225
2,482
2,234
1,215
2,157
0,1000
1,667
2,84
1,160
1,127
1,171
2,344
1,200
1,179
1,788
2,141
1,142
1,122
1,170
2,222
0,1000
1,261
2,146
2,138
1,147
2,125
2,159
0,1000
2,354
0,1000
2,434
2,93
1,189
0,1000
1,211
2,148
2,182
2,127
1,271
2,136
2,306
1,179
1,156
1,171
2,254
2,158
1,144
0,1000
1,133
1,71
1,135
1,238
0,1000
2,205
1,144
2,134
2,104
1,443
1,315
2,218
1,131
2,181
0,1000
2,94
2,148
2,142
1,171
0,1000
1,112
1,132
2,188
2,149
1,212
2,216
2,129
1,122
1,147
2,159
1,258
1,223
0,1000
1,149
0,1000
1,110
2,129
2,149
2,148
1,226
1,140
2,246
1,166
1,201
1,123
1,864
1,344
2,136
2,103
2,129
2,530
2,211
2,195
0,1000
2,162
1,119
1,176
0,1000
2,249
2,173
2,348
1,264
1,124
1,188
2,102
1,240
2,86
1,525
2,165
0,1000
1,112
2,125
1,149
1,158
1,208
1,154
1,170
2,123
2,166
2,227
2,140
2,283
1,157
1,108
2,188
1,178
2,199
1,179
2,167
2,215
1,188
0,1000
0,1000
0,1000
1,78
2,166
1,112
1,126
1,208
2,188
1,106
1,185
1,144
0,1000
1,91
1,59
1,165
2,282
1,252
1,218
2,300
0,1000
1,192
2,143
2,117
1,170
2,588
1,173
2,430
1,301
0,1000
0,1000
1,193
1,156
1,160
1,145
2,237
0,1000
2,455
0,1000
2,119
2,185
2,252
2,160
2,79
1,106
2,122
2,337
1,204
2,119
2,284
1,105
1,181
1,96
2,109
0,1000
2,203
1,152
2,149
2,271
1,157
2,206
0,1000
2,150
1,244
2,224
2,153
2,182
1,235
2,262
2,145
2,122
1,175
0,1000
1,177
2,294
1,224
2,115
1,180
1,320
2,181
1,234
1,146
1,108
2,156
2,188
2,815
2,425
2,135
1,245
2,238
1,162
0,1000
2,163
1,151
2,97
2,152
2,100
1,136
2,286
1,425
2,79
2,169
2,195
1,181
2,118
2,165
1,287
1,129
2,159
2,214
2,526
2,279
2,143
1,394
2,152
2,483
1,457
2,204
2,136
2,237
1,224
2,865
1,156
2,153
2,611
0,1000
1,173
1,328
0,1000
1,122
1,271
0,1000
0,1000
1,126
2,173
0,1000
1,117
1,143
2,185
1,189
1,222
1,245
2,96
1,206
2,262
1,480
1,134
1,209
2,177
1,304
2,214
1,208
1,202
0,1000
2,266
1,185
1,176
2,134
2,144
1,314
1,163
2,104
0,1000
2,143
0,1000
0,1000
2,127
1,152
1,92
1,387
2,189
0,1000
2,256
1,99
0,1000
1,148
2,121
1,245
1,145
1,252
1,179
2,157
2,126
1,117
1,166
1,156
1,206
2,228
2,195
2,185
2,124
2,412
2,54
1,140
2,212
2,127
2,583
2,268
1,192
2,281
1,194
2,181
1,186
1,313
0,1000
1,124
2,157
2,114
1,132
1,218
1,308
1,194
0,1000
1,192
1,143
1,354
1,263
1,139
1,906
2,250
1,215
1,130
2,128
1,120
1,213
1,207
2,181
0,1000
2,162
1,395
1,176
1,247
1,262
2,188
0,1000
2,197
1,148
1,119
2,131
2,90
2,114
2,182
1,105
2,162
2,165
1,194
1,925
1,125
2,311
2,87
2,143
1,142
1,186
1,144
2,129
1,315
1,243
1,130
2,131
0,1000
2,191
2,433
2,185
1,130
1,176
2,421
2,177
1,294
1,115
0,1000
1,120
2,130
2,160
1,133
1,278
0,1000
0,1000
1,186
1,447
1,123
2,97
2,265
0,1000
2,172
2,146
2,217
2,136
2,113
2,166
1,784
2,169
0,1000
0,1000
1,257
1,125
1,223
2,230
2,185
1,192
1,284
2,84
2,229
1,112
1,759
1,219
2,140
1,203
2,165
1,121
1,245
1,309
2,201
2,305
1,671
2,149
0,1000
1,314
2,188
2,200
2,216
0,1000
1,119
2,117
1,111
0,1000
2,213
2,118
1,208
1,93
1,197
1,166
2,255
1,456
2,248
1,133
1,316
2,180
1,177
2,316
0,1000
2,451
2,196
1,139
2,103
1,264
1,98
1,145
2,167
2,151
1,209
1,167
1,157
2,154
2,176
2,173
1,170
0,1000
1,207
1,165
1,198
2,286
0,1000
1,162
1,111
1,195
2,259
0,1000
2,157
1,417
1,69
1,252
0,1000
1,210
1,89
1,150
1,144
1,148
0,1000
2,395
1,199
0,1000
0,1000
0,1000
2,382
1,183
2,176
1,191
2,226
1,232
0,1000
2,249
1,267
2,144
1,161
1,124
2,193
1,177
0,1000
2,223
2,253
1,136
1,191
1,171
2,271
1,180
2,355
2,205
2,171
1,222
1,204
2,144
1,128
1,301
2,186
0,1000
1,105
1,136
2,154
0,1000
2,568
1,194
0,1000
0,1000
1,259
2,433
2,122
2,500
2,804
1,231
2,186
1,692
0,1000
1,214
2,88
2,151
2,170
1,244
2,327
1,119
1,223
2,129
2,446
2,160
2,155
0,1000
2,106
1,137
2,256
0,1000
2,159
2,179
2,186
1,188
1,256
1,99
0,1000
2,107
1,107
1,178
0,1000
2,232
2,139
1,130
1,113
2,306
2,187
1,305
2,187
1,207
0,1000
2,857
0,1000
2,252
0,1000
1,270
2,440
1,95
0,1000
1,264
1,171
1,180
1,140
2,430
2,223
0,1000
1,119
1,128
2,128
2,127
2,152
1,154
2,198
1,596
1,462
1,367
2,128
1,165
2,173
1,258
1,185
2,429
2,201
0,1000
0,1000
1,248
0,1000
1,135
1,173
2,207
2,134
1,180
2,169
1,262
0,1000
0,1000
1,171
2,309
2,247
0,1000
1,109
2,182
2,162
2,173
2,68
1,129
1,208
2,229
1,243
0,1000
1,274
2,221
2,128
2,232
1,162
1,155
2,262
1,342
1,194
2,187
1,100
1,193
1,100
1,221
1,194
0,1000
1,217
2,180
2,132
2,150
2,232
2,421
2,77
2,237
2,140
2,185
2,171
1,198
2,237
2,218
0,1000
1,305
1,172
0,1000
2,155
1,172
1,229
2,326
1,146
2,519
1,160
1,359
1,98
2,146
2,178
1,180
2,264
1,255
1,200
2,152
0,1000
1,194
1,231
2,437
1,241
1,170
1,161
0,1000
1,226
1,132
1,192
1,229
1,148
2,223
2,253
2,323
1,143
2,209
1,255
1,122
2,92
2,167
1,242
2,146
2,295
1,198
1,154
1,152
2,407
2,191
2,237
2,171
2,194
1,327
0,1000
1,340
1,272
1,199
2,193
0,1000
1,154
0,1000
2,155
0,1000
2,109
2,121
2,155
1,131
2,208
2,139
2,149
2,199
1,142
2,146
1,226
1,314
2,83
1,182
1,94
1,167
2,269
2,325
2,102
2,266
2,185
2,141
1,226
1,529
1,128
1,107
2,214
2,232
2,128
2,319
1,174
2,153
0,1000
2,189
2,196
0,1000
1,233
1,281
2,155
2,112
2,109
1,239
2,635
1,171
2,81
1,232
1,286
2,142
2,161
2,156
2,389
0,1000
2,540
1,222
1,175
1,115
2,151
2,288
2,209
1,151
2,177
2,137
1,300
2,264
2,191
2,193
1,161
2,323
2,227
0,1000
1,91
0,1000
2,63
0,1000
2,161
1,165
1,190
1,149
2,125
2,136
1,138
2,107
2,145
1,164
2,161
2,169
1,203
1,176
1,152
1,154
1,331
2,253
2,194
1,236
2,121
2,144
1,133
1,112
1,275
1,174
2,224
1,122
1,576
1,333
0,1000
2,388
2,156
2,349
1,142
1,165
2,128
1,252
2,271
1,402
1,181
2,153
1,95
2,155
2,143
2,153
1,121
2,227
2,145
2,320
1,223
0,1000
1,145
1,196
2,171
1,236
0,1000
1,144
0,1000
1,202
1,231
2,290
2,246
1,111
0,1000
2,142
0,1000
1,325
1,183
1,236
2,201
1,136
1,152
1,115
2,162
2,185
2,192
1,106
2,145
0,1000
1,316
1,203
1,721
1,262
2,105
1,162
2,119
1,230
2,128
2,97
0,1000
1,150
2,244
2,185
1,540
1,270
2,185
2,132
2,156
1,377
2,137
2,270
0,1000
1,354
2,133
2,158
1,264
2,116
2,162
0,1000
1,133
1,177
2,207
0,1000
1,662
2,328
1,211
1,152
2,140
2,139
1,302
2,184
2,118
2,189
1,143
2,113
2,242
2,105
1,224
2,150
2,190
1,176
1,133
2,215
1,172
1,146
0,1000
1,235
1,241
1,477
2,189
2,340
2,196
2,235
1,303
0,1000
2,167
2,145
1,223
0,1000
1,606
1,132
1,151
1,211
2,136
2,188
2,137
2,257
2,88
2,86
1,149
2,179
2,128
2,101
1,235
1,215
1,332
1,390
2,191
2,270
1,349
0,1000
1,193
1,110
2,71
1,232
2,142
2,145
1,165
2,192
1,455
1,153
1,240
1,162
2,146
1,317
2,139
2,163
2,166
1,202
1,70
2,148
1,157
0,1000
1,614
2,108
2,166
1,239
2,274
1,357
0,1000
2,286
2,162
2,139
2,177
2,134
2,118
2,164
2,233
1,178
1,196
1,145
2,210
2,212
2,299
2,155
1,283
1,151
2,241
1,101
1,317
2,127
1,149
1,391
2,191
2,85
1,307
1,144
2,151
2,178
1,122
2,520
1,170
1,304
0,1000
2,216
1,224
2,217
1,303
1,120
1,305
0,1000
0,1000
2,135
2,113
1,277
1,203
1,167
1,72
1,124
2,135
1,178
2,153
1,267
2,197
1,339
2,251
2,339
2,135
2,137
1,143
1,112
1,117
1,457
0,1000
0,1000
0,1000
1,333
2,156
1,149
0,1000
1,356
2,258
2,161
2,149
1,142
2,142
2,182
1,153
2,127
2,103
2,144
0,1000
0,1000
1,192
1,118
1,140
2,117
0,1000
2,226
2,238
1,247
0,1000
2,296
1,284
2,203
0,1000
1,122
2,208
2,325
1,156
2,423
2,196
2,144
2,90
2,207
2,138
1,326
1,148
1,320
2,143
1,145
2,154
1,471
1,229
1,166
0,1000
1,254
2,268
1,167
2,189
1,188
1,171
2,210
2,217
2,408
1,144
1,234
1,362
1,146
0,1000
0,1000
1,208
1,324
1,120
1,205
2,198
1,94
1,169
1,104
1,161
2,227
1,219
0,1000
1,150
0,1000
2,239
2,146
2,243
2,148
1,240
1,261
2,226
1,145
0,1000
2,154
0,1000
2,226
2,89
2,152
1,166
1,202
1,232
2,207
2,193
2,163
1,158
2,133
1,162
0,1000
2,206
2,111
2,184
1,323
2,247
1,221
2,247
1,176
1,188
2,201
2,145
1,110
0,1000
1,249
1,197
2,515
1,175
1,351
0,1000
2,482
1,214
1,128
2,153
1,222
2,132
1,122
1,189
1,226
2,666
1,265
2,107
2,198
2,217
1,141
2,168
2,266
1,511
1,274
1,122
1,384
2,165
2,182
1,214
0,1000
1,342
1,91
1,183
0,1000
2,201
1,142
0,1000
2,109
1,162
1,119
1,158
2,198
2,136
1,128
2,189
1,211
2,159
2,221
1,216
2,100
1,153
2,145
2,190
1,123
1,204
1,322
1,408
1,145
1,194
1,188
1,325
1,221
2,176
1,130
1,217
2,132
0,1000
1,136
1,238
0,1000
1,248
0,1000
1,118
1,137
0,1000
0,1000
2,169
2,788
0,1000
0,1000
1,186
1,163
2,216
2,173
2,207
1,218
2,165
2,182
2,982
1,144
1,143
2,236
1,135
1,211
2,395
1,127
2,141
2,151
1,193
0,1000
1,463
0,1000
1,209
1,263
2,139
2,191
2,208
1,281
2,154
0,1000
2,350
0,1000
0,1000
1,179
2,279
1,232
2,159
1,108
0,1000
1,153
1,162
1,111
1,172
2,224
0,1000
1,158
1,165
1,182
2,230
1,156
2,156
1,202
2,162
1,231
2,169
2,150
1,116
2,189
2,102
1,121
2,178
1,162
1,174
2,197
2,176
1,177
2,256
2,214
2,89
2,195
1,157
2,192
2,476
1,162
2,156
0,1000
0,1000
2,170
0,1000
1,180
2,154
1,46
0,1000
2,113
0,1000
2,199
1,256
0,1000
1,118
1,121
2,515
1,175
2,393
1,189
1,165
2,285
2,118
2,211
1,251
1,181
2,293
0,1000
2,186
1,95
2,246
1,191
0,1000
1,219
2,221
1,400
1,153
2,151
1,170
2,175
2,177
2,157
2,210
2,234
2,239
2,155
2,222
2,169
1,180
1,122
1,135
2,190
2,396
2,129
2,176
1,317
1,383
1,232
2,126
1,135
2,158
2,135
1,193
1,166
1,158
2,159
1,103
1,163
0,1000
2,138
1,206
2,245
1,225
1,224
1,129
2,125
2,120
1,187
2,391
2,128
2,225
2,134
0,1000
1,109
1,178
2,203
2,156
0,1000
2,190
1,126
2,194
2,231
2,138
1,178
1,265
0,1000
1,106
2,137
1,155
1,180
1,383
1,175
2,125
2,235
1,130
0,1000
1,151
1,195
2,198
2,284
2,345
2,139
1,133
1,238
2,165
1,173
2,174
2,285
2,125
2,186
2,170
2,159
2,220
1,151
1,304
1,234
2,205
2,171
1,295
2,178
1,63
1,257
2,287
0,1000
2,243
2,295
0,1000
2,182
1,203
1,169
0,1000
1,250
1,212
1,463
2,233
2,215
2,186
1,143
2,151
1,207
1,155
1,144
0,1000
0,1000
2,121
2,106
2,164
1,103
1,291
1,193
1,123
2,127
1,213
1,209
1,116
1,286
2,190
1,108
1,228
0,1000
1,256
1,223
1,195
2,146
1,631
1,179
1,77
2,130
1,85
2,151
1,114
1,102
2,99
2,170
2,113
2,154
2,94
1,155
1,125
1,119
2,164
2,161
2,299
2,142
0,1000
2,201
1,242
2,177
2,163
1,248
1,233
2,207
2,153
1,91
1,205
2,86
2,124
1,245
1,219
2,155
0,1000
1,236
1,131
1,449
2,249
2,256
2,154
1,146
2,264
2,224
2,97
1,208
1,177
2,118
2,203
0,1000
2,111
1,195
1,170
1,140
1,133
2,221
1,234
2,456
1,293
1,196
0,1000
2,623
1,114
2,294
1,175
0,1000
2,107
0,1000
2,122
2,285
2,604
2,123
2,124
1,201
2,262
2,114
2,143
2,298
0,1000
2,195
2,128
1,238
0,1000
2,152
0,1000
0,1000
2,224
1,152
1,117
2,136
1,183
2,176
2,130
1,140
2,160
2,163
1,167
0,1000
1,217
1,248
1,353
1,240
0,1000
2,173
1,173
2,163
1,181
2,175
2,146
1,259
1,184
1,219
2,461
1,134
2,179
1,144
1,336
1,164
2,133
1,207
1,658
1,180
1,531
1,321
2,166
2,115
2,202
2,99
2,193
1,160
2,253
2,103
0,1000
0,1000
1,103
2,219
0,1000
2,149
1,302
1,181
1,147
2,144
2,209
2,154
1,95
2,173
2,179
1,417
2,126
2,208
1,144
1,109
1,187
1,191
1,231
0,1000
1,211
2,150
2,131
1,455
2,125
0,1000
2,598
1,115
2,228
2,184
2,308
0,1000
2,204
2,61
2,151
2,219
1,131
2,186
1,105
1,237
0,1000
1,170
1,164
0,1000
1,166
1,214
1,232
1,167
1,371
2,145
2,166
1,237
0,1000
2,112
2,202
1,273
0,1000
2,127
0,1000
2,641
2,116
2,287
1,189
1,302
1,125
2,284
2,244
2,142
1,169
1,240
1,146
2,219
1,338
2,131
0,1000
0,1000
1,160
2,174
1,932
0,1000
2,96
1,173
2,180
2,212
1,195
2,189
2,148
1,235
1,192
1,128
2,219
0,1000
2,232
1,110
1,141
1,247
1,344
1,156
2,215
1,155
2,107
0,1000
2,205
1,172
1,380
2,178
2,262
2,212
2,212
0,1000
2,200
1,289
2,298
1,459
1,182
1,200
1,168
2,146
2,112
1,190
0,1000
1,158
1,281
1,169
0,1000
1,155
1,222
1,179
2,320
1,221
1,193
0,1000
1,122
2,180
1,166
2,124
2,117
1,202
1,183
1,121
0,1000
2,137
2,137
2,136
2,97
2,161
2,178
0,1000
0,1000
2,241
1,232
2,198
2,162
2,207
1,207
1,304
1,139
1,294
2,181
2,207
2,155
1,140
1,143
1,458
2,192
1,162
2,171
1,134
2,111
2,231
0,1000
0,1000
2,209
2,582
1,194
0,1000
2,262
1,245
2,221
2,140
1,143
2,183
1,143
2,183
2,121
1,167
1,187
1,206
0,1000
1,248
2,138
1,169
1,212
1,116
1,347
2,216
1,130
1,280
2,102
2,144
0,1000
1,122
1,195
1,134
1,524
0,1000
1,470
1,287
2,221
1,122
0,1000
1,155
1,187
2,195
1,724
1,125
2,174
1,138
2,201
2,169
1,276
1,154
2,375
2,232
0,1000
1,260
0,1000
2,176
1,221
1,128
1,153
0,1000
2,95
2,123
0,1000
1,80
2,215
2,195
2,173
2,284
2,697
1,301
2,233
1,265
0,1000
1,153
1,122
0,1000
2,136
2,188
2,200
1,156
1,157
2,687
1,145
2,162
1,126
1,154
1,254
1,271
1,161
2,212
0,1000
1,325
1,278
2,158
2,106
2,188
2,88
0,1000
1,168
1,180
1,159
1,226
0,1000
1,95
2,196
2,86
2,522
2,138
0,1000
0,1000
0,1000
1,398
2,102
2,193
0,1000
0,1000
0,1000
1,134
2,257
2,258
2,191
1,182
2,162
2,173
1,177
2,144
2,346
1,96
2,504
1,199
2,195
0,1000
2,738
1,249
2,159
1,177
2,154
0,1000
1,188
2,101
1,164
2,272
2,172
2,294
1,114
1,174
2,133
1,99
1,397
1,267
0,1000
2,227
2,174
1,452
2,159
2,254
1,62
1,212
1,168
2,259
1,105
2,158
2,212
0,1000
1,195
1,162
1,167
2,232
1,164
2,171
2,123
2,191
1,160
2,132
2,331
1,218
1,144
1,182
2,216
0,1000
1,253
2,234
0,1000
2,230
2,188
2,155
2,166
0,1000
2,165
2,239
2,553
0,1000
1,76
2,208
2,340
2,477
1,284
1,305
2,227
1,131
1,196
1,303
0,1000
2,116
1,98
1,219
1,238
2,130
0,1000
1,229
1,174
2,189
0,1000
2,205
1,277
1,118
1,138
0,1000
1,188
2,247
1,451
0,1000
2,227
2,171
2,131
0,1000
2,80
2,216
0,1000
1,201
1,190
2,126
1,238
2,157
2,361
2,190
2,279
2,153
2,178
2,103
2,128
2,179
2,168
0,1000
2,128
2,253
2,219
1,122
1,225
1,133
1,139
2,121
2,170
1,163
1,219
2,129
1,126
1,182
2,220
2,128
2,152
2,155
2,146
2,100
2,139
1,349
2,118
2,182
1,67
0,1000
1,189
1,184
2,195
1,214
1,180
2,200
2,155
1,115
2,172
1,180
0,1000
1,129
0,1000
0,1000
1,187
2,74
2,364
1,210
2,182
1,121
2,188
2,106
1,590
2,216
0,1000
2,141
2,960
1,170
1,260
2,124
2,193
0,1000
2,184
1,145
0,1000
2,138
1,310
2,175
1,157
2,241
2,188
2,154
1,153
1,181
2,129
1,175
1,805
1,132
2,156
2,139
1,179
1,154
1,127
0,1000
1,266
0,1000
0,1000
1,152
1,161
2,127
1,104
2,178
2,203
2,175
2,153
0,1000
2,393
2,273
2,223
1,236
0,1000
2,163
0,1000
0,1000
1,224
1,287
2,246
2,171
1,157
2,142
2,359
1,117
2,138
1,749
1,162
1,269
0,1000
2,177
0,1000
1,119
1,262
1,160
2,245
2,187
2,252
1,369
2,128
0,1000
2,88
1,241
1,155
2,165
1,126
2,291
1,186
1,231
1,211
2,213
2,139
1,245
2,172
0,1000
1,163
2,170
2,88
1,110
1,200
0,1000
1,113
2,161
1,130
1,169
2,165
2,70
2,209
2,156
1,177
0,1000
2,125
1,362
1,224
2,175
1,201
1,200
1,125
2,168
2,148
2,139
1,131
0,1000
2,143
1,140
2,318
2,165
2,171
2,206
0,1000
1,149
1,217
1,393
1,161
2,106
1,189
1,216
1,158
1,157
2,169
1,212
2,242
2,103
2,225
1,73
1,214
2,124
2,269
2,152
1,168
1,345
0,1000
2,228
1,149
1,317
1,75
2,187
1,226
0,1000
2,199
2,100
1,81
2,229
1,159
1,136
2,106
2,660
1,775
2,130
0,1000
2,130
2,155
0,1000
0,1000
0,1000
1,222
2,242
2,246
2,184
1,631
2,219
0,1000
2,114
2,303
1,136
1,195
1,139
1,117
1,252
0,1000
1,102
2,143
2,118
1,192
2,697
2,142
1,142
2,130
2,246
1,128
1,213
1,138
2,102
0,1000
2,427
2,110
0,1000
1,136
2,181
1,110
1,159
1,104
2,185
0,1000
1,180
2,145
1,357
1,156
2,292
0,1000
2,167
2,141
1,368
1,140
0,1000
1,239
1,97
2,74
0,1000
0,1000
2,161
1,123
2,136
2,129
2,138
2,241
2,160
2,120
1,148
2,232
1,271
2,111
1,170
1,117
2,151
1,135
1,213
0,1000
1,136
0,1000
0,1000
2,120
2,126
1,76
2,285
2,150
1,180
1,194
1,220
2,191
1,129
2,145
2,206
1,82
1,205
2,179
2,217
2,109
1,211
1,184
1,101
1,223
1,194
1,536
0,1000
0,1000
1,167
2,180
1,256
0,1000
1,160
1,122
2,158
2,135
2,200
1,152
1,110
1,217
2,240
1,113
1,167
2,166
2,149
2,319
0,1000
0,1000
1,104
1,119
2,127
1,169
2,155
0,1000
2,718
1,202
2,235
2,316
1,201
1,149
0,1000
1,203
1,128
2,150
2,152
2,137
2,123
0,1000
0,1000
1,235
2,189
2,210
2,202
1,187
1,134
0,1000
0,1000
0,1000
2,318
1,145
1,171
1,147
2,220
1,890
2,187
1,141
0,1000
1,157
2,195
1,91
0,1000
2,160
1,189
0,1000
0,1000
2,175
1,362
1,258
2,245
2,160
2,232
2,336
2,239
1,288
2,220
2,201
2,130
2,203
1,120
1,376
2,94
2,211
1,168
2,198
2,141
1,131
2,184
2,168
1,175
1,132
2,84
2,180
2,204
0,1000
1,173
2,165
1,192
2,224
2,226
2,196
2,257
2,147
1,125
2,117
1,126
2,130
2,189
2,174
0,1000
0,1000
1,187
1,186
2,174
2,131
1,126
2,216
2,205
2,204
1,184
1,98
1,120
2,278
1,219
1,96
1,173
1,159
2,822
2,107
1,252
1,297
2,144
0,1000
1,157
1,274
2,243
2,165
0,1000
2,167
2,163
1,179
0,1000
1,282
1,209
1,139
1,177
2,211
1,237
1,194
0,1000
2,285
2,164
2,482
1,170
2,214
0,1000
1,195
1,168
2,145
1,165
1,151
1,123
0,1000
2,137
2,125
2,72
0,1000
0,1000
0,1000
1,192
2,260
2,216
1,180
1,130
2,154
1,258
2,182
0,1000
2,141
2,217
0,1000
2,172
2,171
0,1000
2,88
2,112
1,147
1,219
1,147
1,130
2,136
2,102
1,204
0,1000
2,154
2,211
1,160
1,138
2,196
2,103
2,171
1,159
1,105
1,521
2,368
1,131
1,191
2,181
2,203
2,95
1,216
1,173
2,469
1,160
0,1000
1,173
2,160
1,70
2,200
1,179
2,285
1,155
2,774
2,262
2,142
1,156
2,126
2,146
1,210
2,65
0,1000
2,297
0,1000
1,366
2,143
0,1000
0,1000
1,231
2,132
2,161
2,124
0,1000
2,117
2,154
1,204
0,1000
2,155
1,229
1,263
1,113
0,1000
2,129
2,249
0,1000
0,1000
2,316
2,220
1,286
2,662
0,1000
0,1000
2,250
2,130
1,121
1,121
2,461
2,166
2,143
2,201
2,162
1,117
1,177
0,1000
0,1000
2,243
2,216
2,185
1,174
2,329
0,1000
0,1000
0,1000
1,248
1,116
1,184
1,267
1,157
1,176
2,114
2,127
1,108
1,111
1,109
2,526
0,1000
0,1000
0,1000
2,211
1,289
1,219
2,229
1,356
2,119
2,230
1,161
2,174
2,228
2,234
2,146
2,187
2,184
1,137
1,176
2,88
2,236
1,198
2,210
1,168
2,165
0,1000
1,302
2,215
2,548
1,139
1,72
1,101
1,101
1,182
0,1000
2,95
2,288
1,129
0,1000
1,140
2,315
1,148
2,139
1,207
2,169
2,168
1,245
2,147
1,80
2,165
1,225
1,169
2,462
2,156
1,93
2,90
1,213
2,173
1,194
2,201
2,192
0,1000
0,1000
0,1000
1,166
2,198
2,234
1,691
0,1000
1,835
1,262
2,178
1,172
1,545
1,196
2,225
2,192
2,723
1,199
0,1000
1,148
1,131
2,290
1,195
0,1000
2,216
2,208
1,166
2,170
2,221
2,68
2,204
0,1000
2,139
2,180
2,198
1,196
2,192
2,189
0,1000
1,159
1,263
1,171
2,482
1,470
2,160
1,144
1,185
2,175
1,169
2,171
1,122
2,137
1,139
2,792
1,882
1,339
1,743
1,160
0,1000
1,186
2,186
1,128
2,296
1,190
1,76
1,219
1,182
2,276
2,175
2,245
2,276
1,117
2,254
1,739
2,180
2,156
2,154
2,405
2,177
1,162
0,1000
2,280
1,757
1,202
1,168
2,396
1,193
1,128
2,163
0,1000
1,159
2,215
1,195
0,1000
0,1000
1,216
2,270
2,263
2,115
1,128
2,239
1,201
1,180
2,250
1,163
1,158
1,144
2,545
2,215
0,1000
2,286
1,153
1,100
1,260
2,284
2,225
2,146
1,149
0,1000
2,135
2,129
1,190
1,223
1,128
1,214
2,269
2,172
1,153
1,182
0,1000
1,250
0,1000
2,228
1,126
2,155
2,159
1,117
2,241
2,233
0,1000
0,1000
1,113
1,215
2,120
1,223
1,113
2,212
2,240
1,117
1,159
2,164
1,345
1,172
2,108
1,117
2,163
2,186
1,198
0,1000
2,190
0,1000
1,181
2,449
1,172
2,120
2,88
2,215
2,123
2,132
0,1000
1,379
2,332
1,224
1,185
2,202
1,207
1,268
1,503
1,118
0,1000
2,155
2,187
1,179
1,140
1,453
1,266
1,134
2,179
1,183
1,72
1,323
2,122
1,151
1,168
2,210
1,98
2,281
1,169
2,208
1,128
1,181
2,234
0,1000
1,92
2,355
1,196
2,122
2,222
1,134
2,191
2,182
2,127
2,91
1,333
1,170
2,165
1,137
2,211
1,116
1,106
1,327
2,266
0,1000
1,89
2,115
0,1000
2,125
2,252
2,119
2,253
1,167
1,150
1,123
2,182
1,121
1,98
2,634
0,1000
2,112
2,126
1,155
2,219
2,333
2,213
1,128
2,321
1,298
2,295
1,237
2,177
2,160
1,502
2,178
1,321
1,91
2,960
0,1000
2,208
2,140
2,178
1,125
1,196
0,1000
0,1000
1,281
1,222
1,148
1,101
2,136
0,1000
2,162
1,123
2,188
1,159
2,178
1,462
2,151
2,230
0,1000
1,281
2,160
0,1000
2,182
1,435
1,204
1,163
1,146
1,124
1,169
1,279
1,129
2,240
1,152
2,150
2,143
2,132
1,221
2,185
2,129
1,173
2,181
2,138
2,200
1,344
1,210
2,98
1,121
2,217
2,123
1,287
0,1000
2,173
1,282
0,1000
2,308
1,414
1,541
1,343
2,114
2,151
2,204
2,134
2,188
2,229
1,244
0,1000
2,204
2,150
1,173
0,1000
1,201
1,179
2,255
1,204
1,136
2,252
1,126
2,126
1,82
2,178
2,195
1,165
2,120
1,176
2,189
2,291
2,129
1,146
2,183
1,792
1,183
2,187
1,223
1,249
1,179
2,103
2,187
1,184
0,1000
1,141
1,270
0,1000
1,200
1,184
2,182
1,372
2,183
1,152
2,166
2,119
0,1000
1,214
1,119
0,1000
2,130
2,181
0,1000
1,176
2,286
2,84
2,249
2,158
2,153
1,148
2,219
2,343
1,386
2,166
1,153
1,201
2,326
1,235
2,137
2,186
1,166
0,1000
0,1000
2,133
1,202
1,171
2,174
2,189
0,1000
1,189
2,276
2,241
2,234
2,111
2,211
2,297
2,203
1,162
1,166
0,1000
2,281
1,496
2,162
2,130
1,156
1,151
0,1000
2,224
1,112
2,211
2,130
1,126
2,139
2,192
2,145
2,320
2,108
2,180
1,266
1,112
1,143
1,293
1,294
1,73
1,219
2,164
1,167
2,170
2,163
2,94
1,200
2,123
2,190
2,325
1,228
1,137
2,179
1,780
1,154
2,136
2,269
1,159
1,83
1,128
2,236
1,317
1,141
1,232
1,183
2,261
1,131
0,1000
1,263
2,224
2,175
2,162
1,96
1,320
1,148
1,163
1,132
1,120
2,309
2,152
1,131
0,1000
2,282
2,142
1,119
2,107
2,73
2,139
2,185
1,110
0,1000
0,1000
2,304
1,208
2,80
2,148
2,558
2,247
0,1000
1,116
1,94
0,1000
1,443
0,1000
2,431
2,116
2,141
1,197
1,131
2,108
1,130
1,100
0,1000
2,125
2,115
1,191
1,159
2,144
1,392
1,245
0,1000
2,128
2,338
2,122
1,134
2,183
1,233
0,1000
1,178
0,1000
2,174
1,140
2,246
1,154
1,258
2,137
2,310
2,151
2,138
2,161
2,146
2,168
0,1000
2,135
2,125
0,1000
1,152
1,378
0,1000
2,132
1,207
1,109
1,232
1,184
2,121
0,1000
0,1000
1,171
1,129
1,187
1,229
1,119
1,216
2,253
1,106
2,123
0,1000
0,1000
1,197
1,457
1,180
0,1000
2,76
2,137
2,162
2,68
1,178
2,231
1,325
2,144
2,232
1,209
1,141
2,288
1,136
1,69
2,203
2,131
1,145
2,170
2,192
0,1000
1,491
1,170
2,202
1,219
0,1000
2,196
1,230
2,124
1,205
2,330
2,267
1,222
0,1000
2,84
1,213
1,161
2,236
1,151
2,147
2,131
1,98
2,147
2,158
2,276
1,221
1,436
2,160
1,198
1,173
0,1000
2,164
0,1000
2,980
2,169
1,156
0,1000
1,229
2,289
2,150
2,292
2,143
1,152
1,98
1,211
1,136
2,282
2,208
2,168
2,160
2,174
2,119
2,252
2,230
1,173
1,195
1,139
2,122
1,137
1,172
2,260
2,150
2,193
2,152
2,106
2,185
2,139
1,131
1,233
2,142
2,114
2,108
1,176
1,157
2,303
2,129
2,140
1,114
2,458
1,187
2,170
1,183
1,140
2,229
1,83
0,1000
0,1000
1,181
2,107
2,158
2,103
2,220
1,193
1,231
2,122
0,1000
2,159
1,117
1,231
2,272
1,106
1,221
1,225
1,859
2,567
2,181
0,1000
1,280
2,174
1,224
2,122
1,95
1,429
2,531
2,97
1,202
1,202
2,299
1,97
2,174
2,141
1,158
2,158
1,130
2,142
2,432
2,180
1,175
2,386
1,283
2,136
1,122
0,1000
1,124
1,597
2,260
2,150
0,1000
1,224
1,279
2,203
1,253
1,142
1,79
2,206
1,137
0,1000
2,176
2,201
1,163
2,213
2,146
1,243
2,141
1,118
1,220
1,145
2,182
0,1000
2,207
0,1000
1,142
1,157
1,377
2,198
1,344
2,188
1,124
1,98
1,141
1,115
1,212
1,97
2,176
2,125
1,488
2,127
1,132
0,1000
2,197
1,196
2,334
1,119
1,181
2,385
2,204
0,1000
1,148
1,170
1,187
2,265
1,285
1,250
2,162
1,99
0,1000
2,143
2,315
2,168
0,1000
2,142
1,181
2,182
1,134
1,181
0,1000
0,1000
1,217
1,150
1,177
2,148
0,1000
2,153
2,142
2,374
0,1000
2,189
1,177
2,144
1,293
2,161
2,123
2,160
2,153
2,188
2,219
2,121
1,156
1,131
1,134
2,205
1,126
0,1000
0,1000
2,140
1,239
2,123
2,136
0,1000
1,203
2,48
1,300
2,189
2,175
2,163
0,1000
2,324
1,175
1,110
1,145
2,276
2,184
2,193
0,1000
1,134
1,199
1,158
2,112
1,599
2,410
1,127
2,279
1,148
0,1000
1,192
2,213
2,176
2,130
1,186
1,449
1,169
2,416
1,173
2,204
2,214
1,261
1,232
1,175
2,512
1,561
0,1000
2,186
2,178
2,133
1,149
2,153
0,1000
1,150
1,162
2,172
2,168
2,172
0,1000
2,132
1,146
1,215
1,210
2,178
0,1000
2,116
0,1000
2,166
2,115
0,1000
2,228
2,167
0,1000
0,1000
1,195
2,160
1,346
1,286
1,230
0,1000
1,196
2,131
0,1000
0,1000
0,1000
0,1000
1,158
2,150
2,287
1,152
1,123
1,159
1,106
1,337
2,183
2,233
1,135
1,184
2,121
2,530
2,244
1,169
2,145
1,273
1,115
1,124
1,103
2,178
1,158
1,197
1,154
2,185
1,192
1,196
2,120
1,197
0,1000
2,553
1,373
1,124
1,186
2,218
1,232
2,114
0,1000
1,132
2,159
2,180
2,417
2,174
2,281
1,279
1,141
1,189
1,267
1,124
2,713
1,101
2,175
1,427
1,99
2,193
1,181
1,139
0,1000
2,292
1,121
0,1000
2,340
2,156
1,311
2,84
2,212
2,110
2,192
1,129
2,184
1,166
1,185
2,102
2,179
1,164
1,89
2,138
2,197
0,1000
1,216
1,345
0,1000
2,321
2,163
1,140
2,133
2,117
0,1000
1,188
1,186
1,115
2,98
1,137
0,1000
2,203
2,177
1,132
2,135
2,215
0,1000
1,142
2,108
0,1000
0,1000
2,205
2,285
2,245
1,107
1,396
2,332
1,171
2,175
2,221
2,105
2,306
2,188
2,237
0,1000
1,616
1,125
1,112
2,113
2,177
1,231
2,127
2,225
1,121
2,344
2,138
0,1000
1,529
2,141
1,251
0,1000
1,131
1,118
2,108
2,146
1,142
0,1000
2,188
1,99
2,231
1,225
1,200
2,192
1,169
2,390
2,209
1,210
1,188
0,1000
1,172
0,1000
2,129
1,201
2,671
2,108
2,104
1,163
0,1000
1,189
2,282
1,196
2,253
1,260
2,171
1,194
1,195
2,215
2,186
1,325
2,232
1,790
1,278
1,249
2,217
2,170
0,1000
0,1000
2,146
2,126
1,206
2,224
1,404
1,144
1,223
2,138
1,241
1,225
2,165
0,1000
2,179
1,162
0,1000
2,153
1,235
0,1000
0,1000
1,303
1,108
2,131
1,148
1,182
2,176
2,153
2,179
2,215
1,253
2,563
2,131
1,255
2,196
2,263
0,1000
1,208
1,146
2,232
0,1000
1,179
1,167
1,125
2,151
1,145
1,160
1,104
2,206
2,287
1,158
2,199
2,230
1,190
0,1000
0,1000
1,537
0,1000
1,449
2,105
1,204
2,129
2,208
0,1000
2,166
1,159
1,182
2,215
2,251
2,149
2,118
1,197
1,151
2,224
1,137
2,259
2,102
2,137
1,182
1,249
2,225
1,189
2,132
2,170
1,153
0,1000
0,1000
1,196
1,132
2,202
0,1000
1,126
1,162
2,92
1,151
1,233
1,166
1,207
2,155
1,143
1,251
1,119
2,87
2,99
1,121
0,1000
2,168
1,185
2,331
1,149
2,163
2,93
1,321
1,223
1,89
1,164
1,98
0,1000
1,151
0,1000
1,161
2,442
2,168
2,144
1,199
2,236
2,113
2,269
2,236
0,1000
1,149
2,283
1,343
2,98
1,161
2,284
0,1000
2,227
2,129
1,127
2,245
0,1000
2,105
1,99
2,135
1,153
2,160
0,1000
1,283
2,350
1,332
1,122
1,137
1,137
2,180
0,1000
0,1000
2,199
0,1000
1,132
1,193
0,1000
0,1000
2,117
1,192
1,155
2,234
2,232
2,185
1,188
1,311
2,230
1,140
2,234
2,138
2,173
0,1000
2,198
1,176
1,380
2,145
2,179
1,242
1,125
2,271
2,143
2,205
1,205
2,262
2,209
1,140
1,134
0,1000
0,1000
1,161
2,176
2,155
2,78
2,223
1,173
2,345
1,248
1,390
2,176
1,120
0,1000
1,157
2,83
1,161
2,120
1,147
1,176
1,123
2,181
2,158
0,1000
1,171
2,113
2,141
0,1000
1,239
2,963
2,181
2,133
0,1000
1,132
2,231
2,158
2,102
2,138
2,241
0,1000
0,1000
2,192
1,271
1,211
2,207
2,150
1,257
2,138
1,251
1,90
1,167
1,208
2,327
1,85
2,250
1,139
1,173
2,233
1,113
2,167
1,146
0,1000
1,176
2,117
1,190
2,240
2,170
2,210
0,1000
2,163
1,153
2,138
1,174
1,173
2,114
2,165
1,103
1,174
2,165
2,156
2,209
1,389
0,1000
2,171
2,131
0,1000
2,168
1,89
0,1000
2,145
1,484
2,290
2,247
1,145
1,156
1,546
2,146
1,318
2,136
1,180
2,99
1,127
1,153
0,1000
2,191
2,230
1,184
2,202
1,189
1,163
2,135
1,98
2,119
1,178
1,171
2,166
1,220
1,173
1,226
1,132
2,231
1,341
2,291
2,135
1,169
2,130
1,381
1,149
2,288
2,169
1,189
2,138
2,126
1,161
1,147
2,93
2,168
2,159
1,168
1,267
2,174
0,1000
1,138
1,188
2,255
1,209
1,137
1,172
2,205
1,159
1,113
1,200
2,273
1,176
1,236
1,206
0,1000
1,209
1,190
1,150
1,185
2,232
1,320
2,225
2,268
2,187
2,174
1,171
2,170
2,198
1,364
1,371
2,125
1,514
1,134
1,276
0,1000
1,133
2,92
2,70
2,118
2,203
2,316
2,186
2,147
1,180
1,276
1,174
1,150
2,186
2,223
2,152
1,182
2,250
1,178
1,153
2,189
2,176
0,1000
1,127
2,162
2,201
2,139
2,168
1,292
2,209
2,166
2,171
2,173
0,1000
1,140
0,1000
2,237
2,171
2,259
2,235
1,207
1,257
2,153
2,125
1,154
0,1000
1,189
2,187
2,687
2,207
1,181
1,208
1,136
2,127
2,120
2,175
2,273
2,130
1,130
0,1000
1,218
2,274
1,133
1,104
2,219
2,137
2,127
1,211
2,61
2,278
0,1000
2,152
2,167
2,154
1,199
2,136
2,147
1,138
0,1000
2,166
2,205
2,109
2,455
2,666
2,116
2,202
2,587
2,332
0,1000
0,1000
2,252
1,123
2,135
2,156
1,175
0,1000
2,160
2,118
2,240
2,153
2,80
2,101
2,112
2,162
2,118
2,231
2,125
2,179
1,98
0,1000
1,144
1,209
2,187
0,1000
2,718
1,214
0,1000
0,1000
2,173
2,88
2,125
2,179
1,165
2,257
1,169
2,206
0,1000
1,142
1,204
1,207
2,167
1,170
2,261
1,254
1,131
1,119
2,211
1,302
1,197
0,1000
2,139
1,213
2,129
2,117
1,223
1,147
1,88
2,411
1,159
0,1000
1,252
1,97
2,153
1,229
1,129
2,95
1,148
1,206
2,143
2,122
2,147
1,132
0,1000
1,115
2,193
1,242
2,196
1,149
0,1000
2,92
0,1000
1,159
2,125
2,866
2,258
1,253
1,156
2,136
0,1000
1,194
1,215
2,138
2,129
1,227
1,170
2,193
2,102
1,323
1,217
1,211
2,105
1,123
2,306
1,222
0,1000
2,221
1,124
1,404
2,180
2,252
2,219
2,186
1,143
0,1000
0,1000
1,169
2,117
1,162
2,138
2,228
2,146
1,131
1,197
1,150
2,147
2,225
0,1000
1,265
1,88
2,249
2,142
1,338
1,158
2,164
1,167
2,236
0,1000
1,221
1,154
1,70
2,160
1,88
2,184
1,133
0,1000
2,195
0,1000
2,174
1,167
1,212
0,1000
2,385
2,158
2,213
1,197
1,205
2,128
1,161
2,187
2,260
1,118
2,116
2,223
2,291
1,171
2,284
1,223
1,70
2,150
2,176
1,189
2,147
2,267
2,137
1,145
1,104
2,136
1,173
1,768
1,168
1,117
2,159
1,148
0,1000
2,175
1,123
2,111
2,281
2,196
2,173
2,217
0,1000
1,232
2,164
2,291
1,152
0,1000
1,130
2,224
0,1000
2,136
0,1000
2,146
1,118
1,159
1,174
2,192
1,66
1,206
2,127
2,288
1,172
1,347
1,60
1,188
1,239
1,176
0,1000
2,194
2,180
1,273
1,216
2,122
2,98
0,1000
0,1000
2,519
2,169
1,213
1,121
1,372
0,1000
1,217
1,201
1,153
1,192
1,229
1,243
2,154
1,156
2,103
1,176
0,1000
1,125
2,291
2,201
1,640
1,206
1,160
1,152
2,178
2,125
1,229
1,208
0,1000
2,156
0,1000
1,224
2,451
1,151
2,244
1,496
2,162
2,222
1,227
2,162
1,129
1,150
2,181
1,184
2,279
2,253
1,182
1,136
1,228
2,536
1,186
2,288
1,198
1,175
1,163
0,1000
2,170
2,226
2,140
2,269
2,238
1,119
1,174
2,167
1,185
2,122
0,1000
1,235
2,144
2,242
1,173
0,1000
1,226
1,143
2,199
1,179
1,239
0,1000
1,126
0,1000
2,217
2,159
1,575
0,1000
1,319
1,312
1,222
0,1000
2,125
2,123
2,266
1,157
1,168
2,142
1,170
1,197
1,204
0,1000
2,389
1,100
2,158
2,217
1,133
1,181
2,384
2,122
2,301
1,133
1,252
2,478
2,130
2,89
2,156
1,245
2,139
2,157
0,1000
2,186
2,232
2,351
2,235
2,141
1,192
1,161
1,522
1,340
1,207
0,1000
1,168
2,232
2,133
2,205
2,152
0,1000
1,183
2,141
1,138
2,231
1,222
2,261
2,136
1,171
2,211
1,573
1,129
1,181
2,154
1,321
1,241
1,147
2,140
1,163
0,1000
1,101
1,251
1,196
1,192
1,69
1,176
1,173
1,230
1,192
1,132
1,310
1,270
2,183
2,132
1,171
2,281
1,255
2,210
1,123
1,212
0,1000
1,239
2,275
1,326
2,288
1,67
0,1000
1,186
1,273
2,270
2,153
2,152
2,391
2,190
0,1000
1,222
1,184
2,177
2,189
1,141
2,99
2,414
2,174
2,259
2,156
1,161
2,180
1,181
2,206
1,172
2,409
2,112
2,146
1,162
0,1000
2,158
2,206
2,218
1,148
1,74
2,234
2,381
1,150
1,130
2,231
1,169
2,397
2,177
0,1000
2,341
2,169
2,266
2,148
1,133
0,1000
1,81
0,1000
2,200
1,778
1,137
1,172
0,1000
2,176
1,100
2,265
1,241
0,1000
2,201
1,187
1,145
0,1000
2,133
2,146
2,223
2,362
2,149
2,125
1,94
0,1000
2,176
2,156
1,131
1,186
2,739
1,237
0,1000
1,131
1,168
0,1000
2,255
2,145
2,264
2,180
2,232
2,235
0,1000
2,169
1,253
2,210
0,1000
1,183
2,214
1,173
0,1000
2,170
2,346
0,1000
2,149
1,104
2,156
2,167
2,150
2,187
1,234
2,152
2,148
2,164
2,215
2,199
1,191
2,142
1,186
2,183
1,222
1,167
2,195
2,117
0,1000
2,186
1,127
1,114
1,164
1,226
1,490
2,204
1,178
2,113
2,148
1,677
2,101
2,209
2,122
1,200
2,39
1,177
1,175
2,534
1,144
2,300
2,216
2,223
1,219
2,119
1,104
2,207
1,127
2,158
2,117
2,401
1,246
2,125
2,187
2,229
2,197
2,156
2,115
1,375
1,197
1,429
1,112
1,364
1,140
2,106
2,117
1,156
1,179
1,203
2,119
2,158
2,288
2,180
0,1000
1,302
1,144
1,85
2,128
2,119
1,137
2,187
1,166
1,153
1,82
1,165
1,171
1,162
2,229
1,650
1,207
1,285
2,180
0,1000
0,1000
2,118
1,308
2,254
1,215
1,325
1,204
2,181
0,1000
2,116
0,1000
1,179
1,126
2,157
1,140
1,98
1,332
1,146
2,256
2,292
2,173
1,353
1,193
2,193
1,149
2,145
1,152
2,203
1,189
2,102
2,145
1,121
2,139
2,182
2,235
2,207
2,221
2,185
2,171
2,196
1,147
2,195
1,223
1,458
2,172
1,194
0,1000
1,463
2,132
1,82
1,115
2,124
2,221
1,105
2,200
1,333
1,173
1,662
2,166
2,199
1,175
1,165
2,194
1,199
1,166
1,256
1,244
2,195
1,159
0,1000
1,88
2,173
1,148
1,178
2,113
0,1000
0,1000
1,212
2,275
1,184
1,183
2,155
1,138
1,249
0,1000
1,205
2,162
1,168
2,207
1,129
0,1000
1,219
0,1000
2,172
0,1000
1,137
1,519
1,116
2,156
1,186
1,265
2,263
1,218
2,196
0,1000
1,183
1,129
0,1000
1,231
1,163
0,1000
1,107
1,139
1,113
2,190
2,173
2,163
1,144
2,84
1,200
2,138
2,227
1,110
1,161
1,179
1,151
1,223
1,150
1,158
1,180
1,135
2,193
2,151
1,164
1,196
1,207
2,130
2,197
1,126
2,275
2,109
2,153
1,220
0,1000
1,219
2,194
2,111
2,295
1,218
0,1000
2,229
2,241
2,215
2,394
1,120
0,1000
2,121
2,199
1,337
2,111
2,231
1,274
2,208
1,166
2,163
2,180
0,1000
1,183
2,248
2,113
0,1000
2,130
2,170
2,159
0,1000
1,130
2,402
1,373
1,165
1,159
2,132
1,253
1,120
1,125
1,299
1,134
1,174
1,112
1,209
1,144
0,1000
2,159
0,1000
2,159
2,105
2,146
2,259
1,160
1,85
2,128
1,199
1,170
2,192
1,135
0,1000
2,111
2,217
1,253
2,292
0,1000
0,1000
1,132
1,132
1,176
2,118
2,230
2,257
2,235
1,160
1,204
2,150
0,1000
2,179
1,179
2,128
2,184
2,336
2,246
1,151
1,263
1,179
2,124
2,110
2,254
2,313
1,156
2,214
2,146
1,142
1,144
1,134
1,339
1,454
2,399
1,146
0,1000
1,128
2,227
0,1000
0,1000
2,134
2,163
2,341
2,261
0,1000
1,181
1,222
2,293
1,144
2,130
0,1000
2,230
2,91
0,1000
1,204
2,202
2,184
2,123
2,121
1,189
1,136
1,152
1,185
2,176
2,266
2,174
2,188
2,193
1,80
2,94
1,150
2,258
1,158
1,221
2,201
1,151
1,236
2,265
2,185
1,98
2,346
0,1000
2,192
1,105
1,169
1,132
2,333
2,297
2,142
1,177
2,154
1,387
2,111
2,192
1,229
2,170
1,197
2,190
2,195
2,165
2,220
1,110
2,115
2,197
1,212
1,197
1,344
1,147
1,213
0,1000
1,179
0,1000
1,175
2,128
2,128
0,1000
2,133
1,90
2,386
0,1000
1,314
1,124
2,112
0,1000
2,104
2,161
1,235
1,111
0,1000
1,96
2,315
2,111
1,126
2,203
2,284
1,217
1,147
2,218
1,187
2,117
1,220
2,386
1,457
0,1000
1,181
2,221
2,118
2,148
1,170
2,235
0,1000
1,223
0,1000
1,198
1,233
1,177
2,179
2,259
2,113
2,129
2,177
1,234
2,171
1,880
1,215
1,183
0,1000
1,191
2,138
1,521
1,183
1,340
2,122
1,134
2,158
1,271
2,151
2,259
2,182
2,165
1,44
2,130
1,73
2,139
1,173
1,168
1,182
1,167
1,110
1,120
2,138
2,276
1,78
1,307
1,216
2,151
2,250
1,246
2,242
0,1000
0,1000
0,1000
0,1000
1,258
2,172
1,88
2,246
2,203
2,169
2,200
0,1000
2,185
1,206
0,1000
2,259
1,157
2,126
2,489
2,189
1,175
0,1000
2,147
2,130
2,84
1,123
1,266
2,143
1,144
2,211
1,339
1,252
2,163
0,1000
2,157
1,205
1,155
2,167
1,87
1,178
1,137
2,297
2,561
1,104
2,189
1,179
2,192
0,1000
2,183
2,174
0,1000
1,258
1,136
2,157
0,1000
1,137
1,129
1,220
0,1000
1,185
2,503
1,170
1,103
1,248
2,167
1,207
1,183
1,200
1,200
1,202
2,126
2,180
0,1000
2,156
1,164
2,162
1,80
2,188
1,248
1,227
1,73
0,1000
2,212
1,119
1,251
1,144
1,123
2,227
1,214
1,286
2,124
1,201
1,132
2,189
1,181
1,203
1,208
1,207
2,276
1,166
1,224
2,110
2,199
1,127
2,215
2,183
1,270
1,221
1,231
2,202
2,202
1,171
0,1000
2,297
1,654
0,1000
1,384
2,165
2,227
1,371
0,1000
0,1000
1,143
2,163
1,279
0,1000
1,179
1,123
1,183
2,106
1,235
1,139
2,97
2,142
1,149
1,211
1,196
1,136
2,155
1,227
2,181
1,92
2,201
2,129
2,179
1,237
2,241
2,257
1,188
1,220
2,520
0,1000
2,115
1,123
1,179
2,248
2,358
1,268
2,120
1,237
1,242
0,1000
0,1000
0,1000
2,171
2,591
2,169
2,298
1,258
1,352
1,193
2,164
1,171
2,111
1,228
1,204
2,375
1,203
1,155
1,154
1,236
1,91
2,127
1,296
2,195
1,172
1,281
2,279
2,287
1,125
1,173
2,168
2,134
1,362
2,128
1,237
2,100
2,142
1,134
0,1000
2,392
1,88
2,336
2,198
2,550
1,95
2,176
1,218
1,177
1,299
0,1000
2,202
1,138
1,154
2,175
1,313
2,149
2,212
2,134
2,170
2,145
2,103
1,184
0,1000
1,99
1,252
2,151
0,1000
1,213
1,149
1,179
2,209
2,278
1,134
2,175
2,224
2,181
2,53
2,196
0,1000
1,195
1,356
2,166
2,228
1,187
0,1000
1,313
2,262
2,311
2,898
1,265
1,147
1,147
1,186
2,119
1,295
2,213
2,116
2,221
2,140
0,1000
1,270
2,130
2,208
2,147
1,183
2,114
1,132
2,198
1,264
1,127
0,1000
2,126
1,151
1,163
1,664
2,404
2,190
2,754
2,275
0,1000
2,105
1,245
1,187
2,179
2,164
2,128
0,1000
1,177
1,253
1,113
1,258
1,228
0,1000
2,309
2,234
1,551
1,114
2,153
1,259
0,1000
2,146
1,178
2,194
0,1000
0,1000
2,132
1,168
2,285
2,197
2,229
2,169
2,324
2,157
1,168
1,448
1,186
2,520
2,192
2,126
1,119
2,180
2,135
2,265
2,130
2,196
1,157
1,314
1,75
1,162
1,90
2,117
0,1000
1,169
1,214
1,177
1,324
0,1000
2,184
2,182
1,134
2,63
2,181
1,148
1,99
2,178
1,167
2,174
0,1000
2,249
1,116
1,164
2,209
2,332
2,227
1,192
1,204
1,160
0,1000
1,229
1,151
2,106
2,191
0,1000
1,227
2,205
1,117
2,134
1,151
2,245
2,151
1,178
2,542
2,110
2,778
2,146
1,183
2,143
1,178
1,151
2,202
0,1000
2,160
1,214
1,212
1,274
2,221
1,199
0,1000
0,1000
1,229
1,124
2,114
2,158
0,1000
0,1000
2,152
1,209
2,170
0,1000
1,97
1,235
1,155
2,189
2,185
0,1000
2,179
1,111
2,143
1,109
2,165
1,201
2,219
2,86
1,145
0,1000
1,85
0,1000
1,271
2,124
1,221
2,125
2,135
0,1000
1,130
0,1000
1,355
2,193
1,160
0,1000
1,187
1,169
1,137
2,210
1,71
0,1000
1,147
2,376
1,92
2,318
2,116
2,103
0,1000
2,168
2,177
1,86
0,1000
0,1000
2,106
1,180
2,101
2,184
1,146
2,152
2,188
0,1000
1,149
1,183
2,226
2,120
0,1000
1,120
2,200
0,1000
2,190
1,365
0,1000
2,219
1,145
2,121
2,925
1,183
1,270
0,1000
1,181
2,111
1,184
1,116
2,193
0,1000
2,176
2,64
2,205
0,1000
1,180
0,1000
1,292
1,132
1,199
2,160
2,120
1,140
0,1000
2,113
1,237
2,133
2,161
1,169
1,196
1,158
2,95
2,620
2,207
1,128
2,590
1,192
1,207
2,165
1,196
1,132
2,134
1,134
2,248
2,141
1,141
1,192
1,320
1,311
1,66
2,179
2,238
2,129
1,198
2,292
1,198
1,118
1,115
2,156
1,198
0,1000
2,136
0,1000
1,189
2,161
2,228
0,1000
2,208
1,121
0,1000
2,104
2,127
1,165
2,125
1,139
1,338
2,202
2,157
1,158
2,190
1,148
1,226
1,412
1,167
2,156
2,128
1,187
2,105
1,350
2,193
0,1000
1,146
2,198
1,152
1,174
1,144
2,116
0,1000
1,113
1,329
2,112
1,306
2,174
2,224
1,168
2,213
2,268
1,309
1,159
1,80
2,182
2,466
1,155
2,177
1,102
2,191
2,326
1,187
1,202
2,121
2,331
1,226
1,216
0,1000
1,164
2,376
1,141
0,1000
1,238
0,1000
2,115
2,256
2,175
1,169
2,164
2,197
1,138
1,162
2,184
1,257
0,1000
1,259
2,345
2,192
2,154
2,251
2,160
2,202
2,178
1,116
2,163
1,92
1,192
1,106
2,321
2,165
1,96
2,119
0,1000
0,1000
2,235
1,151
2,203
1,170
1,143
1,260
1,177
2,220
1,77
1,184
1,423
2,192
1,156
2,266
1,170
1,182
2,138
1,146
1,145
1,283
2,140
2,189
2,120
2,116
1,136
2,153
1,209
0,1000
2,222
1,262
2,515
2,150
2,219
0,1000
2,140
2,436
0,1000
1,284
0,1000
2,137
2,202
1,233
1,136
1,101
0,1000
1,216
1,175
1,223
2,142
1,222
2,121
2,126
2,210
2,80
2,162
2,291
0,1000
2,158
1,238
1,209
1,240
0,1000
2,186
1,264
2,308
2,150
2,146
2,182
1,271
2,266
0,1000
2,434
1,154
2,160
1,149
2,150
1,506
1,134
1,173
2,115
1,393
1,165
2,163
0,1000
1,104
2,131
1,104
2,182
2,182
1,136
2,193
2,306
1,206
1,153
2,323
1,161
2,179
2,174
2,269
1,94
1,147
2,181
1,165
1,255
2,416
1,175
0,1000
2,231
0,1000
2,118
2,253
2,364
1,209
1,367
2,193
1,253
2,125
1,176
1,589
2,162
1,170
1,181
1,96
1,140
0,1000
0,1000
2,368
1,680
2,170
1,176
2,141
1,268
1,474
1,118
2,123
1,171
1,192
2,179
0,1000
2,124
1,135
1,153
0,1000
0,1000
1,237
2,146
1,394
1,124
2,171
2,180
2,424
1,131
2,186
1,663
2,175
1,159
2,243
1,139
2,202
2,148
2,200
2,139
2,231
2,108
2,218
0,1000
1,184
2,175
2,157
1,154
2,269
2,240
1,128
2,188
1,164
0,1000
2,170
1,253
2,298
1,467
1,62
1,230
1,99
1,155
1,179
0,1000
2,179
0,1000
2,146
2,189
1,188
2,157
1,325
0,1000
2,238
1,391
2,165
1,124
2,233
2,168
2,126
1,168
1,746
2,386
0,1000
2,207
1,243
1,187
0,1000
1,173
1,139
1,153
2,198
2,53
1,186
1,199
2,106
2,143
2,161
1,142
0,1000
1,275
1,224
2,323
0,1000
2,135
1,218
1,332
2,357
1,255
2,201
1,318
2,942
2,148
1,209
2,107
2,178
2,140
1,160
1,154
0,1000
1,187
2,281
1,256
2,226
2,190
1,148
2,109
0,1000
0,1000
2,157
0,1000
0,1000
1,316
1,148
0,1000
1,190
0,1000
2,117
2,135
1,121
2,267
2,207
2,716
2,143
0,1000
1,180
2,179
2,432
2,133
2,138
0,1000
0,1000
2,180
1,116
1,250
2,250
1,162
2,243
1,133
2,170
2,133
0,1000
1,146
2,116
2,148
0,1000
2,103
1,130
1,172
1,160
1,157
1,226
2,218
1,174
0,1000
1,166
0,1000
1,241
0,1000
0,1000
1,166
2,115
2,142
0,1000
2,173
2,171
0,1000
2,111
2,128
2,184
2,223
1,437
2,165
2,469
1,172
2,233
2,110
1,169
1,707
1,211
1,284
1,184
0,1000
2,181
1,161
2,416
2,119
1,124
1,157
2,159
0,1000
0,1000
2,236
0,1000
1,188
1,191
1,134
1,178
2,107
0,1000
1,171
0,1000
2,140
2,144
2,180
2,115
1,315
2,202
1,331
1,144
2,104
2,104
2,215
1,178
2,104
0,1000
1,192
2,129
1,198
2,171
2,96
2,276
2,143
1,184
1,181
2,273
2,206
2,496
2,119
1,150
1,270
2,175
1,230
1,119
2,167
2,112
2,279
0,1000
2,244
0,1000
2,278
2,128
0,1000
0,1000
2,431
2,154
0,1000
1,229
2,430
1,91
0,1000
2,148
2,187
1,154
2,149
2,145
0,1000
1,219
1,130
0,1000
1,159
1,224
0,1000
1,337
1,104
1,269
1,169
1,306
1,175
2,186
2,375
1,277
1,122
0,1000
1,142
1,214
1,188
2,363
2,91
2,147
2,283
2,111
2,145
2,301
1,217
0,1000
1,158
0,1000
1,167
0,1000
0,1000
2,149
2,122
2,85
2,237
1,294
1,249
1,222
1,191
1,177
1,151
1,263
1,233
1,190
2,149
2,202
1,145
1,136
2,190
0,1000
1,136
2,174
1,94
1,290
1,366
1,95
2,144
2,161
1,104
1,187
1,168
1,213
1,169
1,196
0,1000
2,203
1,230
1,393
2,116
2,261
2,107
0,1000
2,193
0,1000
1,158
1,174
2,170
2,175
0,1000
2,225
1,157
2,233
1,193
0,1000
1,146
1,179
1,175
1,160
1,157
0,1000
2,148
1,166
2,155
1,232
0,1000
2,120
1,104
1,174
2,300
0,1000
2,170
1,206
2,102
1,218
2,164
1,236
2,240
2,176
0,1000
2,279
2,194
0,1000
1,206
1,141
0,1000
0,1000
2,199
1,220
0,1000
1,453
2,172
1,119
1,108
0,1000
2,159
1,172
2,135
2,142
0,1000
1,306
1,300
2,178
1,134
0,1000
2,169
0,1000
1,106
0,1000
1,206
0,1000
1,162
2,217
2,116
2,207
1,163
2,211
1,81
2,221
1,187
1,170
1,227
1,317
2,183
2,126
1,157
2,250
2,195
1,215
1,144
2,219
2,282
0,1000
2,177
1,266
2,160
0,1000
2,110
1,296
2,318
0,1000
0,1000
1,212
1,228
2,239
2,204
0,1000
2,145
2,160
2,153
0,1000
2,199
1,277
1,189
2,202
1,162
0,1000
2,207
1,188
2,138
0,1000
2,220
2,210
2,141
1,766
1,236
2,206
2,987
0,1000
1,211
2,158
1,185
1,93
1,182
1,228
1,152
1,206
1,644
2,195
1,121
1,209
0,1000
1,206
1,90
2,186
1,198
0,1000
2,128
0,1000
2,164
1,127
2,102
1,188
2,103
2,333
1,184
2,182
2,165
1,296
2,446
0,1000
2,172
2,151
1,169
2,106
2,284
1,184
1,144
1,201
1,160
2,371
1,163
0,1000
2,998
1,230
1,141
1,93
1,189
2,225
1,192
0,1000
1,224
2,246
2,164
1,396
1,165
2,247
2,233
1,184
2,105
2,133
1,223
2,150
0,1000
2,130
2,95
2,111
2,240
1,173
2,174
2,80
0,1000
2,173
1,93
2,290
1,112
2,198
2,444
2,113
2,206
2,396
2,360
2,278
0,1000
1,145
1,217
2,124
2,124
1,154
2,242
1,173
2,212
2,273
0,1000
1,202
1,147
2,144
0,1000
1,133
0,1000
1,137
1,106
2,129
2,152
2,111
2,176
1,176
1,137
2,108
0,1000
1,223
2,214
1,217
2,277
2,141
2,164
1,262
2,158
1,124
1,272
2,141
2,168
1,247
2,187
2,184
2,279
1,252
1,179
1,192
2,122
1,218
1,235
2,148
2,180
2,211
2,138
1,87
2,168
1,636
1,150
2,146
1,242
1,150
1,396
2,139
2,120
2,313
2,221
2,278
1,177
0,1000
2,110
1,127
2,209
2,319
2,82
0,1000
1,139
1,147
1,168
1,193
1,89
2,446
2,104
1,253
2,191
1,136
1,133
1,156
1,599
0,1000
1,370
2,403
1,127
2,245
2,224
2,166
2,194
2,193
0,1000
2,379
2,151
1,166
1,175
1,238
2,352
1,203
2,174
2,334
2,162
1,216
2,220
2,237
1,273
1,180
1,93
2,73
2,182
1,103
1,261
2,219
1,204
2,367
2,138
2,120
1,161
2,409
1,175
2,362
0,1000
1,122
2,258
2,197
1,94
1,233
1,149
1,218
1,163
2,182
2,173
2,531
2,210
2,316
2,149
1,269
1,279
1,142
2,105
2,182
2,116
2,78
1,165
2,138
2,224
2,288
1,157
1,149
2,145
2,118
1,630
2,160
1,118
1,120
0,1000
2,145
1,141
1,166
2,263
1,177
1,205
2,109
2,194
2,156
1,201
2,149
2,160
1,272
2,119
2,281
0,1000
2,170
0,1000
2,195
2,106
2,140
2,166
1,577
1,240
2,188
2,160
1,367
2,180
2,248
2,302
1,191
1,227
1,199
2,169
1,246
2,155
1,428
1,144
1,180
1,207
2,224
1,160
2,153
2,181
2,215
1,135
0,1000
1,182
1,276
1,127
2,161
1,165
0,1000
1,241
2,163
1,142
1,177
2,89
2,194
2,263
2,106
1,129
1,162
2,564
1,96
2,249
1,235
1,149
1,92
2,161
2,179
2,59
1,228
1,208
2,271
0,1000
2,126
1,193
1,184
0,1000
2,145
0,1000
2,184
2,226
2,332
2,234
1,223
2,203
2,170
1,165
2,133
0,1000
1,122
1,214
2,82
0,1000
2,163
1,150
1,329
0,1000
2,197
1,195
1,341
1,207
2,171
2,190
1,375
2,134
2,135
2,140
2,156
1,208
1,254
0,1000
2,239
2,99
0,1000
2,113
2,125
1,326
2,183
2,158
1,138
0,1000
2,207
0,1000
0,1000
2,194
1,195
1,157
1,137
1,114
1,213
2,142
0,1000
0,1000
2,334
2,238
1,158
1,133
2,160
2,97
1,343
2,186
1,174
1,305
2,601
0,1000
0,1000
2,146
0,1000
1,306
1,132
1,127
1,236
1,160
1,221
2,112
0,1000
2,259
1,183
2,186
2,361
2,149
1,397
1,152
2,102
0,1000
1,125
2,541
1,198
0,1000
2,137
2,115
0,1000
1,136
1,145
1,126
2,126
2,269
2,146
1,352
2,273
2,146
1,148
0,1000
1,178
2,181
2,196
2,173
2,207
1,248
1,318
2,117
1,338
1,284
1,163
2,116
2,117
1,287
1,123
2,117
1,222
1,184
1,136
0,1000
1,154
2,183
1,123
1,220
1,380
1,153
0,1000
1,145
1,87
2,338
2,161
1,177
1,149
1,112
1,151
2,337
0,1000
2,134
0,1000
2,141
0,1000
1,248
1,243
1,245
2,156
1,97
1,154
2,144
1,141
2,444
1,197
0,1000
2,121
1,136
1,179
2,164
2,143
2,112
0,1000
1,175
2,345
0,1000
1,80
1,228
1,86
1,181
1,192
2,240
0,1000
0,1000
1,239
2,73
0,1000
1,158
1,96
2,168
1,125
2,224
2,149
2,142
1,77
1,137
1,226
2,144
1,115
2,173
2,148
2,132
2,168
1,200
1,139
2,115
1,155
2,166
1,142
1,183
1,223
0,1000
1,168
2,386
2,400
2,142
2,187
2,168
0,1000
0,1000
1,139
1,129
1,235
2,244
1,126
1,205
0,1000
1,212
0,1000
2,199
1,172
1,111
0,1000
1,179
2,107
2,191
1,217
2,120
2,133
1,98
1,164
1,136
2,152
2,476
1,215
1,204
2,415
1,163
1,131
1,160
1,101
2,76
1,192
1,175
1,148
1,170
2,228
2,196
2,532
2,143
1,174
0,1000
1,186
1,87
2,93
2,139
2,118
1,186
2,338
1,155
1,309
0,1000
2,126
2,146
2,265
2,177
0,1000
2,209
1,174
2,242
2,227
0,1000
2,206
2,215
2,203
1,177
1,198
2,142
2,124
2,207
1,215
1,84
0,1000
2,117
0,1000
1,173
0,1000
2,200
1,184
2,171
2,99
1,105
2,118
1,155
2,165
1,97
1,182
1,252
2,151
2,168
1,344
1,379
1,226
2,124
2,89
1,153
2,141
2,530
2,98
2,138
1,229
1,66
1,281
0,1000
1,351
1,215
0,1000
2,208
2,204
1,153
1,182
2,227
1,128
1,323
1,132
0,1000
2,178
0,1000
2,201
2,222
1,185
2,234
1,327
2,97
1,159
1,195
2,175
2,135
2,224
2,294
1,136
1,163
2,217
1,148
1,120
1,134
1,86
1,332
2,165
0,1000
1,462
0,1000
2,105
1,166
1,139
2,149
2,207
1,257
1,160
2,228
2,183
2,136
1,119
1,220
1,278
2,194
2,117
2,134
1,149
1,163
2,170
1,133
2,220
1,145
1,91
0,1000
1,166
1,273
1,345
0,1000
1,98
2,93
2,177
0,1000
2,144
2,289
2,127
1,190
1,138
1,629
2,113
2,175
1,285
0,1000
1,79
1,179
1,750
2,130
2,165
2,115
1,263
2,362
1,329
1,173
1,178
2,79
2,302
1,210
1,219
0,1000
2,135
1,124
2,93
0,1000
2,184
1,133
2,317
1,233
1,117
1,168
0,1000
2,199
2,230
2,157
1,175
2,216
2,138
2,155
2,176
1,292
2,133
0,1000
1,164
2,89
0,1000
1,221
2,218
1,83
0,1000
2,150
0,1000
1,117
1,134
0,1000
2,210
2,108
0,1000
2,163
0,1000
1,131
2,207
2,171
2,164
2,184
2,165
1,174
1,328
2,327
1,166
0,1000
1,180
1,171
2,235
1,168
2,137
2,150
1,163
0,1000
1,164
2,306
1,251
2,179
0,1000
2,87
2,124
0,1000
1,82
1,375
2,160
1,146
1,225
2,354
1,119
2,206
1,46
1,147
2,171
2,197
2,105
1,124
2,193
1,191
0,1000
1,568
0,1000
1,268
2,196
2,108
2,168
0,1000
1,141
0,1000
2,249
1,260
2,739
2,365
2,193
2,157
1,95
0,1000
0,1000
2,270
1,129
2,103
0,1000
2,170
1,173
1,109
1,213
1,235
1,182
2,159
1,162
1,210
2,118
0,1000
1,177
2,178
1,241
1,105
1,137
2,347
1,167
0,1000
1,207
1,316
2,255
2,179
1,143
1,181
1,124
1,239
0,1000
2,406
1,142
2,118
1,106
1,154
1,205
2,239
1,141
1,139
0,1000
1,156
1,143
1,166
1,97
1,212
2,126
2,159
1,91
2,736
1,421
2,178
0,1000
1,166
1,264
1,167
2,147
2,220
2,155
0,1000
2,185
1,201
1,140
1,111
1,117
0,1000
0,1000
2,185
0,1000
1,182
1,64
2,149
1,199
0,1000
1,104
0,1000
2,142
1,122
0,1000
1,550
1,105
1,111
1,99
2,146
1,127
1,388
0,1000
1,106
2,124
1,149
1,208
2,883
1,231
1,184
1,141
2,225
1,855
2,219
1,163
2,197
2,118
2,184
1,168
0,1000
2,156
1,194
1,218
0,1000
2,119
2,191
1,268
2,167
1,275
2,617
2,270
2,108
2,45
2,171
0,1000
2,267
2,134
1,254
2,698
1,143
1,137
1,169
1,102
1,129
1,188
2,268
2,171
2,202
1,175
0,1000
2,126
2,167
1,195
2,129
2,188
2,127
2,140
1,247
2,231
2,161
2,114
0,1000
2,201
2,159
2,113
1,117
1,248
1,145
1,207
1,390
2,163
2,241
1,252
2,247
2,131
1,145
0,1000
0,1000
2,118
0,1000
1,134
2,187
0,1000
1,172
1,170
2,162
2,168
2,264
1,210
2,260
0,1000
1,378
2,154
2,133
1,196
1,218
1,196
1,432
1,397
2,170
0,1000
2,184
0,1000
1,170
2,182
2,169
1,141
2,76
2,153
1,207
1,273
1,200
2,217
2,143
1,186
1,129
2,320
1,333
2,189
1,253
0,1000
0,1000
1,125
2,95
2,383
1,132
2,140
2,120
2,213
2,643
1,152
2,130
1,239
1,117
1,109
1,118
1,151
2,159
2,137
2,151
2,405
1,254
1,157
1,253
1,111
2,175
2,232
1,405
1,156
0,1000
2,203
2,133
1,494
2,279
2,159
1,451
2,90
2,287
2,196
2,158
0,1000
1,156
2,232
2,359
1,578
2,198
1,144
0,1000
0,1000
1,142
1,121
1,96
1,90
1,131
2,232
1,172
1,142
0,1000
2,299
1,367
1,164
2,196
2,179
1,178
1,232
2,108
2,356
1,117
1,268
2,143
2,390
0,1000
1,189
1,166
1,157
2,203
2,136
2,89
2,302
1,280
1,225
1,300
1,126
0,1000
2,190
1,156
1,181
1,132
1,219
1,310
1,206
1,220
2,70
2,167
2,173
0,1000
0,1000
1,125
1,127
2,153
1,137
0,1000
2,195
0,1000
1,112
1,154
1,161
1,342
0,1000
0,1000
2,261
2,165
1,112
2,193
2,142
2,134
2,122
1,149
0,1000
2,348
2,171
1,142
2,140
2,261
2,203
2,286
2,156
2,172
2,162
1,206
1,157
1,138
2,299
0,1000
1,170
1,166
1,442
2,148
1,605
1,152
1,326
2,287
2,173
0,1000
1,132
2,203
1,103
2,185
1,194
0,1000
2,237
1,86
2,122
1,201
2,156
2,123
1,481
0,1000
1,242
0,1000
1,180
2,222
0,1000
2,131
1,181
1,311
1,204
2,178
2,263
2,377
2,185
1,108
2,116
2,243
2,297
1,477
1,152
1,98
2,132
1,335
1,255
2,144
0,1000
1,264
1,157
2,179
1,148
2,93
1,128
1,164
2,141
1,611
1,127
1,236
1,169
1,129
1,124
1,104
0,1000
1,64
1,145
1,190
1,162
1,148
2,401
1,162
2,283
1,104
1,127
2,257
2,300
2,148
1,95
1,131
2,107
1,88
1,147
1,251
0,1000
2,114
1,207
1,87
1,381
2,179
2,302
2,185
1,232
0,1000
0,1000
2,159
2,129
0,1000
0,1000
1,182
0,1000
2,177
1,209
1,96
2,579
1,189
1,229
2,332
1,159
1,179
1,144
1,136
2,140
1,226
0,1000
2,143
2,446
1,213
1,448
0,1000
1,231
2,234
1,179
2,160
2,155
1,216
2,132
1,372
1,62
0,1000
1,211
1,132
1,77
2,163
1,196
2,200
1,178
1,95
2,287
2,117
1,295
2,155
1,160
2,152
2,148
2,201
2,137
2,304
2,358
1,174
2,303
1,142
2,172
1,207
2,170
1,155
2,163
2,319
2,137
2,169
2,128
2,197
1,181
2,130
1,279
0,1000
1,326
2,198
0,1000
1,206
2,164
2,272
2,104
2,178
2,171
1,181
0,1000
2,172
0,1000
2,183
2,202
2,286
0,1000
1,204
2,164
1,253
2,230
0,1000
1,212
1,142
2,116
2,308
1,158
1,476
1,120
1,166
1,261
2,208
1,155
1,213
0,1000
1,185
2,163
2,257
1,289
1,301
1,121
1,191
1,218
1,132
0,1000
1,254
0,1000
0,1000
2,205
1,117
2,161
2,203
2,156
1,300
2,147
1,373
1,119
2,369
1,365
2,141
2,140
2,250
1,159
2,145
1,243
1,122
2,216
2,349
1,196
1,306
1,160
0,1000
2,222
2,179
2,157
2,434
2,147
2,165
2,214
0,1000
1,255
2,159
2,200
2,143
1,137
1,329
0,1000
2,144
2,195
0,1000
1,801
1,171
1,113
1,342
2,175
2,208
1,200
2,194
1,566
2,180
2,198
2,199
2,156
1,145
1,155
1,190
1,177
2,330
0,1000
2,121
2,201
1,223
1,99
1,422
0,1000
1,136
1,157
2,209
1,219
2,232
2,104
1,214
2,219
1,150
2,422
1,123
2,216
1,141
1,290
2,222
2,463
0,1000
1,112
1,209
0,1000
2,129
1,205
0,1000
2,204
1,142
2,191
2,153
1,94
2,156
1,123
2,145
1,151
2,185
2,230
2,192
1,195
1,202
1,187
2,159
0,1000
2,174
1,170
1,185
2,231
1,202
2,123
2,158
2,140
1,106
2,123
1,154
0,1000
1,127
2,120
2,191
1,136
2,172
2,319
0,1000
1,184
1,142
1,152
1,274
1,115
1,120
1,201
1,117
1,228
0,1000
2,180
2,122
1,242
1,319
2,350
2,131
2,189
2,160
1,136
1,333
0,1000
2,194
1,148
0,1000
2,144
1,113
2,201
1,111
2,173
1,127
2,92
0,1000
2,280
0,1000
2,742
2,295
1,273
2,145
1,127
2,409
2,133
1,149
1,192
2,573
0,1000
1,137
0,1000
0,1000
1,235
1,196
2,195
0,1000
2,300
1,154
2,141
1,241
1,312
1,185
1,184
1,211
2,188
2,394
1,188
2,157
2,736
2,449
2,114
1,124
2,171
1,264
2,273
2,176
1,133
1,124
2,153
2,188
1,136
1,165
2,133
2,241
2,194
1,167
2,130
2,124
2,185
2,144
0,1000
1,103
1,153
1,266
2,178
0,1000
2,639
1,325
1,186
2,118
2,343
1,701
1,147
1,275
2,284
1,162
2,203
2,146
1,171
2,174
0,1000
2,152
1,213
2,500
1,178
1,109
2,176
0,1000
2,187
1,188
1,168
0,1000
1,222
2,130
1,78
2,128
1,160
0,1000
2,196
1,149
1,128
1,175
1,207
2,180
2,330
1,123
0,1000
2,206
1,141
2,241
2,188
2,144
1,177
1,159
1,166
0,1000
1,96
0,1000
2,138
2,265
1,138
1,203
1,238
2,148
2,124
2,185
1,293
2,331
1,184
1,163
0,1000
0,1000
2,297
1,123
2,484
1,116
2,235
0,1000
1,143
1,283
0,1000
2,134
1,226
2,170
1,234
2,190
2,184
1,95
2,131
2,221
2,140
2,216
2,279
1,221
2,207
2,128
2,253
2,345
1,125
0,1000
2,161
1,134
2,185
2,164
1,185
1,334
1,163
2,218
2,156
2,124
2,214
1,205
2,187
1,114
2,114
2,158
0,1000
1,319
2,140
0,1000
1,106
2,105
2,123
1,104
1,191
2,125
1,178
1,336
1,185
2,211
2,285
2,206
1,151
1,160
2,205
0,1000
2,174
2,648
2,330
2,111
1,301
1,141
1,267
2,154
1,99
0,1000
1,231
1,339
1,227
2,184
0,1000
1,159
2,156
1,703
0,1000
1,215
1,208
2,159
0,1000
0,1000
2,198
1,660
2,131
2,128
1,176
2,186
1,134
1,173
0,1000
1,200
0,1000
2,368
1,159
1,295
1,214
1,178
0,1000
2,129
2,110
2,171
2,205
0,1000
1,165
1,164
2,239
0,1000
1,108
2,159
2,93
1,132
2,167
0,1000
2,202
0,1000
1,108
1,181
1,191
2,138
2,124
2,356
2,304
1,315
1,244
2,577
1,263
2,157
1,206
1,224
2,177
1,160
0,1000
2,191
1,161
2,195
2,218
0,1000
2,119
2,175
1,301
2,106
2,222
1,204
0,1000
1,254
1,197
2,240
2,177
0,1000
2,106
2,136
1,161
2,319
1,253
2,103
0,1000
2,469
2,170
1,236
1,129
1,233
0,1000
0,1000
0,1000
1,201
2,186
2,151
2,121
1,315
1,240
2,183
1,216
0,1000
1,118
2,157
2,92
2,198
2,103
1,136
1,84
1,214
1,167
1,179
2,141
1,136
0,1000
1,340
2,186
1,172
2,217
1,207
2,135
1,144
1,244
2,143
0,1000
2,352
1,240
2,172
2,813
1,157
2,164
2,548
1,293
2,139
1,151
2,140
1,302
2,319
2,103
1,166
0,1000
1,168
2,126
2,167
0,1000
1,162
1,136
0,1000
1,194
1,169
2,589
1,251
1,226
2,201
1,260
2,100
2,127
2,106
1,155
1,196
2,131
1,144
2,134
0,1000
1,108
0,1000
1,563
0,1000
2,103
0,1000
2,270
1,102
1,230
1,127
1,622
2,285
2,141
1,340
1,146
2,157
1,147
1,253
1,170
2,230
1,234
1,223
1,178
2,152
1,544
2,595
1,176
1,150
2,167
2,684
0,1000
1,211
2,344
0,1000
1,134
2,152
2,135
1,219
2,128
0,1000
1,256
1,131
2,166
2,285
1,162
2,154
1,139
2,300
2,108
2,194
0,1000
0,1000
1,111
2,140
1,197
1,65
1,118
2,415
1,176
1,249
1,149
1,188
1,188
1,148
1,281
1,266
0,1000
1,193
0,1000
1,479
0,1000
2,166
0,1000
1,288
1,281
2,206
1,684
0,1000
2,116
2,252
1,208
2,189
1,256
2,150
0,1000
2,149
2,206
0,1000
1,299
1,109
2,120
2,293
2,227
2,99
2,236
2,127
0,1000
2,196
0,1000
2,80
2,182
1,158
2,264
1,166
2,149
2,171
2,176
2,185
0,1000
2,184
2,189
1,148
2,187
1,307
2,118
1,209
2,349
2,173
1,343
1,114
1,216
1,828
2,205
1,161
2,201
0,1000
0,1000
1,151
1,159
2,241
1,194
1,176
1,219
1,195
1,179
2,202
1,138
2,120
2,91
2,116
2,137
1,212
1,197
0,1000
2,184
0,1000
0,1000
2,354
2,210
1,109
2,137
0,1000
1,162
1,96
1,293
2,228
2,297
2,118
2,206
2,228
1,279
2,135
0,1000
1,323
2,126
0,1000
2,106
2,186
1,159
0,1000
2,199
2,227
2,181
0,1000
2,178
0,1000
1,226
1,171
1,182
2,98
1,177
1,391
2,115
2,193
2,547
1,176
1,70
2,149
1,123
0,1000
1,73
2,127
2,119
0,1000
2,145
1,107
2,98
1,157
1,274
2,133
1,151
1,150
2,188
1,138
1,198
1,134
2,91
1,293
0,1000
2,285
2,150
2,256
1,160
1,565
1,129
1,101
1,222
2,143
2,486
2,235
1,206
0,1000
2,213
0,1000
2,153
1,227
2,151
1,239
1,198
1,297
0,1000
2,305
2,602
1,134
1,183
1,145
0,1000
2,153
0,1000
2,255
1,89
2,114
2,191
2,170
2,168
2,124
1,104
2,117
1,179
2,108
1,108
1,243
1,229
0,1000
1,114
1,192
1,175
1,200
1,210
1,134
1,100
2,253
2,468
2,159
2,73
1,275
2,129
2,122
1,78
1,343
1,123
1,111
1,83
1,117
2,122
0,1000
2,111
2,126
1,254
1,181
2,81
2,203
2,198
1,332
1,220
1,227
2,120
2,136
1,112
1,188
1,141
2,101
1,216
2,148
2,286
1,214
1,189
2,216
2,543
1,292
2,172
2,139
1,253
2,293
1,245
2,153
2,168
1,145
2,128
1,189
2,213
1,268
2,155
2,526
1,178
1,140
1,255
0,1000
0,1000
2,233
1,495
1,199
2,166
2,88
1,149
2,168
0,1000
1,182
2,108
1,255
1,156
2,254
1,359
1,212
1,304
2,94
1,113
0,1000
2,232
1,91
2,151
2,282
2,174
2,205
1,194
2,184
1,203
1,127
1,172
2,103
1,171
1,141
1,433
2,372
1,200
2,146
2,211
0,1000
1,217
2,145
0,1000
2,166
1,247
2,232
1,222
2,181
1,194
1,186
1,166
1,119
2,87
2,96
1,71
2,166
0,1000
1,180
1,167
1,175
0,1000
1,224
2,170
1,100
2,229
1,154
1,184
2,251
1,148
2,266
1,109
2,154
2,174
2,104
0,1000
2,178
1,94
2,280
2,117
2,263
2,206
1,176
1,138
2,119
2,173
2,150
2,237
2,186
2,239
0,1000
1,180
2,241
1,138
2,88
1,148
2,143
2,136
2,195
2,104
2,172
2,150
2,266
1,165
1,88
1,153
2,140
2,291
1,148
1,136
1,107
2,209
1,164
1,286
1,113
2,461
0,1000
0,1000
2,146
0,1000
1,188
1,161
2,172
0,1000
2,393
2,144
2,152
2,145
2,233
1,95
0,1000
1,176
2,183
2,121
1,178
1,191
2,301
1,195
1,390
2,224
1,148
1,205
1,100
1,164
1,221
2,136
2,153
1,227
2,233
1,240
1,214
1,165
1,150
0,1000
1,127
2,226
1,317
2,893
1,211
2,148
1,198
1,314
1,290
0,1000
1,159
2,266
0,1000
1,130
1,368
2,257
2,116
2,186
1,139
0,1000
1,170
2,74
2,71
2,197
2,178
2,155
0,1000
1,181
0,1000
1,142
2,179
1,110
2,278
0,1000
1,117
0,1000
0,1000
2,195
2,264
2,124
2,187
0,1000
2,180
2,564
1,129
1,150
2,332
0,1000
1,274
1,278
2,127
2,156
2,280
1,167
2,254
2,227
2,229
1,142
2,230
1,105
2,261
1,399
2,326
2,243
2,76
2,129
1,185
2,164
2,156
1,156
0,1000
1,192
2,238
1,151
1,266
2,218
1,132
2,134
2,211
1,186
2,130
2,451
2,285
0,1000
2,125
2,106
1,157
2,538
2,410
0,1000
2,159
1,149
2,156
2,194
1,111
2,219
1,267
1,220
1,139
1,163
0,1000
1,138
1,313
1,344
1,267
2,203
1,110
1,105
0,1000
2,161
1,112
0,1000
1,172
0,1000
1,182
1,195
1,117
0,1000
2,474
1,185
2,226
1,115
1,141
1,102
1,140
2,177
2,86
1,124
2,143
1,235
2,175
1,186
2,410
2,168
2,682
1,177
2,165
1,85
2,159
0,1000
1,273
2,211
1,155
2,141
2,160
2,163
1,196
2,116
1,233
1,179
1,123
1,202
2,166
1,88
2,108
1,210
0,1000
2,173
1,198
1,106
1,169
0,1000
2,183
1,248
2,162
0,1000
1,228
2,110
1,181
1,266
2,407
1,195
2,178
1,148
1,222
1,273
2,501
1,114
1,176
2,156
2,135
1,144
1,197
1,177
1,288
1,173
1,178
2,259
2,150
2,195
1,132
2,261
2,224
2,144
1,134
1,268
2,122
2,135
1,205
0,1000
2,169
0,1000
1,219
2,163
2,172
1,86
1,252
1,195
1,105
1,128
1,126
1,259
2,139
1,98
0,1000
0,1000
1,89
1,141
2,187
1,200
2,253
1,897
2,142
2,613
0,1000
0,1000
2,190
2,131
2,143
1,154
2,176
2,142
2,108
2,323
1,190
1,267
0,1000
2,166
2,194
2,97
1,237
2,138
2,402
2,142
0,1000
2,213
1,83
2,171
1,226
2,169
1,284
2,277
1,153
2,194
2,180
2,130
2,282
1,167
1,140
2,172
1,282
2,170
1,145
2,84
2,256
1,170
1,230
1,315
1,128
1,179
2,176
1,178
0,1000
0,1000
1,137
2,157
2,195
2,173
2,220
1,146
2,153
2,246
1,116
0,1000
1,249
1,107
1,226
2,167
1,119
1,128
2,217
2,189
1,104
1,160
2,159
0,1000
1,122
1,239
1,196
2,330
1,152
0,1000
2,145
2,205
1,71
2,165
2,199
1,85
1,133
1,127
1,212
2,178
1,197
1,187
1,196
2,106
2,157
1,246
2,233
0,1000
2,95
2,184
0,1000
0,1000
1,251
2,253
2,187
1,194
2,185
1,168
0,1000
1,185
2,120
1,139
1,273
1,119
2,111
0,1000
2,143
2,179
2,265
1,199
1,174
2,129
1,133
2,214
2,77
2,145
1,224
1,168
2,150
2,153
0,1000
0,1000
2,210
2,152
1,92
2,181
1,287
1,112
1,226
0,1000
1,126
2,184
1,163
0,1000
1,320
2,193
1,170
2,226
1,141
1,126
2,122
1,174
1,133
2,171
1,132
1,87
2,117
0,1000
1,214
2,165
1,235
1,226
1,83
1,149
1,326
2,127
0,1000
0,1000
1,282
2,187
1,191
2,138
2,179
1,343
2,139
1,152
2,161
2,169
0,1000
2,120
1,130
1,313
2,159
2,117
0,1000
2,490
1,342
0,1000
2,191
0,1000
1,89
2,154
2,228
0,1000
1,97
2,198
1,433
2,216
0,1000
2,187
0,1000
2,190
0,1000
1,112
1,136
0,1000
1,154
1,164
1,137
1,93
0,1000
0,1000
0,1000
1,170
0,1000
2,263
1,142
0,1000
0,1000
2,129
1,173
2,173
1,172
1,123
1,124
1,329
1,174
2,273
2,137
0,1000
2,208
1,224
1,156
1,184
2,280
1,259
2,127
2,182
2,169
2,227
1,190
2,198
1,108
2,195
2,159
2,203
2,290
1,309
1,285
2,176
2,169
1,126
1,200
2,246
0,1000
2,195
0,1000
2,148
0,1000
1,256
1,368
1,441
2,223
2,205
2,160
0,1000
2,203
1,180
1,190
1,142
0,1000
0,1000
0,1000
1,172
1,310
2,141
2,209
1,144
1,145
2,188
0,1000
2,257
1,174
2,334
2,281
2,210
2,221
1,165
1,234
0,1000
0,1000
1,167
2,155
2,199
1,180
1,193
2,550
1,84
0,1000
2,152
0,1000
0,1000
1,199
1,377
2,97
1,169
2,994
2,228
2,366
1,146
1,453
1,175
2,237
2,126
1,166
2,226
0,1000
2,533
1,193
1,111
2,206
2,156
1,184
1,210
1,77
1,211
2,213
2,251
2,189
2,171
2,301
1,177
2,154
0,1000
1,154
1,111
2,306
1,257
2,158
1,124
1,168
2,176
1,180
2,201
2,145
2,144
1,216
2,125
1,119
1,187
1,87
2,192
1,282
2,177
2,148
2,149
1,223
1,195
1,201
1,94
2,205
1,134
1,228
2,182
2,161
0,1000
1,158
1,267
1,220
1,204
2,191
2,169
2,139
2,151
1,188
1,140
1,125
1,134
2,164
1,183
2,131
2,342
1,129
2,97
2,121
1,145
1,121
1,139
1,140
2,209
2,183
2,274
2,136
1,136
1,167
1,171
1,235
1,233
2,250
1,164
1,326
0,1000
2,270
0,1000
1,288
0,1000
2,178
2,199
1,71
2,144
2,85
1,277
2,58
1,201
1,190
1,191
0,1000
0,1000
2,227
1,144
1,184
0,1000
1,225
1,156
2,168
1,139
1,228
1,212
2,410
2,178
1,140
0,1000
2,143
1,269
2,128
2,114
2,133
1,119
1,129
1,147
1,133
0,1000
1,110
1,218
2,131
2,114
1,194
2,134
1,87
1,139
1,349
1,183
2,152
0,1000
1,197
1,308
2,186
2,135
1,203
2,153
2,132
1,140
2,802
0,1000
1,121
0,1000
0,1000
0,1000
1,175
1,209
1,112
0,1000
1,185
1,123
1,125
2,247
0,1000
1,122
2,124
1,149
2,159
0,1000
2,207
2,313
1,103
1,407
1,702
1,159
1,218
1,185
0,1000
2,195
0,1000
1,158
2,282
0,1000
1,110
1,146
1,155
2,191
2,196
1,252
2,145
0,1000
0,1000
1,168
1,249
1,300
2,74
1,191
2,94
1,249
2,186
1,206
1,184
2,145
0,1000
1,89
2,215
1,146
0,1000
2,150
1,229
2,165
1,266
2,142
2,217
1,163
1,134
2,155
1,242
1,107
2,121
2,168
2,181
1,236
1,122
2,148
1,162
2,275
1,317
1,291
1,230
2,193
0,1000
0,1000
2,130
1,237
0,1000
0,1000
1,259
1,148
2,96
1,153
0,1000
2,161
2,202
2,170
2,208
0,1000
1,190
2,146
1,421
2,221
0,1000
1,108
1,156
2,236
2,147
1,173
2,184
2,230
2,283
0,1000
2,194
2,382
1,253
1,162
2,199
2,160
2,138
1,180
1,144
2,199
2,229
2,148
1,462
1,332
1,165
2,204
1,177
2,195
1,193
1,167
0,1000
1,350
0,1000
0,1000
1,97
2,168
2,118
0,1000
2,129
0,1000
1,220
2,77
1,207
2,198
2,143
2,181
1,128
2,234
0,1000
1,235
0,1000
1,155
1,163
1,464
1,150
1,204
2,137
1,138
1,333
0,1000
1,154
2,175
1,102
2,813
2,175
1,164
0,1000
1,490
1,232
2,237
1,242
1,176
2,178
2,119
1,133
2,166
1,88
2,156
2,184
0,1000
1,150
0,1000
1,99
1,275
1,188
2,112
1,204
0,1000
2,246
1,166
2,214
1,370
1,112
1,304
2,151
1,697
1,133
0,1000
1,126
0,1000
1,260
1,276
2,174
1,187
2,319
2,269
1,258
0,1000
2,311
0,1000
1,217
2,119
2,767
2,141
1,145
2,178
2,254
2,156
2,127
1,162
1,141
2,165
1,139
1,552
1,270
2,524
2,88
2,154
1,204
2,162
2,125
1,167
2,164
