2,128
2,210
2,173
2,122
2,163
2,190
2,206
2,166
2,212
1,226
1,120
2,64
1,103
1,172
2,162
2,93
2,223
1,166
1,109
2,126
2,116
1,98
2,81
1,193
2,104
2,158
1,204
1,145
2,163
2,124
1,177
1,152
2,178
1,166
1,210
2,57
1,218
1,211
1,126
2,125
1,169
2,127
1,223
1,130
2,252
2,185
1,201
2,247
1,178
1,219
1,143
1,227
2,80
2,127
1,225
2,262
1,110
1,166
2,172
2,187
1,133
2,180
1,197
1,298
1,150
0,1000
2,95
1,233
2,122
1,144
1,143
1,88
2,236
2,214
1,160
2,128
2,110
2,142
1,94
2,139
2,158
2,138
2,208
2,80
1,167
2,141
1,139
1,155
2,60
2,181
1,115
2,185
1,122
2,161
1,175
1,186
2,190
1,166
2,187
1,143
1,147
1,216
2,175
2,150
1,160
1,156
1,62
1,147
1,148
2,80
1,98
1,224
1,228
1,110
1,163
2,164
1,193
1,165
1,156
1,161
1,136
2,126
1,160
1,177
1,123
2,141
1,182
1,149
2,140
1,114
1,126
1,209
2,140
1,179
1,134
2,81
2,88
1,190
1,127
1,136
1,158
2,101
2,223
2,106
2,129
1,176
1,184
2,102
1,119
1,127
2,112
1,153
1,107
2,277
2,173
1,158
2,148
2,120
1,268
2,179
2,247
2,152
1,148
1,104
2,167
1,102
1,127
1,116
2,151
1,106
2,144
2,158
1,101
1,221
2,141
2,198
1,174
1,126
1,154
1,171
1,237
2,198
2,190
2,187
2,135
1,146
2,162
1,157
1,105
1,172
2,231
1,137
1,103
2,138
2,147
1,111
2,91
2,185
1,141
2,150
1,169
1,103
1,143
1,115
2,228
1,217
2,196
1,110
1,139
1,94
2,105
2,95
1,154
2,100
2,181
2,137
1,212
1,169
1,208
2,131
1,95
1,174
1,198
1,127
1,148
2,234
2,121
1,182
1,180
2,100
2,121
1,207
2,164
2,249
1,96
2,141
1,137
2,179
1,155
2,100
1,119
1,228
2,137
2,141
1,149
1,151
1,159
1,185
2,191
2,87
2,127
1,170
1,103
1,203
2,138
1,168
1,226
1,181
2,112
2,147
1,97
1,178
1,125
2,174
1,138
1,136
2,139
2,131
2,135
1,96
2,152
2,128
1,122
1,108
1,138
1,263
1,82
1,318
1,125
1,193
1,83
1,160
1,108
2,170
1,177
2,137
1,69
2,134
1,136
2,79
2,113
2,187
1,220
1,99
2,189
2,133
1,113
1,224
1,174
2,115
2,101
2,140
2,199
2,143
1,167
2,202
2,229
2,100
1,137
2,198
2,83
1,101
2,154
2,138
1,120
1,127
1,251
1,103
2,126
1,167
2,211
2,114
1,185
1,83
1,175
1,156
2,120
1,152
1,197
2,108
1,93
2,96
1,205
2,179
1,140
1,167
2,218
1,162
2,118
2,204
2,130
2,118
2,95
2,155
2,163
1,201
2,83
1,174
2,137
1,167
1,206
1,179
2,98
1,126
2,167
2,90
1,148
1,172
1,130
1,178
1,157
1,167
1,112
2,178
2,107
2,150
1,190
1,149
2,238
2,301
1,202
1,187
2,189
1,153
1,138
1,117
2,80
1,183
2,118
2,131
1,102
2,203
1,152
2,157
1,68
2,158
2,163
2,98
1,197
1,114
1,126
2,209
2,144
1,240
2,175
2,128
1,233
2,136
2,123
1,151
2,119
1,163
2,142
2,139
1,173
2,204
1,136
2,96
1,127
2,128
1,161
1,133
1,164
1,135
1,128
2,110
2,159
2,142
2,145
2,358
1,81
2,158
1,175
2,130
2,95
2,102
1,216
2,180
1,131
1,198
2,213
2,134
2,185
1,140
2,118
1,183
1,88
1,160
2,183
2,100
2,191
2,230
1,157
1,158
2,120
2,124
2,94
2,195
2,188
1,183
2,135
2,164
2,308
1,161
2,200
1,130
1,148
1,167
2,137
1,155
2,124
2,110
2,196
1,191
2,142
1,92
2,131
2,225
1,109
2,220
1,168
1,196
2,122
1,143
2,234
1,96
2,213
1,176
1,165
2,152
1,152
2,180
1,110
1,162
1,132
1,53
2,180
1,131
1,181
2,164
2,146
1,189
1,157
1,187
2,189
2,173
2,176
1,200
1,112
1,168
1,101
1,159
1,161
2,134
2,182
2,122
2,69
2,127
1,188
1,141
1,146
2,168
2,122
1,138
1,88
2,145
1,121
2,170
1,122
2,114
1,140
1,177
2,196
2,210
2,187
2,137
1,144
2,150
1,165
1,140
1,259
1,138
2,271
1,201
1,127
1,144
1,113
2,173
1,361
1,163
2,136
2,220
2,123
2,136
1,224
1,180
2,96
1,98
1,145
2,123
2,167
2,177
2,188
2,138
1,110
1,150
1,186
1,104
1,179
2,131
2,161
2,170
1,110
1,177
2,129
1,156
2,101
1,184
1,213
1,114
2,137
1,272
2,72
2,98
2,170
1,218
1,164
1,172
1,92
1,270
1,126
1,150
1,170
1,141
2,152
2,222
1,146
1,153
1,140
2,188
2,100
2,162
2,136
1,85
1,84
1,190
1,104
2,104
2,189
1,205
2,202
2,139
2,137
2,106
1,138
1,118
2,145
2,161
1,155
2,124
1,227
2,60
2,238
1,152
2,200
2,156
1,135
2,136
1,215
2,142
2,95
2,154
2,180
2,190
1,168
0,1000
2,107
2,101
2,187
1,131
1,215
2,118
1,162
2,110
1,210
2,201
2,175
2,193
1,121
1,144
1,53
1,187
2,122
2,180
1,220
1,201
1,130
1,154
2,172
2,174
1,135
1,171
1,148
2,172
2,134
2,75
2,122
2,230
2,160
2,184
2,122
1,131
2,142
2,164
1,175
2,141
1,164
2,247
2,165
2,201
2,156
2,135
1,204
1,378
1,132
2,180
1,203
1,182
2,180
1,151
1,153
2,185
1,178
2,120
2,115
1,356
2,79
1,131
1,162
2,78
2,127
2,146
2,178
1,168
1,238
2,135
2,161
1,161
2,141
2,211
1,141
1,183
1,137
1,87
1,177
2,187
1,118
1,123
1,199
1,159
2,129
2,166
2,154
1,234
2,176
1,150
1,142
1,135
1,181
1,203
2,66
2,160
2,155
2,189
1,175
2,196
2,122
2,123
1,213
1,182
1,144
1,159
2,184
2,158
2,152
1,188
1,176
1,207
2,174
1,150
1,96
2,113
1,237
2,191
1,133
2,136
1,155
1,199
2,173
2,174
1,183
1,279
1,141
2,133
1,150
1,116
2,125
2,91
1,155
1,106
2,140
1,180
1,158
2,182
1,179
2,152
2,167
1,192
2,129
2,243
2,191
1,143
2,134
1,136
1,140
2,194
1,137
1,115
1,134
1,257
2,197
2,210
1,193
2,140
1,136
1,163
2,140
1,138
1,99
2,157
1,116
2,115
2,184
1,119
1,228
1,179
2,160
1,246
1,173
1,186
1,179
1,153
1,125
2,130
2,170
2,173
1,166
1,61
2,216
2,156
1,126
2,132
1,115
1,131
1,117
2,108
2,146
1,125
2,166
1,196
1,141
1,129
1,166
2,127
2,160
2,121
1,160
2,122
1,150
2,147
1,208
1,110
1,155
1,203
2,133
2,192
2,112
2,142
2,95
2,104
1,214
2,239
1,136
1,182
2,152
1,182
2,92
1,113
2,130
2,147
2,56
1,129
2,126
1,70
2,190
1,121
1,162
2,135
2,219
1,172
1,264
2,144
2,146
2,119
2,125
2,121
1,110
2,176
2,204
1,205
2,173
1,188
1,89
2,228
1,234
1,160
2,116
1,148
1,158
2,128
1,142
2,176
1,164
1,210
1,171
2,123
1,154
1,207
1,236
1,96
1,138
1,222
1,98
2,199
1,322
1,208
1,232
1,111
2,229
1,169
2,178
2,154
1,152
1,114
2,160
2,223
2,217
2,186
1,155
1,166
2,115
2,107
1,100
2,189
1,198
2,89
1,107
1,148
1,196
1,144
2,204
1,148
2,127
2,170
2,226
1,212
1,106
2,168
1,151
2,178
2,131
1,245
2,167
1,237
1,133
2,151
2,134
1,180
2,173
2,192
2,196
2,110
1,175
2,119
2,196
1,249
2,166
1,92
1,176
2,178
1,197
1,133
2,180
2,231
1,158
2,185
1,240
1,136
1,147
1,154
2,131
1,182
2,119
1,180
2,194
1,122
1,138
1,119
2,117
1,88
2,113
1,156
2,237
2,204
2,162
2,198
1,174
1,308
1,125
2,151
2,189
2,138
2,104
1,164
2,173
1,137
2,223
1,193
1,182
2,148
1,140
1,134
2,131
1,117
2,134
1,262
2,174
1,100
1,125
1,166
2,172
2,108
1,207
1,107
1,220
2,169
1,176
2,187
2,167
1,157
2,97
2,212
2,149
1,155
2,149
2,48
2,113
2,133
2,129
2,135
1,159
2,136
1,100
2,182
1,128
2,117
1,219
2,134
1,133
2,151
2,124
2,131
1,181
2,181
2,166
1,163
2,166
2,144
2,110
1,141
2,166
2,177
1,154
1,211
2,174
2,161
1,165
1,144
2,72
2,117
2,107
2,154
1,185
1,119
2,224
1,162
2,112
1,146
2,131
2,178
2,157
1,113
1,110
2,149
2,151
2,232
2,160
1,176
2,141
2,159
1,214
2,157
2,170
1,118
1,193
1,141
1,150
2,136
2,202
1,184
2,126
2,89
1,89
1,162
2,117
2,280
1,110
2,88
1,133
2,164
2,166
1,146
1,188
1,107
1,115
1,201
2,111
2,153
1,132
1,118
1,104
1,171
2,172
2,205
2,147
1,139
2,150
2,143
2,162
2,161
2,166
1,160
1,121
1,185
1,191
2,101
2,147
1,117
2,126
1,138
2,140
1,110
1,162
1,206
1,180
1,64
1,139
1,224
1,155
1,171
1,228
1,111
2,132
2,150
2,211
1,266
1,161
1,235
2,107
1,145
1,143
1,150
2,285
1,159
1,217
1,92
1,176
1,158
1,165
2,187
1,172
1,104
2,164
2,205
1,148
1,194
1,155
2,111
2,148
1,140
2,154
2,194
2,182
2,173
1,201
2,163
2,158
2,145
1,213
2,201
1,145
1,114
1,132
2,145
2,191
2,111
1,156
2,159
1,174
1,188
2,181
2,122
1,169
1,173
1,157
1,191
1,174
1,188
1,165
2,127
1,141
1,137
1,160
2,149
2,250
1,195
1,176
1,275
2,158
1,128
1,142
2,93
1,103
1,145
1,98
2,125
2,162
1,182
2,154
2,86
1,194
1,124
1,145
2,132
1,118
1,160
2,110
1,132
2,123
2,167
1,118
2,123
2,184
2,106
2,173
2,208
2,118
2,122
2,141
2,182
2,161
1,112
2,134
1,92
1,88
2,142
1,140
2,258
1,176
1,133
2,146
1,148
1,105
1,226
2,121
1,86
1,194
2,190
2,282
1,143
2,182
2,139
1,145
1,250
1,320
1,150
1,146
2,147
2,116
2,143
1,162
2,141
1,250
2,140
1,151
2,134
2,167
2,112
1,142
1,140
1,202
1,162
2,178
1,180
1,141
2,134
2,127
2,122
1,73
2,223
2,123
2,203
2,185
2,143
1,94
2,99
1,102
2,72
2,208
1,114
2,140
2,172
1,133
1,165
1,175
1,137
1,186
2,132
2,143
2,285
2,112
2,94
1,166
1,136
2,154
2,175
1,143
2,167
1,219
2,162
1,150
2,255
2,172
2,190
1,158
2,222
1,159
2,149
1,142
2,121
2,165
1,207
1,196
2,184
2,285
2,112
2,139
1,74
1,124
2,136
2,173
1,145
1,119
2,169
1,69
1,181
2,150
2,150
1,144
2,208
2,217
1,176
2,240
1,254
2,165
2,122
1,90
1,171
2,133
1,125
2,177
1,143
2,186
2,165
2,245
1,228
1,131
1,176
1,212
2,146
1,158
1,163
1,109
1,148
2,163
1,155
1,139
2,174
1,290
1,170
1,176
1,195
2,190
1,148
1,106
2,128
2,162
2,72
1,154
2,122
1,156
2,120
2,260
1,168
2,130
1,178
2,184
1,129
1,125
2,151
1,172
1,90
2,195
1,250
2,152
2,200
1,94
2,147
2,134
1,162
2,178
0,1000
1,152
2,238
2,107
1,161
2,122
1,144
2,212
1,121
1,102
2,124
2,197
2,144
2,130
1,147
2,143
2,155
1,143
2,95
2,126
1,84
1,160
2,86
2,152
1,111
2,196
1,216
1,163
2,135
1,125
1,185
2,162
2,111
2,129
2,196
1,131
2,170
1,115
1,207
1,113
1,99
2,206
2,186
2,129
2,202
2,197
2,113
2,101
1,254
2,80
1,145
2,147
2,229
1,119
2,215
2,144
2,180
2,140
1,187
2,98
1,258
2,167
2,122
1,179
2,116
1,129
1,166
1,136
1,187
2,148
2,88
1,209
1,124
2,124
1,170
2,192
1,134
2,101
2,137
2,69
1,272
1,193
2,195
1,129
2,209
1,178
2,150
1,136
1,125
2,173
1,182
2,160
1,144
2,174
1,205
2,137
1,84
1,98
1,139
1,176
2,151
1,165
1,170
2,89
1,149
1,166
1,228
1,196
2,165
2,152
2,198
2,71
2,217
1,175
2,217
2,75
2,127
1,172
1,119
2,111
2,133
2,256
1,210
1,197
2,169
2,125
2,172
1,211
2,116
1,152
1,228
1,124
2,135
1,182
2,125
2,303
2,94
1,116
1,191
1,72
1,122
1,92
2,152
2,69
2,168
1,251
2,141
2,115
2,212
1,132
1,215
1,234
1,131
2,163
2,125
1,144
1,120
2,117
2,93
2,124
1,148
2,178
2,166
2,224
1,94
2,181
1,150
1,133
2,194
2,163
1,151
1,147
2,155
2,144
1,213
2,105
2,188
2,131
2,181
2,225
2,155
2,75
1,158
2,82
1,190
1,91
2,82
2,113
1,141
2,118
1,202
2,136
2,68
2,141
1,220
2,97
1,204
2,164
2,146
2,145
2,252
1,126
2,166
1,142
1,160
2,178
2,271
2,216
1,170
2,241
1,198
1,187
1,167
2,147
2,100
1,163
2,148
1,108
2,230
2,141
1,177
2,169
1,104
1,212
1,158
2,190
2,147
1,207
2,131
1,116
1,220
2,284
1,74
2,160
1,200
2,164
2,110
1,167
2,157
2,190
1,158
2,190
2,177
2,191
2,206
1,204
2,155
2,168
2,74
2,174
1,142
2,160
1,154
2,185
2,173
2,122
2,112
2,200
2,116
1,141
2,246
2,68
1,176
1,188
2,109
2,128
2,193
1,114
1,79
1,160
2,215
2,197
2,163
1,124
2,90
2,230
2,121
2,170
2,139
1,164
2,180
2,75
2,132
2,115
2,190
2,204
1,188
2,160
2,89
2,150
1,147
1,141
2,249
2,139
2,107
1,208
1,125
2,190
2,182
2,110
2,107
1,124
1,147
2,163
2,90
1,98
2,143
1,104
2,179
1,168
2,105
1,225
2,197
1,124
1,227
2,139
2,53
2,193
1,170
2,146
2,166
2,177
1,110
1,78
1,157
1,136
1,127
2,132
1,384
1,88
1,166
2,163
1,134
1,148
1,151
2,194
1,74
2,156
1,126
1,77
1,118
1,159
2,75
1,191
2,152
2,153
2,98
1,215
1,102
2,154
2,114
1,219
2,143
2,133
1,312
2,174
1,70
2,78
1,176
1,207
2,160
1,141
1,155
1,79
2,282
2,184
2,135
2,103
1,110
2,186
2,161
2,121
2,183
2,160
1,141
2,140
1,129
2,148
1,250
1,148
2,222
1,137
2,116
2,218
2,125
1,118
2,117
2,186
2,227
1,132
2,168
2,105
1,179
2,178
2,224
1,112
2,215
2,73
1,233
1,108
1,172
2,169
2,213
2,157
1,243
2,207
1,89
2,189
1,131
1,121
1,172
1,110
2,143
2,165
1,180
1,170
2,143
1,160
1,118
1,158
1,134
1,104
2,86
2,184
1,243
1,163
1,137
1,203
2,179
1,99
2,154
1,199
1,113
1,165
1,86
2,148
2,144
2,157
2,113
1,126
1,185
2,204
2,171
2,176
1,93
1,170
2,141
1,169
1,171
1,145
1,195
1,138
2,290
1,257
1,159
2,164
1,180
1,190
2,162
2,137
2,122
2,113
1,134
2,163
2,200
2,113
2,163
1,138
2,136
1,91
1,126
1,103
1,182
1,138
2,77
1,92
1,213
1,121
2,144
1,153
1,168
1,131
1,142
1,180
2,134
1,200
1,170
2,158
1,118
1,166
1,138
1,123
1,111
2,202
1,180
1,121
1,247
1,171
1,145
2,190
1,157
1,109
2,98
1,147
1,183
2,211
2,145
1,138
1,181
1,154
2,144
2,228
1,169
1,168
2,95
2,176
1,250
1,143
2,119
1,182
1,140
1,187
2,180
2,167
1,151
1,132
1,197
2,247
2,225
1,158
2,153
2,161
2,146
1,202
2,236
1,109
2,195
2,170
1,202
1,136
1,218
2,198
1,177
2,164
1,93
2,176
1,236
2,127
1,120
1,122
1,241
2,133
1,148
2,145
1,181
1,110
2,164
0,1000
1,119
1,150
1,186
1,167
1,104
2,164
2,101
1,248
1,117
2,122
1,242
2,171
2,158
1,111
2,161
2,186
1,119
1,220
1,187
1,187
2,135
1,214
1,122
1,255
1,148
1,409
2,134
2,307
2,130
2,185
1,107
1,163
2,178
2,138
2,150
2,140
1,148
2,118
1,93
2,85
1,194
2,142
2,170
2,157
2,173
2,108
1,213
2,154
1,141
2,172
1,166
2,120
2,209
1,108
2,206
2,175
2,144
1,190
1,166
2,170
1,84
2,197
1,108
2,258
1,214
1,81
2,134
2,125
1,163
1,153
2,177
1,139
1,171
2,164
1,110
1,322
1,116
1,186
2,56
2,196
1,119
2,173
2,156
2,127
1,156
2,142
2,153
1,87
2,131
2,85
2,179
2,184
2,157
1,155
1,164
1,129
1,153
1,223
2,113
1,165
1,168
2,99
2,673
1,192
2,101
2,183
2,93
2,106
1,197
1,128
2,159
2,162
2,187
1,111
2,211
2,150
2,127
1,172
1,101
2,214
2,142
2,118
2,83
2,145
1,166
1,202
1,186
1,163
1,132
2,182
1,216
1,155
1,142
2,170
1,149
2,149
2,113
2,143
2,66
1,162
2,141
1,208
1,224
2,107
1,191
2,316
2,134
1,147
2,115
2,116
2,174
2,97
1,142
1,114
2,235
2,185
2,176
2,439
1,118
2,191
1,83
2,247
1,164
2,116
2,139
2,197
1,179
1,126
1,69
1,226
1,89
1,140
2,87
2,166
1,116
1,124
1,128
2,238
2,154
1,177
1,95
2,160
2,116
2,280
1,113
1,137
2,136
1,172
1,178
2,182
2,172
1,161
2,127
2,119
1,160
2,126
2,180
1,109
1,148
1,182
2,139
2,175
1,125
1,165
2,213
2,165
1,269
2,157
1,207
1,145
1,202
1,135
1,169
1,118
1,212
2,259
1,133
2,108
2,137
1,157
2,216
1,180
2,30
1,115
1,152
2,178
1,116
1,121
2,205
2,284
2,130
2,157
2,91
2,175
1,205
1,97
1,183
1,142
2,96
1,125
1,196
2,106
2,146
1,148
2,175
1,254
1,58
1,165
1,149
2,181
2,136
1,110
2,207
2,162
2,155
1,244
1,149
1,122
1,172
1,167
2,169
2,182
1,146
1,108
2,115
1,150
2,188
1,195
2,229
1,160
1,137
2,144
1,143
1,169
1,143
2,210
2,144
2,168
2,193
1,233
1,186
2,178
2,151
2,202
2,179
2,200
2,137
2,147
2,185
2,150
2,139
2,148
1,191
2,176
1,157
1,194
2,121
1,120
1,140
1,172
2,178
2,163
2,193
2,137
2,141
2,158
2,146
1,152
1,170
1,181
1,173
1,200
1,96
2,187
1,70
2,131
2,114
2,142
1,124
1,122
1,201
2,100
2,159
1,130
2,140
1,204
1,105
1,180
2,195
2,196
1,148
1,165
1,80
1,121
2,160
1,220
1,194
1,231
1,175
1,113
2,189
1,105
2,159
1,230
1,118
2,64
2,184
2,180
2,75
1,131
1,167
2,211
2,130
2,151
1,143
1,87
2,161
1,174
2,110
1,220
1,102
1,150
2,131
1,237
2,127
1,193
1,154
1,129
1,274
2,102
2,177
1,121
2,87
2,143
2,153
2,192
2,130
2,49
1,114
1,126
2,122
1,245
2,198
2,193
2,144
1,153
2,201
1,204
1,119
1,88
2,120
1,247
1,183
2,113
1,133
2,184
2,159
2,152
2,161
1,96
2,201
2,192
2,167
1,76
1,149
2,75
2,163
2,125
2,135
1,76
1,77
1,190
2,147
2,111
1,147
1,114
1,112
1,199
2,190
1,215
2,241
1,224
2,161
1,227
1,212
1,115
1,160
2,192
1,155
1,182
1,131
2,88
1,167
2,137
2,91
2,215
2,121
2,111
2,216
2,106
1,162
2,216
1,146
1,98
1,142
1,165
1,165
1,146
1,144
1,162
1,125
2,227
2,190
2,135
1,177
2,141
1,258
1,124
1,117
1,152
2,249
1,172
1,191
2,165
2,112
2,157
1,86
1,233
2,184
1,118
2,149
2,221
1,135
1,212
2,114
1,170
1,115
1,128
2,102
2,119
2,233
1,171
2,173
1,153
1,124
1,109
2,123
2,185
1,214
2,132
1,148
2,129
2,156
2,157
2,205
2,141
1,124
1,199
2,85
2,169
1,162
1,125
2,158
1,233
1,217
2,101
1,250
1,199
2,146
2,106
2,178
1,120
2,132
2,116
1,135
2,83
1,158
2,102
2,157
1,179
2,138
1,177
1,152
1,236
1,203
2,233
1,166
1,191
1,158
2,163
2,185
2,124
2,165
2,118
1,264
1,208
1,119
1,171
2,176
1,312
2,137
2,155
2,132
2,218
1,126
2,157
2,155
2,174
1,194
1,156
1,238
2,171
2,151
1,166
1,169
1,82
1,186
2,119
2,133
1,122
1,164
1,214
2,170
1,129
2,169
2,192
1,139
2,74
1,139
1,128
2,162
2,128
1,105
1,130
2,202
1,82
1,428
1,148
2,129
2,183
2,192
1,187
1,120
2,108
2,170
2,86
2,107
1,191
1,172
2,160
1,155
1,133
2,104
2,233
2,114
2,145
1,123
2,100
2,178
2,272
2,135
1,80
2,122
1,259
2,272
1,177
1,141
1,164
2,186
1,119
1,127
1,177
1,180
2,212
2,109
1,198
1,175
2,141
2,184
2,125
1,143
2,141
1,133
1,120
1,120
1,139
1,145
1,137
2,146
2,205
2,117
1,155
2,171
2,196
2,197
2,182
2,131
2,83
1,198
1,110
1,366
2,95
2,150
2,201
1,95
2,168
2,115
1,98
1,133
2,104
1,151
1,188
2,184
1,198
2,141
2,199
1,133
1,98
1,101
2,140
2,211
1,190
2,166
2,221
1,139
2,148
1,115
2,190
1,175
1,132
1,121
2,160
2,174
2,247
2,152
1,174
1,210
1,251
1,184
2,229
2,166
1,197
1,275
2,59
2,115
1,128
1,142
1,188
2,114
1,187
2,181
1,154
1,141
2,181
1,93
1,243
2,138
2,106
2,375
1,135
1,216
1,175
2,175
1,95
2,118
1,199
1,173
1,137
2,154
2,184
2,257
1,168
1,59
1,203
2,146
1,90
1,185
1,162
1,121
2,151
1,133
1,151
2,182
2,150
2,143
2,192
1,135
1,277
2,168
1,173
1,183
2,175
1,178
2,196
1,155
1,149
1,183
1,155
2,156
2,160
1,141
2,213
2,152
1,139
2,202
1,152
2,238
2,118
2,199
2,157
1,172
1,86
1,199
2,222
2,184
1,98
1,113
1,124
1,218
2,115
2,116
1,171
1,169
1,171
1,130
1,145
1,234
2,186
1,175
2,113
2,118
1,177
2,102
2,64
2,111
2,158
2,90
1,84
2,105
2,186
1,280
2,116
1,150
2,229
2,190
1,221
2,183
2,124
1,133
1,93
1,143
1,258
1,230
2,216
2,98
2,99
1,132
2,194
1,141
1,194
2,169
2,130
2,107
1,63
2,96
1,206
1,216
2,81
2,303
1,187
2,128
1,173
1,126
1,119
1,219
1,171
1,180
2,180
1,156
1,104
1,192
1,215
1,236
1,147
1,211
1,197
2,182
1,229
2,156
1,125
1,143
2,211
2,129
1,135
1,160
2,133
1,165
2,91
1,123
1,135
1,154
2,137
1,87
2,142
2,169
1,131
2,94
1,155
2,93
1,112
1,85
1,145
2,153
2,149
1,122
1,170
1,225
1,146
1,156
2,44
2,107
1,117
2,162
2,143
2,154
1,247
1,205
1,160
1,136
2,140
2,145
1,87
1,210
1,181
1,151
1,191
1,270
1,195
1,109
2,154
1,119
2,230
2,172
2,181
1,136
2,124
1,107
2,95
1,181
2,152
2,149
2,131
1,85
2,82
2,160
2,108
1,182
1,103
1,111
1,202
2,162
1,194
2,121
2,89
1,251
1,128
1,180
2,152
2,155
1,99
1,207
1,68
1,162
2,122
2,80
1,133
2,167
2,103
1,145
1,125
1,204
1,156
2,205
1,130
1,151
1,98
2,184
1,87
1,189
1,142
1,177
2,189
1,131
1,131
1,141
2,126
2,119
2,154
2,211
1,219
1,144
1,85
2,151
1,206
1,183
2,171
2,170
2,303
1,143
1,193
2,88
2,201
1,258
2,167
1,178
2,137
1,164
2,145
1,185
2,144
2,194
1,242
1,146
2,187
1,155
2,236
2,144
2,147
1,114
1,146
2,143
1,147
2,177
2,153
2,186
2,170
1,205
1,121
2,112
2,111
1,210
1,353
1,166
1,180
1,166
2,223
1,157
2,132
1,98
2,140
1,152
2,185
1,188
2,202
2,170
1,90
1,120
1,180
1,156
1,125
1,108
1,125
2,177
2,152
2,272
1,178
1,124
2,94
2,139
1,179
2,74
2,195
2,159
1,164
2,120
1,173
2,109
2,198
1,221
2,157
1,152
2,139
2,169
1,151
1,148
1,130
1,179
2,80
2,167
1,162
1,189
2,150
1,191
1,112
2,158
1,256
2,175
1,120
2,184
1,154
2,135
2,202
2,113
1,99
1,151
2,152
2,159
1,174
2,152
2,95
2,217
1,231
2,163
2,148
2,139
1,154
1,160
1,151
1,139
2,228
1,163
2,114
1,215
2,172
1,169
1,170
1,211
2,215
2,163
2,140
2,108
1,162
2,150
1,196
1,162
2,155
2,95
1,207
1,172
1,97
1,145
2,180
1,169
2,133
2,183
1,185
1,176
2,133
1,174
1,122
1,142
1,155
1,120
2,159
2,190
1,190
2,74
1,162
1,257
1,126
1,235
1,141
2,148
1,150
2,84
2,104
1,89
2,173
2,144
1,114
1,148
1,130
2,185
2,152
2,132
1,171
2,115
2,89
2,127
2,168
2,172
2,158
1,114
1,139
2,93
1,190
2,120
2,228
2,138
2,114
1,132
2,203
1,123
1,111
1,104
2,138
1,158
1,179
2,156
2,137
1,240
2,79
2,145
1,310
2,132
2,126
1,161
1,148
1,283
2,159
1,155
1,98
1,185
1,199
1,170
1,168
1,108
1,181
1,281
1,65
2,176
2,167
2,165
1,140
1,174
1,267
1,125
1,192
1,184
2,121
1,144
2,113
2,165
2,196
1,275
1,130
2,153
1,241
1,211
1,192
2,172
1,199
1,125
2,107
1,137
1,157
1,183
1,164
1,104
2,126
2,127
2,67
1,127
1,148
1,100
2,210
2,194
1,210
2,168
2,190
1,127
1,128
2,154
1,189
2,131
1,139
2,137
1,197
1,140
2,183
1,164
2,240
2,169
1,138
2,89
2,97
1,167
1,107
1,143
2,71
1,128
2,156
2,159
1,131
1,160
2,141
2,146
1,140
1,133
1,109
2,77
2,146
1,167
2,186
1,125
1,112
1,122
2,91
1,110
2,173
2,168
1,131
1,299
2,156
2,113
1,144
1,207
2,182
2,166
1,192
2,193
1,202
2,142
1,185
2,471
2,78
2,150
1,130
2,128
2,157
2,133
1,261
1,168
2,179
1,111
2,123
2,157
2,130
1,166
2,113
2,153
1,164
2,127
1,164
1,139
1,135
1,140
1,227
1,273
2,143
2,144
1,163
1,133
1,175
2,166
1,179
2,122
1,163
1,190
2,120
2,155
2,324
2,128
1,177
1,133
2,122
2,125
2,202
2,162
2,201
1,172
1,121
1,171
1,224
2,137
1,87
1,167
1,110
1,193
2,146
1,93
2,192
1,189
2,137
1,140
1,171
1,201
1,293
2,89
2,209
2,191
2,215
2,115
1,117
2,199
2,161
1,128
1,221
2,183
1,116
1,154
1,173
1,148
1,106
1,190
2,230
1,139
2,177
2,162
1,145
2,96
1,178
1,108
2,173
1,149
1,197
2,77
1,182
2,206
2,176
1,230
2,89
1,87
1,202
1,195
2,112
2,152
2,211
2,114
2,117
2,221
1,147
1,245
1,263
1,165
1,189
1,146
2,139
1,153
2,119
1,161
1,165
2,200
1,123
1,236
2,150
1,110
2,161
1,173
2,140
1,121
2,133
1,168
2,129
0,1000
1,117
1,116
2,185
1,102
1,150
2,101
2,130
2,168
2,103
1,151
2,299
2,209
2,175
2,116
2,151
2,167
2,120
1,178
2,189
2,207
2,109
1,164
2,101
2,145
2,131
1,162
1,111
1,87
1,132
2,82
1,104
1,145
1,85
1,163
1,229
1,117
1,208
1,194
2,155
2,170
1,172
1,104
2,167
1,237
1,258
1,169
1,222
1,145
2,182
2,96
1,153
1,138
1,157
1,137
1,103
2,132
2,139
1,279
1,163
2,120
2,130
2,175
1,68
2,111
1,165
1,96
2,111
2,189
2,72
1,147
2,190
1,136
2,163
1,124
2,131
1,210
2,148
1,165
1,195
1,193
1,174
1,135
2,157
2,128
1,104
2,94
1,187
1,121
1,161
2,120
2,161
2,205
1,157
1,148
1,207
2,182
1,133
1,209
1,195
1,131
1,127
1,114
1,103
1,120
1,152
2,168
1,154
1,132
2,206
2,106
2,163
2,168
2,171
1,109
2,172
2,146
2,149
2,108
1,211
2,142
2,158
2,124
1,141
2,174
2,76
1,168
2,197
1,237
2,121
1,139
1,138
2,227
2,166
1,227
1,163
2,192
1,123
1,85
1,95
2,134
1,213
1,118
1,126
1,151
2,125
2,191
1,204
1,149
2,206
1,116
2,193
1,220
2,104
2,157
1,104
2,143
2,159
2,86
2,80
2,204
2,112
1,155
2,136
2,175
1,197
2,136
1,90
2,176
1,229
2,200
1,142
2,172
1,101
1,143
2,170
2,231
1,172
2,238
1,86
1,148
2,120
2,144
1,219
1,85
2,161
1,145
1,153
2,69
2,115
1,129
1,188
2,146
1,109
2,120
2,92
1,104
2,237
2,179
2,136
2,149
1,111
2,88
2,186
1,126
1,199
2,163
1,112
2,124
1,214
1,107
1,137
2,144
1,107
2,90
1,176
2,196
2,92
1,144
1,223
1,152
1,195
1,191
1,209
2,138
2,160
2,114
2,87
2,86
1,144
1,167
2,119
1,220
1,184
1,176
2,233
1,167
1,142
2,120
2,195
1,155
2,151
2,160
1,80
2,118
1,90
1,89
2,202
2,86
1,157
2,185
2,589
1,174
1,98
1,202
1,103
2,115
2,77
2,97
1,165
2,109
2,198
2,173
1,124
1,141
1,166
1,132
1,164
2,124
2,123
2,120
2,128
2,108
1,126
2,136
2,78
1,257
1,159
2,161
1,209
1,146
1,142
2,198
2,117
2,155
1,160
1,101
2,108
1,147
1,203
2,192
2,208
2,128
1,138
1,128
2,217
2,169
2,149
2,129
2,130
2,112
1,149
2,160
2,164
2,115
1,106
2,122
2,171
1,137
2,190
1,145
1,111
1,104
1,151
1,179
1,156
2,153
2,100
2,194
1,96
2,109
2,138
2,148
1,114
1,255
2,170
1,128
2,203
2,115
1,206
1,131
1,163
2,139
1,93
2,148
1,109
2,208
1,170
1,154
1,114
1,136
1,113
1,114
2,107
1,141
2,204
2,127
1,197
2,81
2,142
1,137
1,200
1,116
2,194
1,109
1,151
1,182
2,121
1,136
2,173
2,165
2,243
2,172
2,137
2,294
1,209
2,187
1,121
2,97
2,111
2,246
1,139
1,239
2,137
2,197
1,104
1,194
1,85
1,156
2,149
1,199
2,167
2,140
1,135
2,175
2,190
2,177
2,161
2,100
2,157
2,179
1,138
2,160
2,73
2,170
1,251
2,177
1,177
2,110
1,137
2,134
1,123
1,183
2,151
2,154
2,143
2,235
1,187
2,144
2,142
1,144
1,143
2,149
1,84
1,114
2,109
2,90
1,165
2,115
1,141
1,179
2,99
1,235
2,178
1,194
2,187
2,103
1,205
1,178
1,111
2,162
1,197
1,150
1,186
1,158
1,177
2,121
2,193
1,130
2,748
2,225
1,154
1,143
1,188
1,166
2,141
2,151
1,96
2,126
1,123
2,193
2,127
2,107
1,158
1,62
2,164
1,116
2,115
2,171
2,163
1,165
1,99
2,241
2,129
2,170
1,168
2,177
2,182
2,136
2,132
2,175
2,183
2,130
2,144
2,164
2,121
2,210
2,168
1,201
2,164
2,158
1,203
1,185
2,137
2,184
1,142
1,125
1,153
1,149
1,179
1,199
1,137
1,87
1,166
2,157
2,99
1,202
2,130
2,143
1,202
1,175
1,164
2,172
2,276
2,161
2,243
2,190
1,103
2,109
2,135
2,85
2,153
1,124
2,152
2,184
1,130
1,158
1,122
1,138
2,253
1,113
1,129
1,122
1,160
2,163
1,214
2,122
2,110
2,193
1,205
1,173
1,215
2,232
1,205
2,110
2,143
2,156
1,137
2,106
2,134
2,99
1,115
1,127
1,116
1,132
1,205
1,150
2,116
2,161
1,171
1,132
1,162
1,204
2,173
2,162
1,114
2,135
1,199
1,78
2,115
1,187
2,142
2,251
2,188
1,193
2,188
2,216
2,140
1,127
1,133
1,163
1,142
2,216
2,118
2,162
2,197
1,194
1,141
2,140
2,230
2,126
2,162
1,161
2,111
2,170
2,141
2,127
2,272
2,170
1,120
1,161
1,135
2,186
2,231
2,167
2,168
2,184
2,233
1,84
1,127
1,131
1,180
2,287
1,154
1,222
1,185
1,185
2,138
2,181
2,183
1,152
2,168
1,158
2,114
1,161
1,173
2,179
1,183
1,136
1,128
1,120
2,101
2,191
2,162
2,108
1,167
2,105
2,173
1,186
1,263
1,264
1,145
2,223
2,168
2,137
1,141
1,125
1,180
2,195
2,125
1,113
2,166
2,169
2,112
1,94
1,126
1,131
2,217
2,92
1,129
1,217
2,146
1,185
1,198
2,144
2,129
2,177
2,157
2,111
2,176
2,105
1,172
1,91
2,91
1,141
1,161
1,213
2,178
2,281
2,262
1,131
2,176
1,53
1,122
2,158
2,168
1,100
2,157
1,109
1,132
2,147
2,160
2,186
1,178
1,232
2,230
1,311
2,121
2,120
1,103
1,192
2,236
1,115
2,137
2,154
1,148
1,138
2,135
2,154
2,180
2,125
1,98
1,157
2,138
1,108
2,151
1,141
2,177
2,192
1,125
1,241
1,217
2,243
1,153
1,187
2,107
2,89
1,75
2,178
1,189
2,100
1,104
1,99
2,550
2,155
1,303
1,170
2,145
1,104
2,133
2,185
2,148
2,97
1,132
1,125
1,153
2,142
1,168
1,57
2,95
1,166
1,156
1,135
2,84
1,154
1,153
1,162
2,104
1,148
2,145
1,151
2,155
1,168
1,184
1,190
2,134
2,162
1,141
1,104
1,136
2,60
1,153
2,107
1,99
1,179
2,106
1,170
2,118
1,150
2,142
1,207
1,117
2,182
2,158
1,194
2,219
1,174
2,149
2,146
1,113
1,147
2,129
2,131
1,181
2,143
1,128
2,125
2,101
1,175
2,122
2,98
2,135
2,133
1,130
2,109
2,268
1,193
1,132
1,171
1,146
2,139
1,122
1,175
2,149
1,86
1,154
2,66
2,231
2,132
1,147
2,190
2,179
1,206
2,131
1,170
2,159
1,166
1,239
2,74
1,115
2,185
1,136
1,160
1,208
1,105
1,155
2,109
1,202
2,181
2,178
2,181
1,203
2,262
1,128
2,171
1,168
1,155
2,108
1,134
2,191
1,181
1,102
1,120
2,135
2,93
2,134
1,117
1,150
1,205
2,165
1,156
2,101
2,208
2,129
2,150
1,160
1,139
1,161
1,138
1,126
2,126
1,213
1,121
1,148
2,107
1,165
2,175
2,177
1,120
2,223
1,109
1,175
2,109
1,190
1,158
1,164
1,114
2,160
1,83
2,127
1,171
1,121
1,198
2,115
1,114
2,166
1,196
2,169
1,193
2,101
2,255
2,172
1,162
2,117
1,154
1,117
1,180
2,130
1,110
1,190
1,80
1,207
2,192
1,115
1,144
2,144
2,177
1,194
2,118
2,180
1,124
1,103
2,144
1,126
1,255
2,207
1,175
2,142
1,209
2,147
1,117
2,171
2,131
2,109
2,119
1,164
2,154
1,151
1,204
1,115
2,181
2,162
1,94
2,199
2,193
2,112
1,170
2,160
2,112
2,129
2,107
2,78
1,148
2,165
2,152
1,266
2,209
2,113
2,122
2,120
2,151
1,212
1,148
2,90
1,181
2,138
1,133
1,270
1,107
1,121
2,177
1,113
1,189
2,171
1,138
2,134
2,199
1,151
2,113
2,221
2,113
1,126
1,149
1,221
2,165
1,102
1,82
1,151
2,108
1,145
1,167
1,112
1,100
2,156
1,165
1,164
1,73
2,125
2,139
1,91
1,130
2,141
1,88
1,158
1,96
1,171
1,194
1,126
2,170
2,117
1,115
1,202
1,111
2,167
1,196
1,262
1,215
2,205
2,255
1,132
1,118
2,260
2,99
1,173
2,167
2,120
2,159
2,136
1,188
1,144
2,225
2,291
2,189
1,125
1,90
1,210
1,146
1,184
1,128
2,222
1,119
1,209
2,139
1,250
1,187
1,135
2,151
2,135
2,145
2,107
2,195
2,240
2,125
2,112
1,196
1,201
1,81
1,121
2,102
2,226
2,149
1,154
2,231
1,161
1,157
2,157
2,152
1,176
1,251
2,134
2,146
1,225
1,126
1,106
2,146
2,99
2,177
2,114
2,178
1,93
2,146
1,218
2,148
1,117
2,114
2,119
2,113
2,209
2,202
2,159
2,128
2,206
2,167
1,155
1,75
2,158
2,134
1,156
1,161
1,201
1,129
1,163
1,132
2,152
2,166
2,145
1,102
2,170
1,110
1,149
1,202
2,138
2,117
1,157
1,132
2,148
1,144
1,155
1,139
2,201
1,69
1,241
1,161
1,119
1,142
2,143
1,173
2,192
2,123
1,165
1,151
1,174
1,90
1,211
2,107
2,244
2,131
2,165
1,248
1,96
2,133
1,178
1,122
1,104
2,108
1,169
1,193
2,162
2,231
2,150
2,172
2,104
2,176
2,173
2,148
2,159
1,93
2,159
2,235
2,155
2,291
1,186
1,214
2,140
1,137
1,150
1,164
2,201
1,256
1,169
2,108
2,226
1,141
1,88
1,107
2,87
2,200
1,198
2,115
1,105
1,184
2,151
1,134
2,176
1,173
1,184
1,166
1,348
2,129
2,203
2,159
1,97
1,123
1,196
2,113
2,149
2,193
1,103
1,112
1,160
1,659
1,184
1,398
1,122
1,152
2,171
1,107
2,172
1,223
2,116
2,221
2,151
1,118
1,115
1,216
1,118
1,160
2,176
2,206
1,135
1,152
1,146
2,147
1,163
1,283
2,128
1,157
1,217
2,181
1,188
1,120
2,92
1,117
1,149
1,126
2,175
1,159
1,154
2,141
2,104
1,141
2,91
2,228
1,133
1,126
1,121
2,181
1,164
2,118
2,137
1,182
1,85
2,88
2,107
1,187
1,107
1,194
1,129
1,152
1,39
2,137
2,206
1,172
1,139
2,93
2,153
1,173
2,109
2,155
1,167
2,196
1,119
1,116
2,134
1,170
2,173
2,172
1,135
2,158
1,156
0,1000
1,119
1,137
2,175
1,156
1,124
1,112
2,118
2,91
2,105
2,115
1,118
1,128
2,88
2,182
2,147
2,158
1,177
1,201
2,139
2,335
2,84
2,151
1,169
1,82
1,123
2,191
1,143
1,147
2,137
2,134
1,188
2,112
2,207
1,110
1,229
2,84
2,147
1,168
2,168
2,222
1,186
2,186
1,103
1,179
2,201
2,186
1,144
1,204
1,157
2,129
1,93
1,103
2,142
2,183
1,84
1,125
1,135
1,176
2,155
1,142
2,157
1,255
2,199
2,223
2,102
1,130
1,170
1,108
1,214
2,168
2,224
2,252
2,165
2,134
1,122
2,159
1,92
2,176
2,200
1,104
2,108
1,166
1,290
1,99
2,179
1,125
1,178
2,155
1,164
2,168
1,103
2,218
1,164
1,74
2,117
1,141
1,221
1,185
2,101
1,140
2,241
2,116
2,69
2,136
1,118
2,99
2,149
2,198
2,137
1,213
1,130
1,192
2,193
2,211
1,140
2,120
1,151
1,108
1,162
2,168
2,117
1,118
2,106
2,132
2,179
2,180
1,245
1,77
1,219
1,166
1,116
1,158
1,152
2,157
2,157
2,127
1,212
2,145
2,99
2,123
1,187
1,174
1,112
1,155
1,131
1,272
1,197
2,127
2,135
2,89
2,156
1,167
2,140
1,128
1,129
1,159
1,328
1,133
2,132
1,293
1,147
1,254
2,89
1,76
2,199
2,115
1,135
2,149
1,122
1,168
2,175
1,122
1,132
2,227
2,130
1,141
2,129
1,152
2,171
2,123
1,127
1,82
1,111
2,173
2,70
1,114
1,165
2,257
1,70
1,134
1,116
1,118
1,204
1,113
2,197
1,121
1,106
1,136
2,172
1,159
1,150
2,192
1,97
2,161
1,147
1,133
2,154
1,191
2,200
2,170
1,153
2,150
1,249
2,168
2,169
2,194
2,173
2,202
2,110
1,207
1,112
1,175
1,238
2,164
2,137
1,120
2,88
2,176
1,207
2,154
1,200
1,216
1,103
1,122
2,204
1,100
2,208
1,170
1,267
2,112
1,119
2,196
2,140
1,147
2,166
2,127
1,206
2,164
1,133
2,185
1,240
1,267
1,164
2,159
2,105
1,141
1,248
2,125
1,175
2,267
2,189
1,177
1,162
2,156
2,225
2,146
1,118
1,210
1,111
2,129
2,159
1,115
1,177
2,241
1,246
1,162
2,232
1,216
1,39
1,160
2,197
1,162
1,154
2,115
2,181
1,138
2,146
2,312
2,186
1,123
2,215
2,115
1,117
1,105
1,211
1,165
2,178
2,144
2,135
1,149
1,144
2,109
2,159
2,161
2,136
2,125
2,117
1,135
1,199
1,134
1,206
2,130
1,147
1,214
1,197
1,50
2,158
1,247
2,185
1,107
1,193
1,101
2,128
2,161
2,157
2,191
1,124
2,276
1,235
2,145
2,196
2,176
1,129
1,123
1,183
1,144
1,142
2,117
2,153
2,138
1,116
2,148
2,89
1,105
2,190
2,109
1,125
1,107
1,203
2,192
2,178
2,174
1,97
2,147
1,178
1,194
1,140
1,158
1,130
2,240
2,133
1,205
1,164
2,74
2,95
1,191
1,154
2,206
1,128
1,188
2,106
1,171
1,124
2,99
2,100
2,104
1,190
1,325
1,139
2,120
2,93
1,117
1,127
1,117
2,156
2,203
1,184
1,102
2,205
1,142
1,181
2,110
1,116
1,106
1,194
2,144
1,197
1,151
1,172
1,182
2,129
1,108
1,152
1,210
2,145
1,197
1,174
1,168
2,105
2,147
1,68
2,114
1,158
1,156
1,246
1,124
1,149
2,156
2,132
2,257
1,176
2,156
1,151
1,134
2,149
1,121
1,83
1,107
1,151
1,158
2,208
1,118
2,179
2,135
1,181
2,155
1,187
2,136
2,148
1,171
1,119
1,202
1,116
2,95
1,200
2,108
1,98
2,147
1,75
1,132
1,162
1,88
1,151
1,140
1,85
1,154
2,187
1,162
1,109
1,135
2,117
1,149
1,173
1,180
2,113
2,198
1,169
1,191
2,148
2,160
1,256
2,119
2,162
1,90
1,139
1,137
1,204
1,142
1,118
2,141
1,141
2,150
2,114
2,157
1,123
2,134
1,115
1,168
2,143
1,60
1,208
1,94
2,182
1,107
2,253
2,258
2,82
1,154
2,196
1,98
2,123
2,196
2,143
2,112
2,137
1,110
2,137
2,135
2,108
2,186
2,212
2,180
1,209
1,161
2,238
2,196
1,142
1,167
1,160
1,132
1,144
2,170
2,117
1,116
2,135
2,165
2,118
1,144
2,70
2,124
2,126
1,102
1,166
2,126
2,134
1,87
2,154
1,140
2,126
1,80
2,112
2,115
1,146
1,130
1,185
1,119
2,103
1,161
2,154
1,114
1,112
1,172
2,175
2,253
2,156
1,104
1,195
2,88
2,225
2,117
1,138
1,209
1,161
1,199
2,170
1,218
1,146
2,133
2,155
1,210
1,216
1,142
2,231
1,163
1,101
2,175
1,199
2,196
1,164
1,86
1,196
1,128
1,197
2,140
2,81
1,168
1,116
1,178
2,173
2,84
1,60
1,154
2,139
1,117
2,98
2,117
2,182
1,132
1,97
1,99
1,143
1,130
1,156
2,112
1,162
2,95
1,165
2,180
2,171
2,172
1,147
2,152
1,54
1,136
1,220
1,119
2,162
2,132
1,139
2,166
1,90
1,197
2,130
1,286
1,109
1,151
2,132
2,149
2,175
1,117
2,112
2,144
1,136
1,180
2,153
2,130
1,136
1,125
1,161
1,130
1,123
1,218
2,180
1,183
1,172
2,156
1,155
1,105
2,190
2,216
1,130
1,143
2,218
2,117
1,105
1,112
2,132
1,168
2,140
2,103
2,216
1,227
2,206
1,226
2,146
1,93
2,63
2,130
2,156
1,205
1,106
1,136
2,106
2,118
2,210
1,153
2,120
2,151
2,184
1,122
1,131
1,151
1,154
1,76
1,172
2,183
2,142
2,129
1,93
2,110
1,145
1,102
1,101
2,119
2,163
2,248
2,219
1,154
2,113
2,192
1,87
2,159
1,129
1,108
1,141
1,177
2,136
1,125
1,103
2,77
2,180
2,186
1,125
1,220
2,168
2,135
2,148
2,197
1,154
2,156
2,107
2,92
2,216
2,140
1,187
1,200
1,227
2,258
2,99
1,156
1,172
1,106
1,200
2,101
2,142
2,166
1,159
1,137
2,166
2,122
2,139
2,170
2,260
1,182
1,177
2,160
1,119
2,145
1,167
2,144
2,188
2,125
2,170
2,123
2,160
1,158
1,174
2,159
2,145
1,144
1,170
1,150
1,160
1,245
2,211
2,212
2,129
1,223
1,163
2,168
2,147
1,95
1,133
1,137
2,158
1,239
1,193
2,217
2,115
1,193
2,174
2,159
1,103
1,152
1,168
1,211
1,79
1,80
1,91
2,147
2,191
1,87
2,156
1,211
2,159
2,126
2,112
1,153
1,115
2,128
2,147
1,244
2,114
1,154
1,105
1,114
2,154
1,166
1,128
1,168
1,282
2,177
1,196
1,164
2,178
2,184
2,160
1,137
1,105
2,127
1,120
2,189
2,176
1,195
2,131
1,135
2,307
1,166
1,152
2,170
1,93
2,214
2,161
2,149
2,182
2,183
1,208
2,172
1,151
2,144
2,53
2,158
1,197
1,141
2,176
2,62
2,145
1,87
2,115
2,199
2,210
1,129
1,126
2,281
2,155
2,192
2,131
2,102
2,106
2,265
1,184
2,124
2,98
2,132
2,131
1,144
2,140
1,89
1,196
1,180
1,147
2,169
1,161
2,193
1,223
1,179
1,129
2,139
2,161
1,95
1,116
1,199
1,161
2,200
2,149
2,79
2,183
1,599
1,139
1,142
2,149
2,204
1,161
2,162
1,223
2,140
2,141
1,158
1,124
2,117
2,162
2,85
2,145
2,183
2,266
2,124
2,155
1,146
2,91
2,137
1,188
2,213
2,215
2,198
1,119
1,68
1,155
2,160
2,174
1,83
2,141
2,116
1,210
2,161
2,115
1,156
1,121
1,172
1,71
1,134
2,190
2,125
2,110
1,246
2,156
2,99
2,156
1,145
1,110
2,133
1,133
1,138
1,159
1,157
1,210
1,215
2,143
1,88
2,179
2,161
1,126
1,274
1,92
2,136
1,166
1,108
2,116
1,154
2,131
1,222
2,145
1,112
2,163
1,127
2,225
1,140
1,179
2,98
2,145
2,133
2,160
2,209
1,70
1,121
2,131
1,168
1,189
2,129
2,92
2,160
2,161
2,137
1,178
2,105
2,146
2,149
1,136
2,128
1,194
1,110
2,194
1,126
1,132
2,210
1,111
2,133
1,125
2,170
2,215
2,203
2,177
1,156
1,177
2,165
1,154
2,193
1,165
2,203
2,163
1,161
2,175
1,170
1,83
1,129
2,106
1,259
2,82
1,266
1,154
1,162
2,133
2,96
2,233
1,149
2,98
2,192
1,130
1,97
1,249
1,185
1,104
2,168
1,151
2,97
2,156
2,131
1,162
1,149
1,97
2,108
2,105
1,192
1,202
1,155
1,223
1,105
1,159
2,125
2,70
1,148
2,141
1,102
1,84
2,101
1,108
2,125
1,127
2,163
1,141
1,145
1,129
2,98
2,58
1,192
2,139
1,126
1,195
2,174
1,205
2,152
2,202
2,157
2,113
2,106
1,130
2,112
2,181
1,164
2,124
2,193
2,147
1,159
2,234
1,170
1,240
2,171
2,143
2,146
2,107
1,145
1,169
2,222
2,173
1,83
2,79
2,150
2,87
2,227
1,154
2,144
1,133
1,128
2,100
1,234
1,195
1,132
2,116
1,175
2,188
2,96
1,147
2,141
2,134
1,175
1,171
1,138
2,209
2,176
2,156
2,118
1,149
2,220
2,128
2,181
1,187
1,154
1,157
2,218
2,177
2,164
1,101
2,167
1,143
1,145
2,135
2,234
2,165
1,78
1,189
2,150
2,134
2,114
1,65
2,115
2,236
1,254
1,167
2,93
2,130
2,141
2,164
2,109
2,86
1,105
1,142
1,130
1,131
2,132
2,176
1,131
2,160
1,284
1,189
1,143
2,95
1,139
1,118
1,227
1,200
1,166
1,153
1,144
1,162
1,151
2,195
2,183
1,119
1,203
1,193
2,131
1,129
2,162
2,190
2,138
1,95
1,212
1,127
1,130
2,99
1,90
1,149
2,154
2,97
1,161
1,204
1,77
1,96
1,104
2,144
1,136
2,83
2,151
1,147
1,213
1,143
2,146
1,146
1,184
1,156
1,166
1,177
1,189
1,194
2,242
1,120
1,158
2,120
2,168
2,138
1,106
2,121
2,179
1,215
2,168
1,98
2,173
2,158
2,140
1,151
2,170
2,146
1,157
1,138
1,183
1,182
2,198
1,178
2,133
2,221
1,227
2,164
1,115
2,158
2,163
1,138
2,170
2,204
1,161
2,88
2,131
2,175
1,174
2,174
1,203
2,138
1,149
1,251
2,110
1,100
1,131
1,320
1,197
1,132
1,154
2,119
1,142
1,133
1,190
1,127
1,167
2,155
1,206
1,117
1,161
1,220
2,131
2,176
1,180
1,142
2,123
2,250
1,116
2,122
1,107
1,141
2,112
2,166
2,192
1,230
2,139
2,164
2,120
2,221
2,127
2,128
2,149
1,200
1,153
1,162
1,165
2,145
2,66
1,110
1,225
1,155
1,169
1,119
1,130
1,250
1,103
1,123
2,188
1,106
1,188
1,184
2,197
2,150
1,184
1,153
2,163
2,165
1,140
1,225
1,235
1,120
1,165
1,163
2,173
1,127
1,106
1,206
1,156
1,154
1,122
2,97
2,154
1,167
1,133
2,101
2,148
2,158
1,202
2,154
2,209
1,116
1,204
2,201
2,209
1,159
2,108
1,115
2,110
2,245
1,160
2,84
1,115
1,175
1,171
1,158
1,119
2,143
2,161
1,159
2,106
1,136
2,123
1,206
1,172
1,156
2,129
1,148
1,132
2,264
1,196
2,171
2,111
2,176
2,92
2,109
1,121
1,129
2,105
2,103
1,155
1,141
2,172
2,89
2,212
1,177
2,143
1,102
2,205
2,80
2,221
2,127
2,206
1,214
1,203
2,154
1,195
2,156
1,184
2,136
2,220
2,104
1,208
2,115
2,110
1,124
1,157
1,135
2,107
2,167
1,51
1,167
1,140
1,231
1,93
2,161
2,146
2,118
1,168
1,108
1,167
1,133
1,261
2,199
2,144
2,130
2,99
2,170
1,196
2,117
1,225
2,180
2,107
1,163
1,130
2,168
2,115
2,161
1,154
2,149
2,142
1,89
1,174
1,158
2,141
1,103
1,232
2,168
1,162
2,171
1,108
1,237
1,146
1,214
2,151
2,180
2,70
2,131
2,171
1,143
2,222
1,121
1,199
2,153
1,204
2,115
2,212
2,156
2,226
2,164
1,181
2,166
1,160
1,111
2,92
1,121
2,202
2,162
2,112
1,135
2,116
1,162
1,87
2,75
1,151
2,142
1,140
2,161
1,183
2,186
2,97
1,141
1,100
1,175
1,121
2,132
1,73
2,143
1,157
1,148
1,131
2,181
1,111
2,261
1,133
2,124
2,78
2,290
1,171
2,169
1,184
1,168
1,153
2,106
2,158
2,158
1,168
2,153
2,163
2,158
1,126
1,104
1,173
1,96
1,200
2,168
1,139
0,1000
1,227
2,223
2,122
1,132
2,253
2,150
1,173
1,108
1,130
2,222
2,168
1,246
1,128
2,198
2,154
2,170
2,113
1,131
1,181
1,188
1,163
1,160
2,131
2,149
1,132
1,170
2,131
2,106
2,105
1,133
1,109
1,166
1,141
2,209
1,119
1,171
2,235
2,135
2,166
1,203
2,177
2,138
1,140
2,136
2,98
1,113
1,119
1,183
2,125
1,178
1,152
2,142
2,120
1,115
1,158
2,138
1,173
2,83
1,237
2,124
1,178
1,173
1,206
2,149
2,142
2,139
2,131
1,183
1,108
1,137
1,144
1,184
1,157
2,95
1,250
2,122
2,107
2,162
1,174
1,175
1,62
2,146
2,77
2,105
1,137
1,199
1,164
2,126
2,139
2,194
1,135
2,162
1,111
2,138
2,123
1,100
2,103
1,183
2,156
1,155
2,161
1,125
1,175
2,155
1,144
1,131
2,100
2,241
1,83
2,184
1,92
1,171
1,198
2,56
1,192
2,182
2,167
1,188
2,196
1,104
1,122
1,109
1,202
1,173
1,222
2,170
1,288
1,193
1,150
1,187
2,173
2,177
1,192
1,125
1,186
1,113
1,218
2,178
2,123
1,190
2,211
2,136
2,101
1,148
2,143
1,150
2,204
1,104
2,86
2,157
2,144
2,110
2,134
2,91
1,194
1,140
1,139
1,140
2,84
2,174
1,128
1,257
1,157
1,139
2,98
2,117
1,164
1,154
2,97
2,131
2,93
1,126
2,118
1,96
2,152
1,97
2,125
2,122
1,154
2,154
2,194
2,159
1,139
1,146
1,114
1,184
2,163
1,168
1,150
2,133
1,139
2,178
1,105
1,104
1,174
2,159
1,142
2,233
1,137
1,223
2,157
2,160
2,79
2,129
2,751
1,119
2,157
1,151
2,173
2,85
2,162
2,111
2,102
2,191
1,106
1,154
2,155
2,191
2,138
1,103
2,120
2,207
2,135
1,83
2,141
1,96
2,108
2,202
2,162
2,171
1,139
2,123
1,102
2,189
1,216
1,164
1,177
1,163
2,90
2,72
1,161
1,122
2,178
2,119
2,201
2,243
1,186
1,105
1,191
2,148
2,209
1,148
2,160
2,147
2,198
1,105
2,119
1,223
2,209
2,113
2,159
1,113
2,255
1,172
1,149
2,128
2,82
2,133
1,105
1,124
2,178
2,180
2,293
1,187
1,151
0,1000
2,181
1,200
1,131
2,128
2,101
1,160
1,130
1,104
1,279
1,102
2,185
1,186
1,114
1,117
2,200
1,171
1,120
1,159
2,128
1,122
2,146
2,95
1,135
2,89
2,176
2,124
1,113
1,170
1,132
1,186
2,208
1,125
1,147
1,130
1,174
1,131
2,117
1,110
2,73
1,150
2,158
1,188
1,72
2,160
2,132
2,179
2,140
2,216
1,163
1,170
2,206
1,218
2,192
1,229
2,127
2,75
2,261
2,196
2,161
2,121
2,225
1,211
2,148
2,187
2,119
2,147
1,194
2,148
2,187
1,106
1,183
2,148
2,133
2,161
1,170
1,85
1,137
2,162
1,201
2,204
1,164
2,158
2,55
2,149
2,128
2,115
2,231
2,111
2,136
2,126
1,158
1,139
2,171
2,243
1,146
1,170
2,181
2,124
1,119
1,60
2,171
1,165
2,160
1,162
1,114
2,149
2,121
1,147
1,199
2,224
1,167
2,123
2,209
1,161
1,225
2,153
2,176
1,131
1,105
2,107
2,151
1,133
1,149
1,118
2,112
2,109
2,93
1,161
2,59
2,154
1,116
2,126
2,126
2,124
2,129
1,139
1,198
1,186
1,112
2,147
1,123
1,148
2,190
2,139
2,122
2,209
1,158
2,185
1,141
2,208
2,181
1,116
1,169
2,166
2,189
2,170
1,246
1,167
1,203
1,148
1,177
1,173
1,149
1,135
1,149
1,138
2,134
1,192
1,222
2,175
1,121
1,204
1,167
1,145
2,139
1,136
1,151
1,135
1,128
2,111
1,143
1,101
1,83
2,226
1,127
1,216
1,152
2,101
1,164
1,166
1,226
2,177
2,129
2,211
2,101
1,141
2,228
1,206
1,181
2,107
1,170
1,151
2,115
1,143
2,87
1,146
1,199
1,150
1,86
1,157
1,224
2,138
2,110
2,110
2,129
1,138
1,131
1,116
2,218
1,186
2,146
2,160
2,206
2,144
2,133
1,188
1,129
1,164
1,86
1,151
1,244
1,102
2,131
1,139
2,192
1,217
2,125
1,188
1,105
2,106
2,206
1,166
2,173
1,158
2,193
1,139
1,111
2,210
2,202
2,144
1,72
1,154
2,109
2,144
2,200
2,142
1,191
2,137
2,98
1,120
1,146
2,211
2,179
1,150
1,104
1,226
1,150
1,167
2,132
1,124
1,162
1,112
2,99
2,185
1,228
1,99
1,134
2,80
1,84
1,205
1,173
1,184
2,149
1,267
1,96
1,230
1,157
1,222
1,106
1,108
1,238
1,169
2,98
2,266
1,99
2,104
2,150
2,166
2,173
2,130
2,187
1,281
1,147
1,179
1,147
1,124
1,204
2,67
1,243
1,187
1,77
1,163
1,145
1,195
2,212
1,139
2,176
1,83
1,104
2,125
2,168
1,144
1,66
2,133
1,141
2,139
2,108
1,178
2,170
2,181
1,212
1,99
1,140
2,217
2,74
1,159
1,196
2,176
2,153
1,248
1,126
1,162
2,108
1,176
1,162
2,121
1,175
2,142
2,88
2,193
1,177
2,180
1,202
2,108
2,161
1,145
1,168
1,183
1,178
2,123
2,129
1,133
2,116
2,132
2,121
1,120
1,122
2,147
1,279
2,173
1,108
1,115
1,216
2,111
1,120
1,170
1,221
1,147
2,182
2,111
2,151
1,110
2,95
1,136
2,186
2,300
1,127
2,328
1,148
2,174
2,92
2,267
2,117
2,116
2,159
1,139
2,149
1,114
2,259
1,110
1,197
1,54
1,124
2,228
2,190
2,120
2,129
2,117
1,139
1,121
1,193
1,186
2,207
1,177
2,221
1,159
2,136
2,166
2,142
2,143
1,88
1,111
2,153
1,136
2,273
2,156
2,436
1,231
2,121
2,161
1,150
2,151
1,215
2,146
1,87
2,100
2,68
1,193
1,136
2,169
2,169
1,220
1,115
2,146
2,140
1,327
2,180
2,166
2,113
1,171
2,138
1,211
1,171
1,122
2,154
1,122
2,113
2,197
2,251
1,196
1,130
2,289
1,138
1,140
2,187
2,146
1,177
2,158
2,169
2,98
1,105
1,178
1,152
2,73
1,101
1,160
1,130
2,127
2,88
1,119
1,100
1,206
2,147
1,112
1,190
2,153
1,227
1,215
1,108
1,131
2,162
1,107
1,116
2,250
1,160
1,144
2,169
2,241
1,128
2,315
1,129
2,145
2,82
2,207
2,233
2,117
2,162
1,163
1,182
2,183
1,131
2,129
2,179
1,133
2,90
1,134
1,129
2,195
1,96
1,169
2,151
1,153
2,112
2,165
2,134
1,150
1,118
1,136
2,111
2,155
2,149
2,100
2,140
1,138
1,183
2,78
1,82
2,203
2,160
2,130
1,175
2,144
2,99
1,135
1,263
1,167
2,244
2,120
2,138
1,172
1,139
2,174
2,119
1,143
2,161
1,110
1,146
1,148
1,197
2,188
1,80
1,128
1,103
2,141
2,138
2,205
1,255
2,191
1,228
1,116
1,153
1,103
2,109
2,141
2,141
2,203
1,144
1,142
2,164
2,167
2,135
2,141
1,181
1,210
1,146
1,292
1,138
2,181
1,71
2,215
1,157
2,145
1,127
2,146
2,170
2,161
1,80
2,280
1,133
1,169
1,179
2,177
2,118
2,169
1,123
2,180
1,160
2,114
2,138
2,160
1,99
2,124
2,158
2,133
2,141
1,231
2,182
1,188
1,126
2,189
2,158
1,84
2,196
2,120
2,212
0,1000
2,174
2,131
1,106
2,169
1,128
1,115
1,170
1,210
1,177
2,111
2,194
2,203
2,222
2,239
1,252
2,199
1,120
1,123
2,165
2,135
1,108
1,155
1,146
2,193
1,166
2,90
1,118
1,145
1,227
1,88
2,201
2,207
2,131
1,140
1,151
1,168
2,157
1,218
1,140
1,72
2,183
2,165
1,223
2,109
2,141
2,138
2,79
1,166
2,174
2,234
1,159
1,110
1,141
2,162
1,132
2,177
2,145
2,107
1,123
2,133
1,143
2,123
2,77
2,136
1,210
1,122
1,152
1,129
1,91
2,107
2,180
1,150
1,172
1,154
1,173
1,154
1,75
2,160
1,122
2,117
2,99
1,157
1,191
2,108
1,121
2,171
2,129
2,221
2,130
2,203
2,160
1,133
1,176
2,184
2,214
1,184
2,127
2,159
2,212
2,70
2,120
2,202
1,204
2,147
2,173
1,113
2,210
1,123
2,123
2,170
1,158
1,196
2,157
2,91
1,157
2,193
2,173
1,173
1,228
1,189
2,112
1,219
2,93
2,210
1,242
1,113
1,160
1,298
1,116
2,143
2,174
2,104
2,145
2,149
2,138
1,141
1,122
1,137
2,114
2,113
1,124
2,161
2,86
2,133
2,139
1,176
1,173
1,209
1,168
1,154
1,167
1,177
1,111
2,159
2,216
2,176
2,143
2,159
2,130
2,97
1,115
1,149
1,97
1,116
1,114
2,122
1,99
2,189
1,130
2,96
2,152
1,121
2,102
2,145
1,146
2,110
1,144
1,124
2,150
1,146
2,159
1,170
2,299
1,169
1,168
1,215
1,110
2,126
2,130
2,187
2,110
1,197
1,138
2,147
1,283
1,241
1,157
1,151
2,198
2,195
2,161
1,141
1,133
2,169
1,173
1,241
1,112
1,131
1,190
1,152
1,135
1,124
2,90
2,118
1,190
2,227
1,154
2,110
2,165
2,148
1,235
2,115
2,117
2,240
1,196
1,132
1,110
2,99
1,159
2,152
1,161
2,220
2,75
2,159
2,160
2,75
1,207
2,184
1,172
2,165
1,162
2,175
1,97
2,136
2,180
1,94
1,178
1,115
1,234
1,252
1,98
1,145
2,193
2,164
2,141
1,63
2,59
1,94
2,175
2,174
1,187
1,163
1,100
2,163
1,136
1,124
2,250
2,209
1,233
1,70
1,115
1,120
1,154
2,131
1,188
2,113
1,172
2,91
2,201
2,153
2,181
2,173
1,148
2,86
1,93
1,138
2,205
2,156
2,159
1,66
2,99
1,102
1,154
1,151
2,144
2,194
1,195
1,143
2,119
2,121
2,140
1,151
1,126
1,215
0,1000
1,191
1,162
1,125
2,77
1,276
1,135
1,142
2,118
2,184
2,148
2,166
2,202
1,209
1,88
1,156
2,99
1,112
2,214
1,136
1,232
2,151
1,132
2,104
1,215
1,149
1,133
1,220
1,180
1,207
1,191
1,178
1,161
1,159
2,100
1,280
2,197
2,140
1,229
2,100
2,114
2,140
1,113
1,155
2,246
2,162
2,175
1,195
2,146
1,230
1,156
1,180
2,144
1,69
1,177
1,165
1,74
2,152
1,210
2,174
2,134
1,162
2,163
1,195
1,131
1,130
1,163
2,133
1,151
2,139
1,188
1,142
2,207
1,237
2,192
2,175
2,197
2,151
1,199
1,113
2,127
2,151
1,233
2,173
1,162
1,80
2,128
2,138
2,105
1,103
2,126
2,176
1,235
1,234
2,203
2,231
2,138
1,106
1,74
1,123
1,193
2,170
2,172
2,141
1,144
1,148
2,129
2,126
1,208
1,144
2,115
1,179
1,176
1,56
1,114
2,132
1,228
1,162
2,95
2,113
1,116
1,81
1,184
1,266
2,176
1,152
1,210
1,198
2,171
1,211
2,132
2,169
2,179
2,226
2,176
1,207
2,161
1,92
1,185
1,96
1,177
2,171
1,164
2,159
2,107
1,189
2,232
2,214
2,153
2,131
1,132
1,110
2,107
2,208
1,96
1,94
2,154
2,115
2,74
2,232
2,206
1,102
1,141
1,215
1,253
2,119
2,151
1,139
2,98
1,119
2,145
2,180
1,121
1,133
1,150
1,156
2,100
2,150
1,261
2,218
2,115
1,174
1,170
2,118
2,198
2,182
2,162
2,147
2,198
2,165
2,183
1,170
2,109
1,129
2,263
1,167
1,103
2,160
2,257
1,112
1,165
1,186
1,178
1,139
2,147
1,185
2,182
2,141
1,173
1,143
1,152
1,141
2,157
2,202
1,112
1,143
1,131
1,125
1,224
2,140
2,119
1,115
1,290
1,113
1,145
2,182
1,241
2,157
2,161
2,164
1,152
1,137
2,156
2,220
2,194
1,195
1,113
1,181
2,124
1,176
1,153
1,123
2,154
2,162
1,103
2,230
1,167
1,162
1,135
1,133
2,186
2,188
1,148
2,81
2,190
1,201
2,138
1,188
1,166
1,195
1,165
2,156
1,192
1,129
1,125
1,125
1,151
2,167
2,176
2,113
1,149
2,159
1,122
1,136
2,218
2,182
1,150
1,122
1,175
1,163
1,213
2,116
2,167
1,168
1,69
1,127
2,204
1,97
2,179
1,148
1,111
1,139
2,141
2,218
2,130
1,167
1,119
1,189
2,157
2,166
2,195
2,153
2,148
2,242
1,255
1,218
2,189
2,144
2,149
1,87
1,140
1,178
1,216
2,187
2,101
1,95
2,183
2,173
2,259
1,243
2,249
2,105
2,127
1,147
2,206
1,148
2,164
2,128
1,239
2,113
1,110
2,158
2,116
2,158
1,125
1,176
1,115
2,139
2,170
1,154
1,46
1,153
1,197
2,162
1,115
2,202
2,199
1,124
2,115
1,248
1,143
2,137
1,102
1,246
1,148
1,198
2,152
2,176
2,133
2,204
2,120
2,239
2,120
2,142
2,249
2,162
1,107
1,176
2,147
2,130
1,245
2,100
1,227
1,170
2,220
2,117
1,135
1,178
1,205
2,185
1,230
1,125
2,132
2,183
2,71
1,177
2,182
1,203
1,206
1,129
2,143
1,89
2,145
1,156
1,250
2,164
2,154
2,164
2,149
2,120
2,161
1,194
2,189
2,159
1,191
2,181
2,94
1,150
1,177
2,152
1,106
1,125
2,237
1,184
1,155
2,136
1,95
1,120
1,187
2,92
2,163
2,146
1,232
1,148
2,205
1,119
2,178
2,168
1,130
2,91
1,182
1,204
1,180
1,164
1,129
2,196
1,134
1,91
2,154
1,231
2,171
2,86
2,137
1,125
1,111
2,143
1,170
1,83
1,144
1,146
2,205
2,207
1,138
1,155
1,142
1,241
1,95
1,139
1,159
2,127
1,164
1,155
2,233
1,182
2,139
2,126
2,91
1,141
2,135
1,162
2,104
2,190
1,181
2,175
2,153
1,159
2,224
1,127
1,187
1,75
2,147
2,124
2,99
2,197
1,86
2,149
2,174
1,158
2,200
1,145
1,113
2,90
2,152
2,153
1,120
2,159
1,178
1,82
1,85
1,233
2,200
1,116
2,191
1,131
2,193
1,158
1,144
1,246
2,191
2,142
2,218
2,182
2,151
2,174
2,122
2,126
2,162
2,131
1,121
1,142
1,125
1,191
2,173
1,786
2,181
1,182
2,141
1,236
1,181
2,178
2,156
2,133
2,111
2,146
2,151
1,152
1,137
2,61
2,148
2,188
2,101
1,123
1,192
1,174
1,179
2,145
1,101
1,141
2,140
2,253
2,134
2,194
2,205
2,204
1,109
1,187
1,152
2,146
1,139
1,73
2,217
1,156
1,148
1,150
2,113
2,170
2,151
1,187
2,146
1,236
1,323
2,161
2,167
1,178
2,220
2,160
2,156
2,134
2,105
1,201
2,193
1,150
2,217
1,185
2,142
1,171
2,119
2,247
1,160
2,140
1,86
2,87
2,220
1,256
1,230
1,181
1,192
1,115
2,183
1,183
2,76
1,168
1,203
1,206
2,169
1,147
1,169
2,125
1,102
1,128
1,118
2,168
1,178
1,100
1,168
2,107
2,175
1,205
1,119
2,161
2,113
1,101
1,149
1,117
1,154
2,258
2,144
2,149
1,156
1,126
2,191
1,232
1,127
2,178
1,187
1,149
2,253
1,124
1,187
2,148
2,142
1,182
1,160
2,168
1,161
1,98
1,90
1,201
2,206
1,119
2,192
1,129
2,196
2,181
1,201
1,175
1,172
2,114
2,133
1,168
2,106
2,187
2,139
1,196
2,92
2,225
1,160
1,136
2,198
1,173
2,99
2,107
2,132
2,110
1,218
1,187
1,157
2,114
2,120
1,149
1,188
1,149
2,379
1,152
2,170
1,122
1,174
1,122
2,176
1,136
2,168
2,98
2,174
1,351
1,205
2,221
2,209
2,162
2,168
2,183
2,166
2,148
2,107
1,154
1,155
2,164
1,184
2,116
1,108
1,199
2,153
1,151
2,161
1,86
2,194
1,190
2,145
1,196
1,144
1,244
2,171
1,189
2,114
2,109
2,121
1,179
2,119
1,163
2,250
2,160
2,138
1,144
1,177
1,188
1,130
2,231
1,97
2,168
2,141
2,88
1,54
2,165
2,95
2,102
2,118
2,151
2,203
2,203
2,135
1,88
1,133
2,191
1,166
1,120
2,244
1,170
2,145
2,63
1,125
1,122
1,218
2,134
2,233
2,214
1,144
1,134
1,171
1,162
2,129
2,165
2,169
1,180
1,113
2,170
2,160
2,140
2,154
1,234
1,93
2,111
1,189
2,95
1,220
2,163
2,142
1,178
1,157
2,172
2,183
2,105
2,134
2,167
2,189
1,117
2,129
2,120
2,161
2,190
0,1000
1,139
1,138
2,95
2,211
2,176
2,116
1,212
2,119
1,189
2,164
1,173
2,146
2,170
1,184
2,179
2,82
2,146
2,93
1,110
2,101
2,128
2,132
1,164
1,156
1,218
1,212
1,159
2,239
2,211
1,122
2,180
1,272
1,210
1,177
2,204
2,130
1,136
2,268
2,185
1,227
2,98
1,133
1,188
1,232
1,102
2,157
1,205
1,140
1,176
1,177
2,143
1,116
2,157
2,253
1,255
2,150
1,122
2,184
2,84
1,164
2,125
2,285
1,123
2,129
2,160
2,206
1,159
2,164
1,265
1,161
2,122
2,213
2,191
1,180
2,113
1,87
1,126
1,200
1,107
1,202
2,99
1,289
2,139
2,121
2,165
2,229
1,244
2,198
2,136
2,105
2,181
2,162
1,136
2,176
1,163
1,119
2,171
1,134
1,135
2,140
1,163
1,98
2,88
2,128
2,119
1,143
1,173
1,132
1,114
1,165
2,203
2,211
1,118
1,168
1,142
1,148
2,174
1,129
1,164
2,145
2,117
1,151
1,153
1,169
2,121
1,151
2,189
1,256
2,158
2,107
1,118
1,100
1,93
1,137
2,148
2,138
2,142
2,189
2,150
2,194
1,191
2,107
1,200
1,221
1,194
1,146
1,119
2,166
1,185
2,160
1,114
2,145
2,194
2,237
2,114
1,109
2,191
2,130
2,83
1,97
1,145
2,81
1,170
1,143
2,162
2,157
2,151
2,156
2,162
2,120
1,130
1,127
1,99
1,215
2,132
2,208
1,204
2,156
1,208
2,130
1,180
2,133
1,150
1,203
2,124
1,150
1,140
1,106
2,147
1,181
1,145
2,204
1,134
1,187
2,161
1,130
2,108
1,164
2,221
1,209
1,155
1,133
1,145
1,211
1,177
1,157
1,95
2,120
2,93
2,210
1,150
2,173
2,136
2,183
2,185
2,208
2,218
2,71
1,143
2,119
2,197
1,183
1,222
1,128
1,198
2,214
1,187
1,159
2,141
2,119
2,211
1,171
2,172
1,143
1,149
2,168
2,226
1,218
1,143
2,135
1,178
2,232
1,145
1,260
2,188
2,193
1,156
2,119
1,187
2,185
2,141
1,73
1,128
1,114
1,177
1,224
1,164
1,105
2,104
1,113
1,131
1,177
2,90
1,103
2,134
2,247
1,179
1,166
1,201
1,184
1,97
1,102
2,162
1,121
2,173
1,167
2,164
1,85
2,131
1,127
1,154
2,165
2,205
2,129
2,117
2,184
2,135
2,150
1,166
2,277
2,171
2,130
2,325
1,154
2,94
1,154
1,128
2,122
2,62
2,151
1,118
1,130
2,148
2,126
1,148
2,140
1,183
2,133
2,106
1,175
2,131
1,145
2,147
1,107
1,208
2,142
1,123
1,104
2,147
2,107
2,173
2,87
1,223
1,85
1,143
1,134
1,138
1,138
1,212
1,210
1,130
2,216
1,183
2,137
2,120
2,145
1,182
1,139
1,178
1,115
2,169
1,223
1,187
1,194
1,130
2,132
2,204
1,113
1,158
1,279
1,180
1,199
2,93
1,105
2,149
1,111
2,154
1,150
1,85
2,111
2,524
2,96
2,108
1,153
2,148
1,106
1,143
2,150
1,137
1,181
1,152
2,171
2,79
2,115
1,107
2,151
1,189
2,111
2,90
1,182
2,192
1,213
1,92
1,102
2,208
1,129
1,133
2,132
1,160
2,123
2,196
1,101
1,94
2,129
2,164
1,172
1,145
1,128
1,140
2,217
2,192
2,193
2,222
1,184
2,280
1,156
1,157
2,118
2,125
2,124
1,167
2,144
2,166
1,240
1,186
2,162
2,146
2,105
2,133
1,156
1,151
2,101
2,226
2,97
2,138
2,157
1,139
1,150
2,144
1,187
2,174
1,173
1,140
1,165
2,204
1,188
1,224
2,156
2,193
2,113
1,123
1,160
1,150
1,138
1,158
2,133
1,90
1,127
1,129
2,134
2,215
2,191
2,160
2,175
1,190
1,101
2,138
1,236
2,159
2,190
2,131
1,161
1,149
1,98
1,150
1,109
2,196
1,176
2,166
1,136
1,252
1,148
1,158
1,155
1,90
2,121
1,193
1,156
2,161
2,192
1,95
1,96
1,210
1,105
2,91
1,138
1,131
1,169
2,193
2,210
1,91
1,180
2,101
2,109
2,128
1,163
1,191
1,164
1,203
1,99
2,81
2,132
2,116
1,96
1,194
1,190
1,204
2,185
1,180
1,131
1,187
1,208
1,180
2,131
1,145
2,100
1,79
1,122
1,114
2,158
2,174
1,129
1,188
1,116
1,128
1,110
1,178
1,188
2,148
2,263
1,116
1,158
2,183
2,228
1,119
1,189
2,149
2,181
1,175
2,224
2,167
2,116
2,129
1,205
1,146
2,114
1,224
2,168
2,203
1,159
2,212
1,166
1,206
1,125
2,118
1,172
1,170
1,135
1,221
2,148
1,106
1,144
2,154
2,136
2,200
1,183
2,170
2,120
2,210
1,94
1,186
2,246
2,130
1,184
2,192
1,255
1,149
1,141
2,137
2,217
2,229
1,77
2,124
2,220
1,207
1,106
2,161
1,152
1,235
2,167
1,198
1,179
1,127
1,187
2,227
1,110
0,1000
2,128
2,111
2,170
2,130
2,170
2,216
1,194
1,148
2,210
1,221
2,167
1,177
1,139
2,153
1,166
1,171
1,158
2,132
2,173
2,130
1,192
1,287
1,173
2,116
2,182
1,175
1,139
1,141
2,136
1,229
2,145
2,122
2,193
1,194
2,141
2,103
1,138
1,163
2,170
1,172
1,166
2,97
2,132
2,167
1,188
2,226
2,168
2,153
2,199
1,133
1,166
1,169
1,98
2,160
1,108
1,138
2,184
2,135
2,108
1,184
2,179
1,183
2,152
1,197
1,205
2,258
2,206
2,134
1,113
2,131
2,181
2,101
1,191
2,146
1,161
1,263
1,129
1,91
1,252
1,182
1,138
1,135
1,153
1,181
2,209
2,156
1,92
2,93
2,67
2,203
1,134
1,109
2,149
2,94
1,134
2,163
1,215
1,161
2,136
2,140
1,157
2,114
2,272
1,151
1,171
1,175
1,237
2,196
1,157
1,148
2,105
1,159
1,118
1,146
2,130
1,179
2,217
1,177
2,133
2,223
2,84
2,125
1,253
1,138
1,162
2,196
2,189
1,169
2,215
1,54
1,154
1,131
2,241
1,234
2,200
1,134
2,116
1,104
1,132
2,99
2,178
2,114
1,114
2,135
2,118
1,349
1,135
1,155
1,178
1,193
1,184
2,139
2,223
2,209
1,199
1,218
2,139
2,171
2,188
2,109
1,147
2,224
2,211
2,85
2,119
2,229
1,194
1,193
2,99
2,147
2,182
2,115
1,100
2,217
1,170
1,98
2,179
1,89
2,141
2,131
2,72
1,168
1,149
1,82
1,148
1,131
2,107
2,127
1,215
1,173
2,134
1,144
2,162
2,167
2,150
1,137
1,149
2,100
1,162
2,166
1,132
1,194
1,160
2,120
1,141
2,113
1,117
2,86
1,111
1,170
2,110
2,185
1,89
1,90
2,161
2,123
2,191
1,117
2,96
2,104
1,144
1,173
1,240
1,154
1,189
2,225
2,125
1,140
2,130
1,87
2,174
2,173
1,63
2,181
1,394
1,175
1,133
1,160
2,134
2,149
1,157
1,197
1,177
1,164
1,198
1,114
2,153
1,177
2,152
1,128
1,142
2,123
1,100
1,119
2,162
2,171
1,212
1,220
1,183
2,104
1,134
1,163
1,118
1,180
1,115
2,96
2,136
2,64
1,151
1,159
1,94
2,126
2,82
2,167
1,187
2,176
1,126
1,113
2,77
1,200
1,170
1,186
2,82
1,104
1,178
2,132
1,126
1,163
1,189
2,164
2,254
2,93
2,172
1,93
1,119
2,168
2,178
1,112
2,173
2,227
2,135
2,193
1,221
1,132
1,152
2,262
2,136
1,133
1,194
2,182
1,160
1,87
1,234
1,213
1,167
1,103
2,104
1,121
2,120
2,130
1,177
2,117
2,91
1,123
2,211
2,166
2,111
2,197
2,382
2,146
1,105
1,148
1,173
1,136
2,130
1,109
2,174
1,216
2,106
2,136
2,110
1,212
2,167
1,179
1,155
2,165
1,125
1,184
2,146
1,135
1,142
1,238
1,186
1,175
1,167
1,143
1,118
2,111
2,107
2,136
1,200
2,141
2,191
2,90
1,164
1,175
1,281
1,198
2,218
1,124
2,172
1,172
1,159
2,177
2,174
2,138
1,139
2,177
2,114
2,208
2,151
1,141
1,156
2,163
2,221
2,143
2,196
1,186
1,157
1,186
2,113
1,100
2,115
2,158
1,167
2,232
1,164
1,268
1,150
2,145
1,156
2,145
1,149
2,80
1,108
1,88
1,139
2,117
2,85
2,111
1,123
2,179
2,102
2,125
1,158
1,236
1,140
2,170
1,163
2,118
2,156
1,94
2,195
2,156
2,185
2,104
2,119
1,184
2,58
2,137
2,131
2,200
2,166
2,228
2,173
1,157
1,213
1,242
1,150
2,174
2,80
2,107
0,1000
1,203
2,188
2,122
1,174
2,126
1,111
1,120
2,162
1,99
1,144
1,152
2,177
1,256
2,118
1,126
1,157
2,169
2,193
2,148
1,220
1,166
2,170
1,192
1,166
1,223
1,207
1,156
2,221
2,239
1,204
1,163
1,211
2,123
1,110
2,111
1,151
1,247
2,224
2,137
2,129
1,190
1,142
1,200
1,125
2,210
2,148
2,200
1,155
1,176
1,117
2,186
2,156
1,119
1,258
2,270
1,209
1,133
2,118
2,117
2,136
1,95
2,170
1,174
2,109
1,82
2,201
2,151
2,213
2,194
2,107
2,164
1,103
1,136
1,139
1,98
1,117
1,90
2,112
2,182
1,158
2,130
1,116
2,213
1,113
1,113
2,245
2,158
2,207
2,119
1,118
1,153
1,134
2,159
1,149
2,204
1,283
2,169
2,146
2,170
2,140
1,206
1,118
2,132
1,142
1,119
1,220
2,184
1,143
1,213
2,184
2,160
2,220
2,174
2,171
2,182
2,232
2,73
2,119
1,129
1,154
1,212
1,95
2,191
1,188
2,161
1,135
2,77
1,168
2,122
2,153
2,186
2,97
1,205
1,151
1,147
2,114
2,211
1,186
2,189
1,133
1,146
2,126
1,132
1,179
2,121
1,207
1,110
1,250
1,88
2,182
1,272
2,109
1,146
2,173
2,118
1,222
1,228
2,167
1,209
2,152
1,111
1,160
2,133
2,83
2,209
1,103
1,203
2,166
2,148
1,170
2,128
1,156
1,292
1,112
1,131
1,202
2,225
2,92
2,123
1,215
1,119
1,144
1,182
1,140
1,170
1,281
2,146
1,140
1,199
2,189
1,75
1,244
2,134
2,119
1,118
1,168
1,128
2,100
2,154
2,150
2,103
1,172
2,170
1,191
2,204
2,140
2,152
1,214
2,181
2,135
2,158
1,108
1,172
1,118
1,136
2,181
1,155
1,186
2,176
1,215
2,214
1,219
2,162
2,172
1,127
2,183
1,209
2,95
1,188
1,135
2,203
2,59
1,185
2,145
2,84
1,83
1,218
2,138
1,97
1,119
1,119
2,213
2,176
2,179
2,184
2,119
1,134
2,92
1,127
1,146
1,217
2,138
2,82
2,90
2,224
2,189
1,168
2,135
2,94
1,151
2,187
2,169
1,206
1,108
1,123
2,140
1,125
1,171
2,145
2,95
1,180
1,149
2,204
2,132
2,91
2,144
2,138
1,199
1,248
2,132
2,209
2,155
1,138
1,148
2,133
2,161
2,225
1,175
2,166
2,125
1,170
2,90
1,169
1,91
1,251
2,110
2,211
2,140
1,105
2,170
2,148
2,100
2,166
1,163
1,98
1,152
1,192
1,77
1,174
1,180
1,164
2,168
1,153
1,182
1,112
1,123
2,151
1,126
1,158
1,181
2,98
2,93
2,159
2,171
2,116
1,160
2,186
1,195
2,205
2,132
2,216
1,74
2,206
1,143
1,219
1,219
2,102
2,232
1,176
2,231
2,151
1,157
1,157
1,170
1,180
1,197
2,148
1,151
1,156
2,109
1,166
2,126
2,87
1,147
2,159
1,117
2,92
1,151
1,135
2,141
2,108
2,150
2,127
2,183
2,128
2,105
1,151
2,214
2,141
1,228
1,144
2,119
2,150
1,140
1,178
1,154
1,165
1,135
1,103
2,101
1,110
2,117
2,138
1,184
2,144
1,166
1,125
2,166
2,169
2,149
1,154
1,117
2,128
1,96
2,160
2,130
2,140
1,126
2,132
2,86
2,115
1,144
2,170
1,216
1,241
2,118
2,196
2,172
1,152
1,140
2,155
1,87
1,181
1,92
2,242
1,103
1,142
2,120
2,108
2,198
2,138
1,170
2,202
2,135
1,88
2,146
1,140
1,121
2,85
2,236
1,128
2,84
2,152
1,150
1,222
1,164
1,166
1,109
1,217
1,103
2,172
1,241
1,149
1,117
1,188
2,116
1,119
2,196
2,180
2,102
2,141
1,173
1,236
1,156
2,151
1,122
1,154
2,120
1,240
2,233
1,111
1,89
2,96
1,142
1,156
2,166
1,198
2,230
2,134
1,168
1,137
2,117
1,135
1,154
2,112
2,120
1,136
1,143
1,188
1,184
1,99
2,131
2,179
1,140
1,150
2,180
1,209
1,95
1,148
1,176
1,118
1,194
2,216
1,137
1,147
1,194
1,172
2,89
1,126
1,133
1,121
2,180
1,119
2,109
1,206
1,214
1,181
1,56
1,149
1,132
2,199
2,151
2,193
2,135
2,231
2,191
1,171
2,106
1,218
1,128
2,101
2,189
2,147
2,106
1,132
1,101
1,138
1,159
1,250
1,120
1,142
1,211
1,152
1,120
1,204
1,210
2,124
1,87
2,179
2,184
2,163
1,108
2,211
2,97
1,121
2,185
2,135
2,146
2,163
1,122
1,111
1,78
1,169
1,120
1,182
2,123
1,96
2,179
2,182
1,94
2,67
1,285
2,95
2,166
1,95
2,125
2,155
1,218
1,149
1,169
2,225
2,168
1,122
2,140
1,181
1,230
2,190
2,175
1,80
2,128
2,161
1,66
2,153
2,125
1,221
1,144
2,113
2,168
2,171
2,148
2,159
2,135
1,119
1,196
1,130
1,208
1,174
1,156
1,238
1,161
1,236
2,197
2,143
1,107
1,147
2,160
1,101
2,122
1,182
1,153
1,163
1,97
2,148
1,174
2,78
2,142
2,164
1,149
2,140
2,105
2,117
2,176
1,193
2,143
2,163
2,199
2,200
1,118
2,226
1,173
2,168
1,152
2,166
2,165
1,174
2,162
1,132
2,184
2,177
1,145
1,189
1,108
1,195
2,76
1,109
1,210
1,179
2,156
1,162
2,175
2,158
1,135
2,159
2,142
1,101
1,164
1,112
1,100
1,170
2,195
2,152
1,186
1,115
2,146
2,282
2,131
1,77
1,123
2,118
1,151
2,194
1,191
1,172
2,122
2,179
1,108
2,211
2,94
1,160
1,200
2,74
1,100
2,174
2,148
2,144
1,216
2,143
1,166
1,131
1,172
1,147
1,351
1,232
1,118
2,217
1,216
1,249
2,155
2,218
1,147
2,173
1,218
2,88
2,120
1,152
1,211
1,226
1,148
1,126
1,200
1,200
1,214
1,160
1,128
1,152
1,187
2,96
1,104
2,131
2,149
1,181
1,127
2,143
2,135
1,160
1,123
1,197
2,165
1,153
1,181
2,243
1,146
2,97
1,116
1,211
1,147
2,198
1,147
1,89
1,94
1,150
2,151
2,243
2,214
1,208
2,185
2,174
1,160
2,209
2,122
1,156
2,142
2,178
1,120
2,146
1,134
1,192
1,128
1,140
1,124
1,199
1,80
1,122
2,249
2,204
1,201
1,161
1,166
2,197
1,90
1,68
2,139
2,171
2,99
2,124
1,204
2,174
1,160
2,228
1,146
1,113
2,182
2,189
2,189
1,213
1,123
1,162
2,282
2,166
1,160
1,159
2,136
1,155
1,156
2,114
2,143
1,89
2,111
1,189
2,125
2,148
2,135
2,155
1,174
1,151
2,128
2,89
1,127
1,192
2,123
